Synthesis Analysis & Elaboration Stage Report for top
Tue Oct 28 04:19:26 2025
Quartus Prime Version 25.3.0 Build 109 09/24/2025 SC Pro Edition


---------------------
; Table of Contents ;
---------------------
  1. Legal Notice
  2. Source Assignments for User Entity sys_pll_altera_iopll_2100_t2lzfza Instance: sys_pll_inst|iopll_0
  3. Source Assignments for User Entity altera_reset_controller Instance: qsys_top_0|rst_controller
  4. Source Assignments for User Entity altera_reset_controller_1 Instance: qsys_top_0|rst_controller_001
  5. Source Assignments for User Entity altera_avalon_jtag_uart Instance: qsys_top_0|sys_jtag_uart|sys_jtag_uart
  6. Ignored Source Level Assignments for User Entity altera_avalon_jtag_uart Instance: qsys_top_0|sys_jtag_uart|sys_jtag_uart
  7. Ignored Source Level Assignments for User Entity qsys_top_pio_0_altera_avalon_pio_1924_rffag2a Instance: qsys_top_0|sys_led_pio|pio_0
  8. Source Assignments for User Entity altera_avalon_sysid_qsys Instance: qsys_top_0|sys_sysid|sys_sysid
  9. Ignored Source Level Assignments for User Entity altera_avalon_sysid_qsys Instance: qsys_top_0|sys_sysid|sys_sysid
 10. Source Assignments for User Entity qsys_top_altera_merlin_demultiplexer_1921_v3cratq Instance: qsys_top_0|mm_interconnect_0|cmd_demux_001
 11. Source Assignments for User Entity qsys_top_altera_merlin_demultiplexer_1921_z6z6zmi Instance: qsys_top_0|mm_interconnect_0|cmd_demux_009
 12. Source Assignments for User Entity qsys_top_altera_merlin_demultiplexer_1921_44dazla Instance: qsys_top_0|mm_interconnect_0|rsp_demux_011
 13. Source Assignments for User Entity qsys_top_altera_merlin_demultiplexer_1921_pjloaly Instance: qsys_top_0|mm_interconnect_0|rsp_demux_005
 14. Source Assignments for User Entity qsys_top_altera_merlin_demultiplexer_1921_diegjbq Instance: qsys_top_0|mm_interconnect_0|rsp_demux_008
 15. Source Assignments for User Entity qsys_top_altera_merlin_demultiplexer_1921_ahyut4y Instance: qsys_top_0|mm_interconnect_0|rsp_demux_009
 16. Source Assignments for User Entity altera_reset_synchronizer Instance: qsys_top_0|rst_controller|alt_rst_sync_uq1
 17. Source Assignments for User Entity altera_reset_synchronizer_1 Instance: qsys_top_0|rst_controller_001|alt_rst_req_sync_uq1
 18. Source Assignments for User Entity altera_reset_synchronizer_2 Instance: qsys_top_0|rst_controller_001|alt_rst_sync_uq1
 19. Source Assignments for User Entity qsys_top_intel_niosv_g_0_intel_niosv_g_unit_400_25ilc6y Instance: qsys_top_0|intel_niosv_g_0|intel_niosv_g_0|hart
 20. Ignored Source Level Assignments for User Entity altera_avalon_jtag_uart_scfifo_w Instance: qsys_top_0|sys_jtag_uart|sys_jtag_uart|altera_avalon_jtag_uart_scfifo_w
 21. Ignored Source Level Assignments for User Entity altera_avalon_jtag_uart_scfifo_r Instance: qsys_top_0|sys_jtag_uart|sys_jtag_uart|altera_avalon_jtag_uart_scfifo_r
 22. Ignored Source Level Assignments for User Entity dispatcher Instance: qsys_top_0|sys_tse_msgdma_rx|msgdma_1|dispatcher_internal
 23. Source Assignments for User Entity write_master Instance: qsys_top_0|sys_tse_msgdma_rx|msgdma_1|write_mstr_internal
 24. Ignored Source Level Assignments for User Entity write_master Instance: qsys_top_0|sys_tse_msgdma_rx|msgdma_1|write_mstr_internal
 25. Ignored Source Level Assignments for User Entity dispatcher_1 Instance: qsys_top_0|sys_tse_msgdma_tx|sys_tse_msgdma_tx|dispatcher_internal
 26. Source Assignments for User Entity read_master Instance: qsys_top_0|sys_tse_msgdma_tx|sys_tse_msgdma_tx|read_mstr_internal
 27. Ignored Source Level Assignments for User Entity read_master Instance: qsys_top_0|sys_tse_msgdma_tx|sys_tse_msgdma_tx|read_mstr_internal
 28. Ignored Source Level Assignments for User Entity descriptor_buffers Instance: qsys_top_0|sys_tse_msgdma_rx|msgdma_1|dispatcher_internal|the_descriptor_buffers
 29. Ignored Source Level Assignments for User Entity csr_block Instance: qsys_top_0|sys_tse_msgdma_rx|msgdma_1|dispatcher_internal|the_csr_block
 30. Source Assignments for User Entity response_block Instance: qsys_top_0|sys_tse_msgdma_tx|sys_tse_msgdma_tx|dispatcher_internal|the_response_block
 31. Ignored Source Level Assignments for User Entity response_block Instance: qsys_top_0|sys_tse_msgdma_tx|sys_tse_msgdma_tx|dispatcher_internal|the_response_block
 32. Source Assignments for User Entity altera_msgdma_prefetcher_fifo Instance: qsys_top_0|sys_tse_msgdma_rx|msgdma_1|prefetcher_internal|u_prefetcher_fifo
 33. Ignored Source Level Assignments for User Entity ST_to_MM_Adapter Instance: qsys_top_0|sys_tse_msgdma_rx|msgdma_1|write_mstr_internal|the_ST_to_MM_Adapter
 34. Ignored Source Level Assignments for User Entity byte_enable_generator Instance: qsys_top_0|sys_tse_msgdma_rx|msgdma_1|write_mstr_internal|the_byte_enable_generator
 35. Ignored Source Level Assignments for User Entity write_burst_control Instance: qsys_top_0|sys_tse_msgdma_rx|msgdma_1|write_mstr_internal|the_write_burst_control
 36. Ignored Source Level Assignments for User Entity descriptor_buffers_1 Instance: qsys_top_0|sys_tse_msgdma_tx|sys_tse_msgdma_tx|dispatcher_internal|the_descriptor_buffers
 37. Ignored Source Level Assignments for User Entity csr_block_1 Instance: qsys_top_0|sys_tse_msgdma_tx|sys_tse_msgdma_tx|dispatcher_internal|the_csr_block
 38. Ignored Source Level Assignments for User Entity MM_to_ST_Adapter Instance: qsys_top_0|sys_tse_msgdma_tx|sys_tse_msgdma_tx|read_mstr_internal|the_MM_to_ST_adapter
 39. Ignored Source Level Assignments for User Entity read_burst_control Instance: qsys_top_0|sys_tse_msgdma_tx|sys_tse_msgdma_tx|read_mstr_internal|the_read_burst_control
 40. Ignored Source Level Assignments for User Entity write_signal_breakout Instance: qsys_top_0|sys_tse_msgdma_tx|sys_tse_msgdma_tx|dispatcher_internal|the_descriptor_buffers|the_write_signal_breakout
 41. Ignored Source Level Assignments for User Entity read_signal_breakout Instance: qsys_top_0|sys_tse_msgdma_tx|sys_tse_msgdma_tx|dispatcher_internal|the_descriptor_buffers|the_read_signal_breakout
 42. Source Assignments for User Entity fifo_with_byteenables Instance: qsys_top_0|sys_tse_msgdma_tx|sys_tse_msgdma_tx|dispatcher_internal|the_descriptor_buffers|the_write_command_FIFO
 43. Ignored Source Level Assignments for User Entity fifo_with_byteenables Instance: qsys_top_0|sys_tse_msgdma_tx|sys_tse_msgdma_tx|dispatcher_internal|the_descriptor_buffers|the_write_command_FIFO
 44. Parameter Settings for User Entity altsource_probe_top Instance: issp_rst|in_system_sources_probes_0
 45. Parameter Settings for User Entity qsys_top_sysid_qsys_0 Instance: qsys_top_0|sys_sysid
 46. Parameter Settings for User Entity qsys_top_altera_avalon_st_adapter_1920_7pp2hqi Instance: qsys_top_0|avalon_st_adapter
 47. Parameter Settings for User Entity altera_reset_controller Instance: qsys_top_0|rst_controller
 48. Parameter Settings for User Entity altera_reset_controller_1 Instance: qsys_top_0|rst_controller_001
 49. Parameter Settings for User Entity altsource_probe Instance: issp_rst|in_system_sources_probes_0|issp_impl
 50. Parameter Settings for User Entity qsys_top_intel_onchip_memory_1_intel_onchip_memory_1410_5wi3sta Instance: qsys_top_0|sys_cpu_ram|sys_cpu_ram
 51. Parameter Settings for User Entity qsys_top_intel_onchip_memory_0_intel_onchip_memory_1410_ngoioja Instance: qsys_top_0|sys_desc_mem|sys_desc_mem
 52. Parameter Settings for User Entity altera_avalon_jtag_uart Instance: qsys_top_0|sys_jtag_uart|sys_jtag_uart
 53. Parameter Settings for User Entity altera_avalon_sysid_qsys Instance: qsys_top_0|sys_sysid|sys_sysid
 54. Parameter Settings for User Entity qsys_top_altera_merlin_axi_translator_1983_7ic4h3a Instance: qsys_top_0|mm_interconnect_0|intel_niosv_g_0_data_manager_translator
 55. Parameter Settings for User Entity qsys_top_altera_merlin_master_translator_193_lgcew2q Instance: qsys_top_0|mm_interconnect_0|sys_tse_msgdma_tx_mm_read_translator
 56. Parameter Settings for User Entity qsys_top_altera_merlin_master_translator_193_lgcew2q_1 Instance: qsys_top_0|mm_interconnect_0|sys_tse_msgdma_tx_descriptor_write_master_translator
 57. Parameter Settings for User Entity qsys_top_altera_merlin_master_translator_193_lgcew2q_2 Instance: qsys_top_0|mm_interconnect_0|sys_tse_msgdma_rx_mm_write_translator
 58. Parameter Settings for User Entity qsys_top_altera_merlin_axi_translator_1983_7ic4h3a_1 Instance: qsys_top_0|mm_interconnect_0|intel_niosv_g_0_instruction_manager_translator
 59. Parameter Settings for User Entity qsys_top_altera_merlin_slave_translator_191_xg7rzxi Instance: qsys_top_0|mm_interconnect_0|sys_jtag_uart_avalon_jtag_slave_translator
 60. Parameter Settings for User Entity qsys_top_altera_merlin_slave_translator_191_xg7rzxi_1 Instance: qsys_top_0|mm_interconnect_0|sys_tse_control_port_translator
 61. Parameter Settings for User Entity qsys_top_altera_merlin_slave_translator_191_xg7rzxi_2 Instance: qsys_top_0|mm_interconnect_0|sys_sysid_control_slave_translator
 62. Parameter Settings for User Entity qsys_top_altera_merlin_slave_translator_191_xg7rzxi_3 Instance: qsys_top_0|mm_interconnect_0|sys_tse_msgdma_tx_csr_translator
 63. Parameter Settings for User Entity qsys_top_altera_merlin_slave_translator_191_xg7rzxi_4 Instance: qsys_top_0|mm_interconnect_0|intel_niosv_g_0_dm_agent_translator
 64. Parameter Settings for User Entity qsys_top_altera_merlin_slave_translator_191_xg7rzxi_5 Instance: qsys_top_0|mm_interconnect_0|sys_tse_msgdma_tx_prefetcher_csr_translator
 65. Parameter Settings for User Entity qsys_top_altera_merlin_slave_translator_191_xg7rzxi_6 Instance: qsys_top_0|mm_interconnect_0|sys_cpu_ram_s1_translator
 66. Parameter Settings for User Entity qsys_top_altera_merlin_slave_translator_191_xg7rzxi_7 Instance: qsys_top_0|mm_interconnect_0|sys_desc_mem_s1_translator
 67. Parameter Settings for User Entity qsys_top_altera_merlin_slave_translator_191_xg7rzxi_8 Instance: qsys_top_0|mm_interconnect_0|sys_led_pio_s1_translator
 68. Parameter Settings for User Entity qsys_top_altera_merlin_slave_translator_191_xg7rzxi_9 Instance: qsys_top_0|mm_interconnect_0|intel_niosv_g_0_timer_sw_agent_translator
 69. Parameter Settings for User Entity qsys_top_altera_merlin_axi_master_ni_19113_puqzalq Instance: qsys_top_0|mm_interconnect_0|intel_niosv_g_0_data_manager_agent
 70. Parameter Settings for User Entity qsys_top_altera_merlin_master_agent_1940_r3ep6da Instance: qsys_top_0|mm_interconnect_0|sys_tse_msgdma_rx_descriptor_read_master_agent
 71. Parameter Settings for User Entity qsys_top_altera_merlin_master_agent_1940_r3ep6da_1 Instance: qsys_top_0|mm_interconnect_0|sys_tse_msgdma_tx_descriptor_read_master_agent
 72. Parameter Settings for User Entity qsys_top_altera_merlin_master_agent_1940_r3ep6da_2 Instance: qsys_top_0|mm_interconnect_0|sys_tse_msgdma_rx_descriptor_write_master_agent
 73. Parameter Settings for User Entity qsys_top_altera_merlin_master_agent_1940_r3ep6da_3 Instance: qsys_top_0|mm_interconnect_0|sys_tse_msgdma_tx_descriptor_write_master_agent
 74. Parameter Settings for User Entity qsys_top_altera_merlin_master_agent_1940_r3ep6da_4 Instance: qsys_top_0|mm_interconnect_0|sys_tse_msgdma_tx_mm_read_agent
 75. Parameter Settings for User Entity qsys_top_altera_merlin_master_agent_1940_r3ep6da_5 Instance: qsys_top_0|mm_interconnect_0|sys_tse_msgdma_rx_mm_write_agent
 76. Parameter Settings for User Entity qsys_top_altera_merlin_axi_master_ni_19113_puqzalq_1 Instance: qsys_top_0|mm_interconnect_0|intel_niosv_g_0_instruction_manager_agent
 77. Parameter Settings for User Entity qsys_top_altera_merlin_slave_agent_1930_jxauz3i Instance: qsys_top_0|mm_interconnect_0|intel_niosv_g_0_timer_sw_agent_agent
 78. Parameter Settings for User Entity qsys_top_altera_avalon_sc_fifo_1932_22gxxgi Instance: qsys_top_0|mm_interconnect_0|intel_niosv_g_0_timer_sw_agent_agent_rsp_fifo
 79. Parameter Settings for User Entity qsys_top_altera_avalon_sc_fifo_1932_22gxxgi_1 Instance: qsys_top_0|mm_interconnect_0|intel_niosv_g_0_timer_sw_agent_agent_rdata_fifo
 80. Parameter Settings for User Entity qsys_top_altera_avalon_sc_fifo_1932_22gxxgi_2 Instance: qsys_top_0|mm_interconnect_0|intel_niosv_g_0_dm_agent_agent_rsp_fifo
 81. Parameter Settings for User Entity qsys_top_altera_avalon_sc_fifo_1932_22gxxgi_3 Instance: qsys_top_0|mm_interconnect_0|intel_niosv_g_0_dm_agent_agent_rdata_fifo
 82. Parameter Settings for User Entity qsys_top_altera_merlin_traffic_limiter_1921_ihobvti Instance: qsys_top_0|mm_interconnect_0|sys_tse_msgdma_tx_mm_read_limiter
 83. Parameter Settings for User Entity qsys_top_altera_merlin_traffic_limiter_1921_5pm4apa Instance: qsys_top_0|mm_interconnect_0|intel_niosv_g_0_instruction_manager_rd_limiter
 84. Parameter Settings for User Entity qsys_top_altera_merlin_burst_adapter_1940_jaal53a Instance: qsys_top_0|mm_interconnect_0|intel_niosv_g_0_timer_sw_agent_burst_adapter
 85. Parameter Settings for User Entity qsys_top_timing_adapter_1950_4blnw3y Instance: qsys_top_0|avalon_st_adapter|timing_adapter_0
 86. Parameter Settings for User Entity altera_reset_synchronizer Instance: qsys_top_0|rst_controller|alt_rst_sync_uq1
 87. Parameter Settings for User Entity altera_reset_synchronizer_1 Instance: qsys_top_0|rst_controller_001|alt_rst_req_sync_uq1
 88. Parameter Settings for User Entity altera_reset_synchronizer_2 Instance: qsys_top_0|rst_controller_001|alt_rst_sync_uq1
 89. Parameter Settings for User Entity qsys_top_intel_niosv_g_0_intel_niosv_g_unit_400_25ilc6y Instance: qsys_top_0|intel_niosv_g_0|intel_niosv_g_0|hart
 90. Parameter Settings for User Entity altera_syncram Instance: qsys_top_0|sys_cpu_ram|sys_cpu_ram|altera_syncram_component
 91. Parameter Settings for User Entity altera_syncram_1 Instance: qsys_top_0|sys_desc_mem|sys_desc_mem|altera_syncram_component
 92. Parameter Settings for User Entity altera_avalon_jtag_uart_scfifo_w Instance: qsys_top_0|sys_jtag_uart|sys_jtag_uart|altera_avalon_jtag_uart_scfifo_w
 93. Parameter Settings for User Entity altera_avalon_jtag_uart_scfifo_r Instance: qsys_top_0|sys_jtag_uart|sys_jtag_uart|altera_avalon_jtag_uart_scfifo_r
 94. Parameter Settings for User Entity dispatcher Instance: qsys_top_0|sys_tse_msgdma_rx|msgdma_1|dispatcher_internal
 95. Parameter Settings for User Entity altera_msgdma_prefetcher Instance: qsys_top_0|sys_tse_msgdma_rx|msgdma_1|prefetcher_internal
 96. Parameter Settings for User Entity write_master Instance: qsys_top_0|sys_tse_msgdma_rx|msgdma_1|write_mstr_internal
 97. Parameter Settings for User Entity dispatcher_1 Instance: qsys_top_0|sys_tse_msgdma_tx|sys_tse_msgdma_tx|dispatcher_internal
 98. Parameter Settings for User Entity read_master Instance: qsys_top_0|sys_tse_msgdma_tx|sys_tse_msgdma_tx|read_mstr_internal
 99. Parameter Settings for User Entity altera_merlin_address_alignment Instance: qsys_top_0|mm_interconnect_0|intel_niosv_g_0_instruction_manager_agent|align_address_to_size
100. Parameter Settings for User Entity altera_merlin_burst_uncompressor Instance: qsys_top_0|mm_interconnect_0|intel_niosv_g_0_timer_sw_agent_agent|uncompressor
101. Parameter Settings for User Entity qsys_top_altera_merlin_router_1921_k42z6hy_default_decode Instance: qsys_top_0|mm_interconnect_0|router_001|the_default_decode
102. Parameter Settings for User Entity qsys_top_altera_merlin_router_1921_u2e7pmi_default_decode Instance: qsys_top_0|mm_interconnect_0|router_007|the_default_decode
103. Parameter Settings for User Entity qsys_top_altera_merlin_router_1921_rr6gq2i_default_decode Instance: qsys_top_0|mm_interconnect_0|router_009|the_default_decode
104. Parameter Settings for User Entity qsys_top_altera_merlin_router_1921_punipba_default_decode Instance: qsys_top_0|mm_interconnect_0|router_021|the_default_decode
105. Parameter Settings for User Entity qsys_top_altera_merlin_router_1921_nqooitq_default_decode Instance: qsys_top_0|mm_interconnect_0|router_015|the_default_decode
106. Parameter Settings for User Entity qsys_top_altera_merlin_router_1921_d3xlnpy_default_decode Instance: qsys_top_0|mm_interconnect_0|router_018|the_default_decode
107. Parameter Settings for User Entity qsys_top_altera_merlin_router_1921_4x3zc6y_default_decode Instance: qsys_top_0|mm_interconnect_0|router_019|the_default_decode
108. Parameter Settings for User Entity altera_merlin_burst_adapter_13_1 Instance: qsys_top_0|mm_interconnect_0|intel_niosv_g_0_timer_sw_agent_burst_adapter|altera_merlin_burst_adapter_13_1.burst_adapter
109. Parameter Settings for User Entity altera_merlin_arbitrator Instance: qsys_top_0|mm_interconnect_0|cmd_mux_011|arb
110. Parameter Settings for User Entity altera_merlin_arbitrator_1 Instance: qsys_top_0|mm_interconnect_0|cmd_mux_005|arb
111. Parameter Settings for User Entity altera_merlin_arbitrator_2 Instance: qsys_top_0|mm_interconnect_0|cmd_mux_008|arb
112. Parameter Settings for User Entity altera_merlin_arbitrator_3 Instance: qsys_top_0|mm_interconnect_0|cmd_mux_009|arb
113. Parameter Settings for User Entity altera_merlin_arbitrator_4 Instance: qsys_top_0|mm_interconnect_0|rsp_mux_001|arb
114. Parameter Settings for User Entity altera_merlin_arbitrator_5 Instance: qsys_top_0|mm_interconnect_0|rsp_mux_009|arb
115. Parameter Settings for User Entity qsys_top_timing_adapter_1950_4blnw3y_fifo Instance: qsys_top_0|avalon_st_adapter|timing_adapter_0|qsys_top_timing_adapter_1950_4blnw3y_fifo
116. Parameter Settings for User Entity niosv_g_core_qsys_top_intel_niosv_g_0_intel_niosv_g_unit_400_25ilc6y Instance: qsys_top_0|intel_niosv_g_0|intel_niosv_g_0|hart|core_inst
117. Parameter Settings for User Entity scfifo Instance: qsys_top_0|sys_jtag_uart|sys_jtag_uart|altera_avalon_jtag_uart_scfifo_w|wfifo
118. Parameter Settings for User Entity descriptor_buffers Instance: qsys_top_0|sys_tse_msgdma_rx|msgdma_1|dispatcher_internal|the_descriptor_buffers
119. Parameter Settings for User Entity csr_block Instance: qsys_top_0|sys_tse_msgdma_rx|msgdma_1|dispatcher_internal|the_csr_block
120. Parameter Settings for User Entity response_block Instance: qsys_top_0|sys_tse_msgdma_tx|sys_tse_msgdma_tx|dispatcher_internal|the_response_block
121. Parameter Settings for User Entity altera_msgdma_prefetcher_read Instance: qsys_top_0|sys_tse_msgdma_rx|msgdma_1|prefetcher_internal|u_prefetcher_read
122. Parameter Settings for User Entity altera_msgdma_prefetcher_write_back Instance: qsys_top_0|sys_tse_msgdma_rx|msgdma_1|prefetcher_internal|u_prefetcher_write_back
123. Parameter Settings for User Entity altera_msgdma_prefetcher_fifo Instance: qsys_top_0|sys_tse_msgdma_rx|msgdma_1|prefetcher_internal|u_prefetcher_fifo
124. Parameter Settings for User Entity scfifo_1 Instance: qsys_top_0|sys_tse_msgdma_rx|msgdma_1|write_mstr_internal|the_st_to_master_fifo
125. Parameter Settings for User Entity ST_to_MM_Adapter Instance: qsys_top_0|sys_tse_msgdma_rx|msgdma_1|write_mstr_internal|the_ST_to_MM_Adapter
126. Parameter Settings for User Entity byte_enable_generator Instance: qsys_top_0|sys_tse_msgdma_rx|msgdma_1|write_mstr_internal|the_byte_enable_generator
127. Parameter Settings for User Entity write_burst_control Instance: qsys_top_0|sys_tse_msgdma_rx|msgdma_1|write_mstr_internal|the_write_burst_control
128. Parameter Settings for User Entity descriptor_buffers_1 Instance: qsys_top_0|sys_tse_msgdma_tx|sys_tse_msgdma_tx|dispatcher_internal|the_descriptor_buffers
129. Parameter Settings for User Entity csr_block_1 Instance: qsys_top_0|sys_tse_msgdma_tx|sys_tse_msgdma_tx|dispatcher_internal|the_csr_block
130. Parameter Settings for User Entity MM_to_ST_Adapter Instance: qsys_top_0|sys_tse_msgdma_tx|sys_tse_msgdma_tx|read_mstr_internal|the_MM_to_ST_adapter
131. Parameter Settings for User Entity scfifo_2 Instance: qsys_top_0|sys_tse_msgdma_tx|sys_tse_msgdma_tx|read_mstr_internal|the_master_to_st_fifo
132. Parameter Settings for User Entity read_burst_control Instance: qsys_top_0|sys_tse_msgdma_tx|sys_tse_msgdma_tx|read_mstr_internal|the_read_burst_control
133. Parameter Settings for User Entity altera_merlin_address_alignment_1 Instance: qsys_top_0|mm_interconnect_0|intel_niosv_g_0_timer_sw_agent_burst_adapter|altera_merlin_burst_adapter_13_1.burst_adapter|align_address_to_size
134. Parameter Settings for User Entity altera_merlin_burst_adapter_burstwrap_increment Instance: qsys_top_0|mm_interconnect_0|intel_niosv_g_0_timer_sw_agent_burst_adapter|altera_merlin_burst_adapter_13_1.burst_adapter|the_burstwrap_increment
135. Parameter Settings for User Entity altera_merlin_burst_adapter_min Instance: qsys_top_0|mm_interconnect_0|intel_niosv_g_0_timer_sw_agent_burst_adapter|altera_merlin_burst_adapter_13_1.burst_adapter|the_min
136. Parameter Settings for User Entity altera_merlin_arb_adder Instance: qsys_top_0|mm_interconnect_0|rsp_mux_009|arb|adder
137. Parameter Settings for User Entity altera_merlin_arb_adder_1 Instance: qsys_top_0|mm_interconnect_0|cmd_mux_005|arb|adder
138. Parameter Settings for User Entity altera_merlin_arb_adder_2 Instance: qsys_top_0|mm_interconnect_0|cmd_mux_008|arb|adder
139. Parameter Settings for User Entity altera_merlin_arb_adder_3 Instance: qsys_top_0|mm_interconnect_0|cmd_mux_009|arb|adder
140. Parameter Settings for User Entity altera_merlin_arb_adder_4 Instance: qsys_top_0|mm_interconnect_0|rsp_mux_001|arb|adder
141. Parameter Settings for User Entity instr_decoder_qsys_top_intel_niosv_g_0_intel_niosv_g_unit_400_25ilc6y Instance: qsys_top_0|intel_niosv_g_0|intel_niosv_g_0|hart|core_inst|instr_decoder_inst
142. Parameter Settings for User Entity write_signal_breakout Instance: qsys_top_0|sys_tse_msgdma_tx|sys_tse_msgdma_tx|dispatcher_internal|the_descriptor_buffers|the_write_signal_breakout
143. Parameter Settings for User Entity read_signal_breakout Instance: qsys_top_0|sys_tse_msgdma_tx|sys_tse_msgdma_tx|dispatcher_internal|the_descriptor_buffers|the_read_signal_breakout
144. Parameter Settings for User Entity fifo_with_byteenables Instance: qsys_top_0|sys_tse_msgdma_tx|sys_tse_msgdma_tx|dispatcher_internal|the_descriptor_buffers|the_write_command_FIFO
145. Parameter Settings for User Entity scfifo_3 Instance: qsys_top_0|sys_tse_msgdma_tx|sys_tse_msgdma_tx|dispatcher_internal|the_response_block|the_response_FIFO
146. Parameter Settings for User Entity altsyncram Instance: qsys_top_0|sys_tse_msgdma_rx|msgdma_1|prefetcher_internal|u_prefetcher_fifo|the_dp_ram
147. Parameter Settings for User Entity altera_merlin_burst_adapter_subtractor Instance: qsys_top_0|mm_interconnect_0|intel_niosv_g_0_timer_sw_agent_burst_adapter|altera_merlin_burst_adapter_13_1.burst_adapter|the_min|dc_sub
148. Parameter Settings for User Entity altsyncram_2 Instance: qsys_top_0|sys_tse_msgdma_tx|sys_tse_msgdma_tx|dispatcher_internal|the_descriptor_buffers|the_write_command_FIFO|the_dp_ram
149. Parameter Settings for User Entity altera_merlin_burst_adapter_adder Instance: qsys_top_0|mm_interconnect_0|intel_niosv_g_0_timer_sw_agent_burst_adapter|altera_merlin_burst_adapter_13_1.burst_adapter|the_min|dc_sub|subtract
150. System Level Debug Agent Report
151. Assignments with Invalid Source or Target
152. Top Causes of Logic Optimized Away During Sweep
153. Analysis & Elaboration Messages



----------------
; Legal Notice ;
----------------
Copyright (C) 2025  Altera Corporation. All rights reserved.
Your use of Altera Corporation's design tools, logic functions 
and other software and tools, and any partner logic 
functions, and any output files from any of the foregoing 
(including device programming or simulation files), and any 
associated documentation or information are expressly subject 
to the terms and conditions of the Altera Program License 
Subscription Agreement, the Altera Quartus Prime License Agreement,
the Altera IP License Agreement, or other applicable license
agreement, including, without limitation, that your use is for
the sole purpose of programming logic devices manufactured by
Altera and sold by Altera or its authorized distributors.  Please
refer to the Altera Software License Subscription Agreements 
on the Quartus Prime software download page.



+------------------------------------------------------------------------------------------------------------------+
; Source Assignments for User Entity sys_pll_altera_iopll_2100_t2lzfza Instance: sys_pll_inst|iopll_0              ;
+-----------------------------------+-----------+------+-----------------+-----------------------------------------+
; Assignment                        ; Value     ; From ; To              ; Source Location                         ;
+-----------------------------------+-----------+------+-----------------+-----------------------------------------+
; IGNORE_LCELL_BUFFERS              ; OFF       ; -    ; gnd             ; sys_pll_altera_iopll_2100_t2lzfza.v:74  ;
; REMOVE_REDUNDANT_LOGIC_CELLS      ; OFF       ; -    ; gnd             ; sys_pll_altera_iopll_2100_t2lzfza.v:74  ;
; DESIGN_ASSISTANT_EXCLUDE          ; RES-50002 ; -    ; tennm_ph2_iopll ; sys_pll_altera_iopll_2100_t2lzfza.v:175 ;
; IMPLEMENT_AS_OUTPUT_OF_LOGIC_CELL ; ON        ; -    ; gnd             ; sys_pll_altera_iopll_2100_t2lzfza.v:74  ;
+-----------------------------------+-----------+------+-----------------+-----------------------------------------+
All Instances:
sys_pll_inst|iopll_0



+--------------------------------------------------------------------------------------------------------+
; Source Assignments for User Entity altera_reset_controller Instance: qsys_top_0|rst_controller         ;
+-------------------+-------+------+-------------------------------------+-------------------------------+
; Assignment        ; Value ; From ; To                                  ; Source Location               ;
+-------------------+-------+------+-------------------------------------+-------------------------------+
; PRESERVE_REGISTER ; ON    ; -    ; altera_reset_synchronizer_int_chain ; altera_reset_controller.v:140 ;
+-------------------+-------+------+-------------------------------------+-------------------------------+
All Instances:
qsys_top_0|rst_controller



+--------------------------------------------------------------------------------------------------------+
; Source Assignments for User Entity altera_reset_controller_1 Instance: qsys_top_0|rst_controller_001   ;
+-------------------+-------+------+-------------------------------------+-------------------------------+
; Assignment        ; Value ; From ; To                                  ; Source Location               ;
+-------------------+-------+------+-------------------------------------+-------------------------------+
; PRESERVE_REGISTER ; ON    ; -    ; altera_reset_synchronizer_int_chain ; altera_reset_controller.v:140 ;
+-------------------+-------+------+-------------------------------------+-------------------------------+
All Instances:
qsys_top_0|rst_controller_001



+-------------------------------------------------------------------------------------------------------------+
; Source Assignments for User Entity altera_avalon_jtag_uart Instance: qsys_top_0|sys_jtag_uart|sys_jtag_uart ;
+---------------------------+---------------------+------+----+-----------------------------------------------+
; Assignment                ; Value               ; From ; To ; Source Location                               ;
+---------------------------+---------------------+------+----+-----------------------------------------------+
; SUPPRESS_DA_RULE_INTERNAL ; R101,C106,D101,D103 ; -    ; -  ; altera_avalon_jtag_uart.sv:22                 ;
+---------------------------+---------------------+------+----+-----------------------------------------------+
All Instances:
qsys_top_0|sys_jtag_uart|sys_jtag_uart



+----------------------------------------------------------------------------------------------------------------------------------------------------------+
; Ignored Source Level Assignments for User Entity altera_avalon_jtag_uart Instance: qsys_top_0|sys_jtag_uart|sys_jtag_uart                                ;
+---------------+-------+----+-------------------------+---------------------------------------------------------------------------------------------------+
; Assignment    ; Value ; To ; Reason                  ; Source Location                                                                                   ;
+---------------+-------+----+-------------------------+---------------------------------------------------------------------------------------------------+
; Level1        ; 1     ; -  ; Invalid assignment name ; ip/qsys_top/qsys_top_jtag_uart_0/altera_avalon_jtag_uart_1931/synth/altera_avalon_jtag_uart.sv:19 ;
; message_level ; 1     ; -  ; Invalid assignment name ; ip/qsys_top/qsys_top_jtag_uart_0/altera_avalon_jtag_uart_1931/synth/altera_avalon_jtag_uart.sv:19 ;
+---------------+-------+----+-------------------------+---------------------------------------------------------------------------------------------------+
All Instances:
qsys_top_0|sys_jtag_uart|sys_jtag_uart



+-------------------------------------------------------------------------------------------------------------------------------------------------------------------+
; Ignored Source Level Assignments for User Entity qsys_top_pio_0_altera_avalon_pio_1924_rffag2a Instance: qsys_top_0|sys_led_pio|pio_0                             ;
+---------------+-------+----+-------------------------+------------------------------------------------------------------------------------------------------------+
; Assignment    ; Value ; To ; Reason                  ; Source Location                                                                                            ;
+---------------+-------+----+-------------------------+------------------------------------------------------------------------------------------------------------+
; Level1        ; 1     ; -  ; Invalid assignment name ; ip/qsys_top/qsys_top_pio_0/altera_avalon_pio_1924/synth/qsys_top_pio_0_altera_avalon_pio_1924_rffag2a.v:18 ;
; message_level ; 1     ; -  ; Invalid assignment name ; ip/qsys_top/qsys_top_pio_0/altera_avalon_pio_1924/synth/qsys_top_pio_0_altera_avalon_pio_1924_rffag2a.v:18 ;
+---------------+-------+----+-------------------------+------------------------------------------------------------------------------------------------------------+
All Instances:
qsys_top_0|sys_led_pio|pio_0



+------------------------------------------------------------------------------------------------------+
; Source Assignments for User Entity altera_avalon_sysid_qsys Instance: qsys_top_0|sys_sysid|sys_sysid ;
+-----------------------------------+-------+------+----------+----------------------------------------+
; Assignment                        ; Value ; From ; To       ; Source Location                        ;
+-----------------------------------+-------+------+----------+----------------------------------------+
; IMPLEMENT_AS_OUTPUT_OF_LOGIC_CELL ; ON    ; -    ; readdata ; altera_avalon_sysid_qsys.v:38          ;
; IGNORE_LCELL_BUFFERS              ; OFF   ; -    ; readdata ; altera_avalon_sysid_qsys.v:38          ;
; REMOVE_REDUNDANT_LOGIC_CELLS      ; OFF   ; -    ; readdata ; altera_avalon_sysid_qsys.v:38          ;
+-----------------------------------+-------+------+----------+----------------------------------------+
All Instances:
qsys_top_0|sys_sysid|sys_sysid



+------------------------------------------------------------------------------------------------------------------------------------------------------------+
; Ignored Source Level Assignments for User Entity altera_avalon_sysid_qsys Instance: qsys_top_0|sys_sysid|sys_sysid                                         ;
+---------------+-------+----+-------------------------+-----------------------------------------------------------------------------------------------------+
; Assignment    ; Value ; To ; Reason                  ; Source Location                                                                                     ;
+---------------+-------+----+-------------------------+-----------------------------------------------------------------------------------------------------+
; Level1        ; 1     ; -  ; Invalid assignment name ; ip/qsys_top/qsys_top_sysid_qsys_0/altera_avalon_sysid_qsys_2000/synth/altera_avalon_sysid_qsys.v:19 ;
; message_level ; 1     ; -  ; Invalid assignment name ; ip/qsys_top/qsys_top_sysid_qsys_0/altera_avalon_sysid_qsys_2000/synth/altera_avalon_sysid_qsys.v:19 ;
+---------------+-------+----+-------------------------+-----------------------------------------------------------------------------------------------------+
All Instances:
qsys_top_0|sys_sysid|sys_sysid



+-------------------------------------------------------------------------------------------------------------------------------------------+
; Source Assignments for User Entity qsys_top_altera_merlin_demultiplexer_1921_v3cratq Instance: qsys_top_0|mm_interconnect_0|cmd_demux_001 ;
+-----------------+-------+------+-------+--------------------------------------------------------------------------------------------------+
; Assignment      ; Value ; From ; To    ; Source Location                                                                                  ;
+-----------------+-------+------+-------+--------------------------------------------------------------------------------------------------+
; MESSAGE_DISABLE ; 15610 ; -    ; clk   ; qsys_top_altera_merlin_demultiplexer_1921_v3cratq.sv:147                                         ;
; MESSAGE_DISABLE ; 15610 ; -    ; reset ; qsys_top_altera_merlin_demultiplexer_1921_v3cratq.sv:149                                         ;
+-----------------+-------+------+-------+--------------------------------------------------------------------------------------------------+
All Instances:
qsys_top_0|mm_interconnect_0|cmd_demux
qsys_top_0|mm_interconnect_0|cmd_demux_001



+-------------------------------------------------------------------------------------------------------------------------------------------+
; Source Assignments for User Entity qsys_top_altera_merlin_demultiplexer_1921_z6z6zmi Instance: qsys_top_0|mm_interconnect_0|cmd_demux_009 ;
+-----------------+-------+------+-------+--------------------------------------------------------------------------------------------------+
; Assignment      ; Value ; From ; To    ; Source Location                                                                                  ;
+-----------------+-------+------+-------+--------------------------------------------------------------------------------------------------+
; MESSAGE_DISABLE ; 15610 ; -    ; clk   ; qsys_top_altera_merlin_demultiplexer_1921_z6z6zmi.sv:77                                          ;
; MESSAGE_DISABLE ; 15610 ; -    ; reset ; qsys_top_altera_merlin_demultiplexer_1921_z6z6zmi.sv:79                                          ;
+-----------------+-------+------+-------+--------------------------------------------------------------------------------------------------+
All Instances:
qsys_top_0|mm_interconnect_0|cmd_demux_002
qsys_top_0|mm_interconnect_0|cmd_demux_003
qsys_top_0|mm_interconnect_0|cmd_demux_006
qsys_top_0|mm_interconnect_0|cmd_demux_008
qsys_top_0|mm_interconnect_0|cmd_demux_009



+-------------------------------------------------------------------------------------------------------------------------------------------+
; Source Assignments for User Entity qsys_top_altera_merlin_demultiplexer_1921_44dazla Instance: qsys_top_0|mm_interconnect_0|rsp_demux_011 ;
+-----------------+-------+------+-------+--------------------------------------------------------------------------------------------------+
; Assignment      ; Value ; From ; To    ; Source Location                                                                                  ;
+-----------------+-------+------+-------+--------------------------------------------------------------------------------------------------+
; MESSAGE_DISABLE ; 15610 ; -    ; clk   ; qsys_top_altera_merlin_demultiplexer_1921_44dazla.sv:77                                          ;
; MESSAGE_DISABLE ; 15610 ; -    ; reset ; qsys_top_altera_merlin_demultiplexer_1921_44dazla.sv:79                                          ;
+-----------------+-------+------+-------+--------------------------------------------------------------------------------------------------+
All Instances:
qsys_top_0|mm_interconnect_0|cmd_demux_004
qsys_top_0|mm_interconnect_0|cmd_demux_005
qsys_top_0|mm_interconnect_0|cmd_demux_007
qsys_top_0|mm_interconnect_0|rsp_demux
qsys_top_0|mm_interconnect_0|rsp_demux_001
qsys_top_0|mm_interconnect_0|rsp_demux_002
qsys_top_0|mm_interconnect_0|rsp_demux_003
qsys_top_0|mm_interconnect_0|rsp_demux_004
qsys_top_0|mm_interconnect_0|rsp_demux_006
qsys_top_0|mm_interconnect_0|rsp_demux_007
qsys_top_0|mm_interconnect_0|rsp_demux_010
qsys_top_0|mm_interconnect_0|rsp_demux_011



+-------------------------------------------------------------------------------------------------------------------------------------------+
; Source Assignments for User Entity qsys_top_altera_merlin_demultiplexer_1921_pjloaly Instance: qsys_top_0|mm_interconnect_0|rsp_demux_005 ;
+-----------------+-------+------+-------+--------------------------------------------------------------------------------------------------+
; Assignment      ; Value ; From ; To    ; Source Location                                                                                  ;
+-----------------+-------+------+-------+--------------------------------------------------------------------------------------------------+
; MESSAGE_DISABLE ; 15610 ; -    ; clk   ; qsys_top_altera_merlin_demultiplexer_1921_pjloaly.sv:91                                          ;
; MESSAGE_DISABLE ; 15610 ; -    ; reset ; qsys_top_altera_merlin_demultiplexer_1921_pjloaly.sv:93                                          ;
+-----------------+-------+------+-------+--------------------------------------------------------------------------------------------------+
All Instances:
qsys_top_0|mm_interconnect_0|rsp_demux_005



+-------------------------------------------------------------------------------------------------------------------------------------------+
; Source Assignments for User Entity qsys_top_altera_merlin_demultiplexer_1921_diegjbq Instance: qsys_top_0|mm_interconnect_0|rsp_demux_008 ;
+-----------------+-------+------+-------+--------------------------------------------------------------------------------------------------+
; Assignment      ; Value ; From ; To    ; Source Location                                                                                  ;
+-----------------+-------+------+-------+--------------------------------------------------------------------------------------------------+
; MESSAGE_DISABLE ; 15610 ; -    ; clk   ; qsys_top_altera_merlin_demultiplexer_1921_diegjbq.sv:133                                         ;
; MESSAGE_DISABLE ; 15610 ; -    ; reset ; qsys_top_altera_merlin_demultiplexer_1921_diegjbq.sv:135                                         ;
+-----------------+-------+------+-------+--------------------------------------------------------------------------------------------------+
All Instances:
qsys_top_0|mm_interconnect_0|rsp_demux_008



+-------------------------------------------------------------------------------------------------------------------------------------------+
; Source Assignments for User Entity qsys_top_altera_merlin_demultiplexer_1921_ahyut4y Instance: qsys_top_0|mm_interconnect_0|rsp_demux_009 ;
+-----------------+-------+------+-------+--------------------------------------------------------------------------------------------------+
; Assignment      ; Value ; From ; To    ; Source Location                                                                                  ;
+-----------------+-------+------+-------+--------------------------------------------------------------------------------------------------+
; MESSAGE_DISABLE ; 15610 ; -    ; clk   ; qsys_top_altera_merlin_demultiplexer_1921_ahyut4y.sv:119                                         ;
; MESSAGE_DISABLE ; 15610 ; -    ; reset ; qsys_top_altera_merlin_demultiplexer_1921_ahyut4y.sv:121                                         ;
+-----------------+-------+------+-------+--------------------------------------------------------------------------------------------------+
All Instances:
qsys_top_0|mm_interconnect_0|rsp_demux_009



+-------------------------------------------------------------------------------------------------------------------+
; Source Assignments for User Entity altera_reset_synchronizer Instance: qsys_top_0|rst_controller|alt_rst_sync_uq1 ;
+---------------------------+-------+------+-------------------------------------+----------------------------------+
; Assignment                ; Value ; From ; To                                  ; Source Location                  ;
+---------------------------+-------+------+-------------------------------------+----------------------------------+
; SUPPRESS_DA_RULE_INTERNAL ; R101  ; -    ; reset_in                            ; altera_reset_synchronizer.v:29   ;
; PRESERVE_REGISTER         ; ON    ; -    ; altera_reset_synchronizer_int_chain ; altera_reset_synchronizer.v:47   ;
+---------------------------+-------+------+-------------------------------------+----------------------------------+
All Instances:
qsys_top_0|rst_controller|alt_rst_sync_uq1



+-----------------------------------------------------------------------------------------------------------------------------+
; Source Assignments for User Entity altera_reset_synchronizer_1 Instance: qsys_top_0|rst_controller_001|alt_rst_req_sync_uq1 ;
+---------------------------+-------+------+-------------------------------------+--------------------------------------------+
; Assignment                ; Value ; From ; To                                  ; Source Location                            ;
+---------------------------+-------+------+-------------------------------------+--------------------------------------------+
; SUPPRESS_DA_RULE_INTERNAL ; R101  ; -    ; reset_in                            ; altera_reset_synchronizer.v:29             ;
; PRESERVE_REGISTER         ; ON    ; -    ; altera_reset_synchronizer_int_chain ; altera_reset_synchronizer.v:47             ;
+---------------------------+-------+------+-------------------------------------+--------------------------------------------+
All Instances:
qsys_top_0|rst_controller|alt_rst_req_sync_uq1
qsys_top_0|rst_controller_001|alt_rst_req_sync_uq1



+-------------------------------------------------------------------------------------------------------------------------+
; Source Assignments for User Entity altera_reset_synchronizer_2 Instance: qsys_top_0|rst_controller_001|alt_rst_sync_uq1 ;
+---------------------------+-------+------+-------------------------------------+----------------------------------------+
; Assignment                ; Value ; From ; To                                  ; Source Location                        ;
+---------------------------+-------+------+-------------------------------------+----------------------------------------+
; SUPPRESS_DA_RULE_INTERNAL ; R101  ; -    ; reset_in                            ; altera_reset_synchronizer.v:29         ;
; PRESERVE_REGISTER         ; ON    ; -    ; altera_reset_synchronizer_int_chain ; altera_reset_synchronizer.v:47         ;
+---------------------------+-------+------+-------------------------------------+----------------------------------------+
All Instances:
qsys_top_0|rst_controller_001|alt_rst_sync_uq1



+------------------------------------------------------------------------------------------------------------------------------------------------------+
; Source Assignments for User Entity qsys_top_intel_niosv_g_0_intel_niosv_g_unit_400_25ilc6y Instance: qsys_top_0|intel_niosv_g_0|intel_niosv_g_0|hart ;
+-----------------------------------+-------+------+---------------+-----------------------------------------------------------------------------------+
; Assignment                        ; Value ; From ; To            ; Source Location                                                                   ;
+-----------------------------------+-------+------+---------------+-----------------------------------------------------------------------------------+
; IGNORE_LCELL_BUFFERS              ; OFF   ; -    ; rvfi_valid    ; qsys_top_intel_niosv_g_0_intel_niosv_g_unit_400_25ilc6y.sv:340                    ;
; REMOVE_REDUNDANT_LOGIC_CELLS      ; OFF   ; -    ; rvfi_valid    ; qsys_top_intel_niosv_g_0_intel_niosv_g_unit_400_25ilc6y.sv:340                    ;
; IMPLEMENT_AS_OUTPUT_OF_LOGIC_CELL ; ON    ; -    ; rvfi_valid    ; qsys_top_intel_niosv_g_0_intel_niosv_g_unit_400_25ilc6y.sv:340                    ;
; IMPLEMENT_AS_OUTPUT_OF_LOGIC_CELL ; ON    ; -    ; rvfi_insn     ; qsys_top_intel_niosv_g_0_intel_niosv_g_unit_400_25ilc6y.sv:351                    ;
; IMPLEMENT_AS_OUTPUT_OF_LOGIC_CELL ; ON    ; -    ; rvfi_pc_rdata ; qsys_top_intel_niosv_g_0_intel_niosv_g_unit_400_25ilc6y.sv:352                    ;
; IGNORE_LCELL_BUFFERS              ; OFF   ; -    ; rvfi_insn     ; qsys_top_intel_niosv_g_0_intel_niosv_g_unit_400_25ilc6y.sv:351                    ;
; REMOVE_REDUNDANT_LOGIC_CELLS      ; OFF   ; -    ; rvfi_insn     ; qsys_top_intel_niosv_g_0_intel_niosv_g_unit_400_25ilc6y.sv:351                    ;
; IGNORE_LCELL_BUFFERS              ; OFF   ; -    ; rvfi_pc_rdata ; qsys_top_intel_niosv_g_0_intel_niosv_g_unit_400_25ilc6y.sv:352                    ;
; REMOVE_REDUNDANT_LOGIC_CELLS      ; OFF   ; -    ; rvfi_pc_rdata ; qsys_top_intel_niosv_g_0_intel_niosv_g_unit_400_25ilc6y.sv:352                    ;
+-----------------------------------+-------+------+---------------+-----------------------------------------------------------------------------------+
All Instances:
qsys_top_0|intel_niosv_g_0|intel_niosv_g_0|hart



+---------------------------------------------------------------------------------------------------------------------------------------------------------------------+
; Ignored Source Level Assignments for User Entity altera_avalon_jtag_uart_scfifo_w Instance: qsys_top_0|sys_jtag_uart|sys_jtag_uart|altera_avalon_jtag_uart_scfifo_w ;
+---------------+-------+----+-------------------------+--------------------------------------------------------------------------------------------------------------+
; Assignment    ; Value ; To ; Reason                  ; Source Location                                                                                              ;
+---------------+-------+----+-------------------------+--------------------------------------------------------------------------------------------------------------+
; Level1        ; 1     ; -  ; Invalid assignment name ; ip/qsys_top/qsys_top_jtag_uart_0/altera_avalon_jtag_uart_1931/synth/altera_avalon_jtag_uart_scfifo_w.sv:19   ;
; message_level ; 1     ; -  ; Invalid assignment name ; ip/qsys_top/qsys_top_jtag_uart_0/altera_avalon_jtag_uart_1931/synth/altera_avalon_jtag_uart_scfifo_w.sv:19   ;
+---------------+-------+----+-------------------------+--------------------------------------------------------------------------------------------------------------+
All Instances:
qsys_top_0|sys_jtag_uart|sys_jtag_uart|altera_avalon_jtag_uart_scfifo_w



+---------------------------------------------------------------------------------------------------------------------------------------------------------------------+
; Ignored Source Level Assignments for User Entity altera_avalon_jtag_uart_scfifo_r Instance: qsys_top_0|sys_jtag_uart|sys_jtag_uart|altera_avalon_jtag_uart_scfifo_r ;
+---------------+-------+----+-------------------------+--------------------------------------------------------------------------------------------------------------+
; Assignment    ; Value ; To ; Reason                  ; Source Location                                                                                              ;
+---------------+-------+----+-------------------------+--------------------------------------------------------------------------------------------------------------+
; Level1        ; 1     ; -  ; Invalid assignment name ; ip/qsys_top/qsys_top_jtag_uart_0/altera_avalon_jtag_uart_1931/synth/altera_avalon_jtag_uart_scfifo_r.sv:19   ;
; message_level ; 1     ; -  ; Invalid assignment name ; ip/qsys_top/qsys_top_jtag_uart_0/altera_avalon_jtag_uart_1931/synth/altera_avalon_jtag_uart_scfifo_r.sv:19   ;
+---------------+-------+----+-------------------------+--------------------------------------------------------------------------------------------------------------+
All Instances:
qsys_top_0|sys_jtag_uart|sys_jtag_uart|altera_avalon_jtag_uart_scfifo_r



+------------------------------------------------------------------------------------------------------------------------------------------+
; Ignored Source Level Assignments for User Entity dispatcher Instance: qsys_top_0|sys_tse_msgdma_rx|msgdma_1|dispatcher_internal          ;
+---------------+-------+----+-------------------------+-----------------------------------------------------------------------------------+
; Assignment    ; Value ; To ; Reason                  ; Source Location                                                                   ;
+---------------+-------+----+-------------------------+-----------------------------------------------------------------------------------+
; Level1        ; 1     ; -  ; Invalid assignment name ; ip/qsys_top/qsys_top_msgdma_0/modular_sgdma_dispatcher_1922/synth/dispatcher.v:71 ;
; message_level ; 1     ; -  ; Invalid assignment name ; ip/qsys_top/qsys_top_msgdma_0/modular_sgdma_dispatcher_1922/synth/dispatcher.v:71 ;
+---------------+-------+----+-------------------------+-----------------------------------------------------------------------------------+
All Instances:
qsys_top_0|sys_tse_msgdma_rx|msgdma_1|dispatcher_internal



+---------------------------------------------------------------------------------------------------------------------+
; Source Assignments for User Entity write_master Instance: qsys_top_0|sys_tse_msgdma_rx|msgdma_1|write_mstr_internal ;
+-----------------+-------+------+----+-------------------------------------------------------------------------------+
; Assignment      ; Value ; From ; To ; Source Location                                                               ;
+-----------------+-------+------+----+-------------------------------------------------------------------------------+
; MESSAGE_DISABLE ; 14320 ; -    ; -  ; write_master.v:66                                                             ;
+-----------------+-------+------+----+-------------------------------------------------------------------------------+
All Instances:
qsys_top_0|sys_tse_msgdma_rx|msgdma_1|write_mstr_internal



+------------------------------------------------------------------------------------------------------------------------------------+
; Ignored Source Level Assignments for User Entity write_master Instance: qsys_top_0|sys_tse_msgdma_rx|msgdma_1|write_mstr_internal  ;
+---------------+-------+----+-------------------------+-----------------------------------------------------------------------------+
; Assignment    ; Value ; To ; Reason                  ; Source Location                                                             ;
+---------------+-------+----+-------------------------+-----------------------------------------------------------------------------+
; Level1        ; 1     ; -  ; Invalid assignment name ; ip/qsys_top/qsys_top_msgdma_1/dma_write_master_1920/synth/write_master.v:62 ;
; message_level ; 1     ; -  ; Invalid assignment name ; ip/qsys_top/qsys_top_msgdma_1/dma_write_master_1920/synth/write_master.v:62 ;
+---------------+-------+----+-------------------------+-----------------------------------------------------------------------------+
All Instances:
qsys_top_0|sys_tse_msgdma_rx|msgdma_1|write_mstr_internal



+--------------------------------------------------------------------------------------------------------------------------------------------+
; Ignored Source Level Assignments for User Entity dispatcher_1 Instance: qsys_top_0|sys_tse_msgdma_tx|sys_tse_msgdma_tx|dispatcher_internal ;
+---------------+-------+----+-------------------------+-------------------------------------------------------------------------------------+
; Assignment    ; Value ; To ; Reason                  ; Source Location                                                                     ;
+---------------+-------+----+-------------------------+-------------------------------------------------------------------------------------+
; Level1        ; 1     ; -  ; Invalid assignment name ; ip/qsys_top/qsys_top_msgdma_0/modular_sgdma_dispatcher_1922/synth/dispatcher.v:71   ;
; message_level ; 1     ; -  ; Invalid assignment name ; ip/qsys_top/qsys_top_msgdma_0/modular_sgdma_dispatcher_1922/synth/dispatcher.v:71   ;
+---------------+-------+----+-------------------------+-------------------------------------------------------------------------------------+
All Instances:
qsys_top_0|sys_tse_msgdma_tx|sys_tse_msgdma_tx|dispatcher_internal



+----------------------------------------------------------------------------------------------------------------------------+
; Source Assignments for User Entity read_master Instance: qsys_top_0|sys_tse_msgdma_tx|sys_tse_msgdma_tx|read_mstr_internal ;
+-----------------+-------+------+----+--------------------------------------------------------------------------------------+
; Assignment      ; Value ; From ; To ; Source Location                                                                      ;
+-----------------+-------+------+----+--------------------------------------------------------------------------------------+
; MESSAGE_DISABLE ; 14320 ; -    ; -  ; read_master.v:73                                                                     ;
+-----------------+-------+------+----+--------------------------------------------------------------------------------------+
All Instances:
qsys_top_0|sys_tse_msgdma_tx|sys_tse_msgdma_tx|read_mstr_internal



+------------------------------------------------------------------------------------------------------------------------------------------+
; Ignored Source Level Assignments for User Entity read_master Instance: qsys_top_0|sys_tse_msgdma_tx|sys_tse_msgdma_tx|read_mstr_internal ;
+---------------+-------+----+-------------------------+-----------------------------------------------------------------------------------+
; Assignment    ; Value ; To ; Reason                  ; Source Location                                                                   ;
+---------------+-------+----+-------------------------+-----------------------------------------------------------------------------------+
; Level1        ; 1     ; -  ; Invalid assignment name ; ip/qsys_top/qsys_top_msgdma_0/dma_read_master_1921/synth/read_master.v:69         ;
; message_level ; 1     ; -  ; Invalid assignment name ; ip/qsys_top/qsys_top_msgdma_0/dma_read_master_1921/synth/read_master.v:69         ;
+---------------+-------+----+-------------------------+-----------------------------------------------------------------------------------+
All Instances:
qsys_top_0|sys_tse_msgdma_tx|sys_tse_msgdma_tx|read_mstr_internal



+----------------------------------------------------------------------------------------------------------------------------------------------------------------+
; Ignored Source Level Assignments for User Entity descriptor_buffers Instance: qsys_top_0|sys_tse_msgdma_rx|msgdma_1|dispatcher_internal|the_descriptor_buffers ;
+---------------+-------+----+-------------------------+---------------------------------------------------------------------------------------------------------+
; Assignment    ; Value ; To ; Reason                  ; Source Location                                                                                         ;
+---------------+-------+----+-------------------------+---------------------------------------------------------------------------------------------------------+
; Level1        ; 1     ; -  ; Invalid assignment name ; ip/qsys_top/qsys_top_msgdma_0/modular_sgdma_dispatcher_1922/synth/descriptor_buffers.v:50               ;
; message_level ; 1     ; -  ; Invalid assignment name ; ip/qsys_top/qsys_top_msgdma_0/modular_sgdma_dispatcher_1922/synth/descriptor_buffers.v:50               ;
+---------------+-------+----+-------------------------+---------------------------------------------------------------------------------------------------------+
All Instances:
qsys_top_0|sys_tse_msgdma_rx|msgdma_1|dispatcher_internal|the_descriptor_buffers



+----------------------------------------------------------------------------------------------------------------------------------------------+
; Ignored Source Level Assignments for User Entity csr_block Instance: qsys_top_0|sys_tse_msgdma_rx|msgdma_1|dispatcher_internal|the_csr_block ;
+---------------+-------+----+-------------------------+---------------------------------------------------------------------------------------+
; Assignment    ; Value ; To ; Reason                  ; Source Location                                                                       ;
+---------------+-------+----+-------------------------+---------------------------------------------------------------------------------------+
; Level1        ; 1     ; -  ; Invalid assignment name ; ip/qsys_top/qsys_top_msgdma_0/modular_sgdma_dispatcher_1922/synth/csr_block.v:94      ;
; message_level ; 1     ; -  ; Invalid assignment name ; ip/qsys_top/qsys_top_msgdma_0/modular_sgdma_dispatcher_1922/synth/csr_block.v:94      ;
+---------------+-------+----+-------------------------+---------------------------------------------------------------------------------------+
All Instances:
qsys_top_0|sys_tse_msgdma_rx|msgdma_1|dispatcher_internal|the_csr_block



+---------------------------------------------------------------------------------------------------------------------------------------------------+
; Source Assignments for User Entity response_block Instance: qsys_top_0|sys_tse_msgdma_tx|sys_tse_msgdma_tx|dispatcher_internal|the_response_block ;
+-----------------+-------+------+-------------------+----------------------------------------------------------------------------------------------+
; Assignment      ; Value ; From ; To                ; Source Location                                                                              ;
+-----------------+-------+------+-------------------+----------------------------------------------------------------------------------------------+
; MESSAGE_DISABLE ; 14320 ; -    ; the_response_FIFO ; response_block.v:319                                                                         ;
; MESSAGE_ENABLE  ; 14320 ; -    ; src_response_data ; response_block.v:341                                                                         ;
+-----------------+-------+------+-------------------+----------------------------------------------------------------------------------------------+
All Instances:
qsys_top_0|sys_tse_msgdma_rx|msgdma_1|dispatcher_internal|the_response_block
qsys_top_0|sys_tse_msgdma_tx|sys_tse_msgdma_tx|dispatcher_internal|the_response_block



+-----------------------------------------------------------------------------------------------------------------------------------------------------------------+
; Ignored Source Level Assignments for User Entity response_block Instance: qsys_top_0|sys_tse_msgdma_tx|sys_tse_msgdma_tx|dispatcher_internal|the_response_block ;
+---------------+-------+----+-------------------------+----------------------------------------------------------------------------------------------------------+
; Assignment    ; Value ; To ; Reason                  ; Source Location                                                                                          ;
+---------------+-------+----+-------------------------+----------------------------------------------------------------------------------------------------------+
; Level1        ; 1     ; -  ; Invalid assignment name ; ip/qsys_top/qsys_top_msgdma_0/modular_sgdma_dispatcher_1922/synth/response_block.v:57                    ;
; message_level ; 1     ; -  ; Invalid assignment name ; ip/qsys_top/qsys_top_msgdma_0/modular_sgdma_dispatcher_1922/synth/response_block.v:57                    ;
+---------------+-------+----+-------------------------+----------------------------------------------------------------------------------------------------------+
All Instances:
qsys_top_0|sys_tse_msgdma_rx|msgdma_1|dispatcher_internal|the_response_block
qsys_top_0|sys_tse_msgdma_tx|sys_tse_msgdma_tx|dispatcher_internal|the_response_block



+--------------------------------------------------------------------------------------------------------------------------------------------------------+
; Source Assignments for User Entity altera_msgdma_prefetcher_fifo Instance: qsys_top_0|sys_tse_msgdma_rx|msgdma_1|prefetcher_internal|u_prefetcher_fifo ;
+-----------------+-------+------+----+------------------------------------------------------------------------------------------------------------------+
; Assignment      ; Value ; From ; To ; Source Location                                                                                                  ;
+-----------------+-------+------+----+------------------------------------------------------------------------------------------------------------------+
; MESSAGE_DISABLE ; 14320 ; -    ; -  ; altera_msgdma_prefetcher_fifo.v:19                                                                               ;
+-----------------+-------+------+----+------------------------------------------------------------------------------------------------------------------+
All Instances:
qsys_top_0|sys_tse_msgdma_tx|sys_tse_msgdma_tx|prefetcher_internal|u_prefetcher_fifo
qsys_top_0|sys_tse_msgdma_rx|msgdma_1|prefetcher_internal|u_prefetcher_fifo



+------------------------------------------------------------------------------------------------------------------------------------------------------------+
; Ignored Source Level Assignments for User Entity ST_to_MM_Adapter Instance: qsys_top_0|sys_tse_msgdma_rx|msgdma_1|write_mstr_internal|the_ST_to_MM_Adapter ;
+---------------+-------+----+-------------------------+-----------------------------------------------------------------------------------------------------+
; Assignment    ; Value ; To ; Reason                  ; Source Location                                                                                     ;
+---------------+-------+----+-------------------------+-----------------------------------------------------------------------------------------------------+
; Level1        ; 1     ; -  ; Invalid assignment name ; ip/qsys_top/qsys_top_msgdma_1/dma_write_master_1920/synth/ST_to_MM_Adapter.v:38                     ;
; message_level ; 1     ; -  ; Invalid assignment name ; ip/qsys_top/qsys_top_msgdma_1/dma_write_master_1920/synth/ST_to_MM_Adapter.v:38                     ;
+---------------+-------+----+-------------------------+-----------------------------------------------------------------------------------------------------+
All Instances:
qsys_top_0|sys_tse_msgdma_rx|msgdma_1|write_mstr_internal|the_ST_to_MM_Adapter



+----------------------------------------------------------------------------------------------------------------------------------------------------------------------+
; Ignored Source Level Assignments for User Entity byte_enable_generator Instance: qsys_top_0|sys_tse_msgdma_rx|msgdma_1|write_mstr_internal|the_byte_enable_generator ;
+---------------+-------+----+-------------------------+---------------------------------------------------------------------------------------------------------------+
; Assignment    ; Value ; To ; Reason                  ; Source Location                                                                                               ;
+---------------+-------+----+-------------------------+---------------------------------------------------------------------------------------------------------------+
; Level1        ; 1     ; -  ; Invalid assignment name ; ip/qsys_top/qsys_top_msgdma_1/dma_write_master_1920/synth/byte_enable_generator.v:49                          ;
; message_level ; 1     ; -  ; Invalid assignment name ; ip/qsys_top/qsys_top_msgdma_1/dma_write_master_1920/synth/byte_enable_generator.v:49                          ;
+---------------+-------+----+-------------------------+---------------------------------------------------------------------------------------------------------------+
All Instances:
qsys_top_0|sys_tse_msgdma_rx|msgdma_1|write_mstr_internal|the_byte_enable_generator



+------------------------------------------------------------------------------------------------------------------------------------------------------------------+
; Ignored Source Level Assignments for User Entity write_burst_control Instance: qsys_top_0|sys_tse_msgdma_rx|msgdma_1|write_mstr_internal|the_write_burst_control ;
+---------------+-------+----+-------------------------+-----------------------------------------------------------------------------------------------------------+
; Assignment    ; Value ; To ; Reason                  ; Source Location                                                                                           ;
+---------------+-------+----+-------------------------+-----------------------------------------------------------------------------------------------------------+
; Level1        ; 1     ; -  ; Invalid assignment name ; ip/qsys_top/qsys_top_msgdma_1/dma_write_master_1920/synth/write_burst_control.v:52                        ;
; message_level ; 1     ; -  ; Invalid assignment name ; ip/qsys_top/qsys_top_msgdma_1/dma_write_master_1920/synth/write_burst_control.v:52                        ;
+---------------+-------+----+-------------------------+-----------------------------------------------------------------------------------------------------------+
All Instances:
qsys_top_0|sys_tse_msgdma_rx|msgdma_1|write_mstr_internal|the_write_burst_control



+---------------------------------------------------------------------------------------------------------------------------------------------------------------------------+
; Ignored Source Level Assignments for User Entity descriptor_buffers_1 Instance: qsys_top_0|sys_tse_msgdma_tx|sys_tse_msgdma_tx|dispatcher_internal|the_descriptor_buffers ;
+---------------+-------+----+-------------------------+--------------------------------------------------------------------------------------------------------------------+
; Assignment    ; Value ; To ; Reason                  ; Source Location                                                                                                    ;
+---------------+-------+----+-------------------------+--------------------------------------------------------------------------------------------------------------------+
; Level1        ; 1     ; -  ; Invalid assignment name ; ip/qsys_top/qsys_top_msgdma_0/modular_sgdma_dispatcher_1922/synth/descriptor_buffers.v:50                          ;
; message_level ; 1     ; -  ; Invalid assignment name ; ip/qsys_top/qsys_top_msgdma_0/modular_sgdma_dispatcher_1922/synth/descriptor_buffers.v:50                          ;
+---------------+-------+----+-------------------------+--------------------------------------------------------------------------------------------------------------------+
All Instances:
qsys_top_0|sys_tse_msgdma_tx|sys_tse_msgdma_tx|dispatcher_internal|the_descriptor_buffers



+---------------------------------------------------------------------------------------------------------------------------------------------------------+
; Ignored Source Level Assignments for User Entity csr_block_1 Instance: qsys_top_0|sys_tse_msgdma_tx|sys_tse_msgdma_tx|dispatcher_internal|the_csr_block ;
+---------------+-------+----+-------------------------+--------------------------------------------------------------------------------------------------+
; Assignment    ; Value ; To ; Reason                  ; Source Location                                                                                  ;
+---------------+-------+----+-------------------------+--------------------------------------------------------------------------------------------------+
; Level1        ; 1     ; -  ; Invalid assignment name ; ip/qsys_top/qsys_top_msgdma_0/modular_sgdma_dispatcher_1922/synth/csr_block.v:94                 ;
; message_level ; 1     ; -  ; Invalid assignment name ; ip/qsys_top/qsys_top_msgdma_0/modular_sgdma_dispatcher_1922/synth/csr_block.v:94                 ;
+---------------+-------+----+-------------------------+--------------------------------------------------------------------------------------------------+
All Instances:
qsys_top_0|sys_tse_msgdma_tx|sys_tse_msgdma_tx|dispatcher_internal|the_csr_block



+--------------------------------------------------------------------------------------------------------------------------------------------------------------------+
; Ignored Source Level Assignments for User Entity MM_to_ST_Adapter Instance: qsys_top_0|sys_tse_msgdma_tx|sys_tse_msgdma_tx|read_mstr_internal|the_MM_to_ST_adapter ;
+---------------+-------+----+-------------------------+-------------------------------------------------------------------------------------------------------------+
; Assignment    ; Value ; To ; Reason                  ; Source Location                                                                                             ;
+---------------+-------+----+-------------------------+-------------------------------------------------------------------------------------------------------------+
; Level1        ; 1     ; -  ; Invalid assignment name ; ip/qsys_top/qsys_top_msgdma_0/dma_read_master_1921/synth/MM_to_ST_Adapter.v:49                              ;
; message_level ; 1     ; -  ; Invalid assignment name ; ip/qsys_top/qsys_top_msgdma_0/dma_read_master_1921/synth/MM_to_ST_Adapter.v:49                              ;
+---------------+-------+----+-------------------------+-------------------------------------------------------------------------------------------------------------+
All Instances:
qsys_top_0|sys_tse_msgdma_tx|sys_tse_msgdma_tx|read_mstr_internal|the_MM_to_ST_adapter



+------------------------------------------------------------------------------------------------------------------------------------------------------------------------+
; Ignored Source Level Assignments for User Entity read_burst_control Instance: qsys_top_0|sys_tse_msgdma_tx|sys_tse_msgdma_tx|read_mstr_internal|the_read_burst_control ;
+---------------+-------+----+-------------------------+-----------------------------------------------------------------------------------------------------------------+
; Assignment    ; Value ; To ; Reason                  ; Source Location                                                                                                 ;
+---------------+-------+----+-------------------------+-----------------------------------------------------------------------------------------------------------------+
; Level1        ; 1     ; -  ; Invalid assignment name ; ip/qsys_top/qsys_top_msgdma_0/dma_read_master_1921/synth/read_burst_control.v:38                                ;
; message_level ; 1     ; -  ; Invalid assignment name ; ip/qsys_top/qsys_top_msgdma_0/dma_read_master_1921/synth/read_burst_control.v:38                                ;
+---------------+-------+----+-------------------------+-----------------------------------------------------------------------------------------------------------------+
All Instances:
qsys_top_0|sys_tse_msgdma_tx|sys_tse_msgdma_tx|read_mstr_internal|the_read_burst_control



+------------------------------------------------------------------------------------------------------------------------------------------------------------------------------------------------------+
; Ignored Source Level Assignments for User Entity write_signal_breakout Instance: qsys_top_0|sys_tse_msgdma_tx|sys_tse_msgdma_tx|dispatcher_internal|the_descriptor_buffers|the_write_signal_breakout ;
+---------------+-------+----+-------------------------+-----------------------------------------------------------------------------------------------------------------------------------------------+
; Assignment    ; Value ; To ; Reason                  ; Source Location                                                                                                                               ;
+---------------+-------+----+-------------------------+-----------------------------------------------------------------------------------------------------------------------------------------------+
; Level1        ; 1     ; -  ; Invalid assignment name ; ip/qsys_top/qsys_top_msgdma_0/modular_sgdma_dispatcher_1922/synth/write_signal_breakout.v:37                                                  ;
; message_level ; 1     ; -  ; Invalid assignment name ; ip/qsys_top/qsys_top_msgdma_0/modular_sgdma_dispatcher_1922/synth/write_signal_breakout.v:37                                                  ;
+---------------+-------+----+-------------------------+-----------------------------------------------------------------------------------------------------------------------------------------------+
All Instances:
qsys_top_0|sys_tse_msgdma_rx|msgdma_1|dispatcher_internal|the_descriptor_buffers|the_write_signal_breakout
qsys_top_0|sys_tse_msgdma_tx|sys_tse_msgdma_tx|dispatcher_internal|the_descriptor_buffers|the_write_signal_breakout



+----------------------------------------------------------------------------------------------------------------------------------------------------------------------------------------------------+
; Ignored Source Level Assignments for User Entity read_signal_breakout Instance: qsys_top_0|sys_tse_msgdma_tx|sys_tse_msgdma_tx|dispatcher_internal|the_descriptor_buffers|the_read_signal_breakout ;
+---------------+-------+----+-------------------------+---------------------------------------------------------------------------------------------------------------------------------------------+
; Assignment    ; Value ; To ; Reason                  ; Source Location                                                                                                                             ;
+---------------+-------+----+-------------------------+---------------------------------------------------------------------------------------------------------------------------------------------+
; Level1        ; 1     ; -  ; Invalid assignment name ; ip/qsys_top/qsys_top_msgdma_0/modular_sgdma_dispatcher_1922/synth/read_signal_breakout.v:38                                                 ;
; message_level ; 1     ; -  ; Invalid assignment name ; ip/qsys_top/qsys_top_msgdma_0/modular_sgdma_dispatcher_1922/synth/read_signal_breakout.v:38                                                 ;
+---------------+-------+----+-------------------------+---------------------------------------------------------------------------------------------------------------------------------------------+
All Instances:
qsys_top_0|sys_tse_msgdma_rx|msgdma_1|dispatcher_internal|the_descriptor_buffers|the_read_signal_breakout
qsys_top_0|sys_tse_msgdma_tx|sys_tse_msgdma_tx|dispatcher_internal|the_descriptor_buffers|the_read_signal_breakout



+-------------------------------------------------------------------------------------------------------------------------------------------------------------------------------------+
; Source Assignments for User Entity fifo_with_byteenables Instance: qsys_top_0|sys_tse_msgdma_tx|sys_tse_msgdma_tx|dispatcher_internal|the_descriptor_buffers|the_write_command_FIFO ;
+-----------------+-------+------+----+-----------------------------------------------------------------------------------------------------------------------------------------------+
; Assignment      ; Value ; From ; To ; Source Location                                                                                                                               ;
+-----------------+-------+------+----+-----------------------------------------------------------------------------------------------------------------------------------------------+
; MESSAGE_DISABLE ; 14320 ; -    ; -  ; fifo_with_byteenables.v:45                                                                                                                    ;
+-----------------+-------+------+----+-----------------------------------------------------------------------------------------------------------------------------------------------+
All Instances:
qsys_top_0|sys_tse_msgdma_rx|msgdma_1|dispatcher_internal|the_descriptor_buffers|the_read_command_FIFO
qsys_top_0|sys_tse_msgdma_rx|msgdma_1|dispatcher_internal|the_descriptor_buffers|the_write_command_FIFO
qsys_top_0|sys_tse_msgdma_tx|sys_tse_msgdma_tx|dispatcher_internal|the_descriptor_buffers|the_read_command_FIFO
qsys_top_0|sys_tse_msgdma_tx|sys_tse_msgdma_tx|dispatcher_internal|the_descriptor_buffers|the_write_command_FIFO



+---------------------------------------------------------------------------------------------------------------------------------------------------------------------------------------------------+
; Ignored Source Level Assignments for User Entity fifo_with_byteenables Instance: qsys_top_0|sys_tse_msgdma_tx|sys_tse_msgdma_tx|dispatcher_internal|the_descriptor_buffers|the_write_command_FIFO ;
+---------------+-------+----+-------------------------+--------------------------------------------------------------------------------------------------------------------------------------------+
; Assignment    ; Value ; To ; Reason                  ; Source Location                                                                                                                            ;
+---------------+-------+----+-------------------------+--------------------------------------------------------------------------------------------------------------------------------------------+
; Level1        ; 1     ; -  ; Invalid assignment name ; ip/qsys_top/qsys_top_msgdma_0/modular_sgdma_dispatcher_1922/synth/fifo_with_byteenables.v:41                                               ;
; message_level ; 1     ; -  ; Invalid assignment name ; ip/qsys_top/qsys_top_msgdma_0/modular_sgdma_dispatcher_1922/synth/fifo_with_byteenables.v:41                                               ;
+---------------+-------+----+-------------------------+--------------------------------------------------------------------------------------------------------------------------------------------+
All Instances:
qsys_top_0|sys_tse_msgdma_rx|msgdma_1|dispatcher_internal|the_descriptor_buffers|the_read_command_FIFO
qsys_top_0|sys_tse_msgdma_rx|msgdma_1|dispatcher_internal|the_descriptor_buffers|the_write_command_FIFO
qsys_top_0|sys_tse_msgdma_tx|sys_tse_msgdma_tx|dispatcher_internal|the_descriptor_buffers|the_read_command_FIFO
qsys_top_0|sys_tse_msgdma_tx|sys_tse_msgdma_tx|dispatcher_internal|the_descriptor_buffers|the_write_command_FIFO



+------------------------------------------------------------------------------------------------------+
; Parameter Settings for User Entity altsource_probe_top Instance: issp_rst|in_system_sources_probes_0 ;
+-------------------------+-----------------+----------------------------------------------------------+
; Parameter Name          ; Value           ; Type                                                     ;
+-------------------------+-----------------+----------------------------------------------------------+
; enable_metastability    ; NO              ; String                                                   ;
; instance_id             ; NONE            ; String                                                   ;
; lpm_hint                ; UNUSED          ; String                                                   ;
; lpm_type                ; altsource_probe ; String                                                   ;
; probe_width             ; 3               ; Signed Integer                                           ;
; sld_auto_instance_index ; YES             ; String                                                   ;
; sld_instance_index      ; 0               ; Signed Integer                                           ;
; sld_ir_width            ; 4               ; Signed Integer                                           ;
; sld_node_info_parameter ; 4746752         ; Signed Integer                                           ;
; source_initial_value    ; 0               ; String                                                   ;
; source_width            ; 2               ; Signed Integer                                           ;
+-------------------------+-----------------+----------------------------------------------------------+
All Instances:
issp_rst|in_system_sources_probes_0



+-----------------------------------------------------------------------------------------+
; Parameter Settings for User Entity qsys_top_sysid_qsys_0 Instance: qsys_top_0|sys_sysid ;
+----------------+-----------+------------------------------------------------------------+
; Parameter Name ; Value     ; Type                                                       ;
+----------------+-----------+------------------------------------------------------------+
; MANUAL_ID      ; -87110914 ; Untyped                                                    ;
+----------------+-----------+------------------------------------------------------------+
All Instances:
qsys_top_0|sys_sysid



+--------------------------------------------------------------------------------------------------------------------------+
; Parameter Settings for User Entity qsys_top_altera_avalon_st_adapter_1920_7pp2hqi Instance: qsys_top_0|avalon_st_adapter ;
+-----------------+-------+------------------------------------------------------------------------------------------------+
; Parameter Name  ; Value ; Type                                                                                           ;
+-----------------+-------+------------------------------------------------------------------------------------------------+
; inBitsPerSymbol ; 8     ; Signed Integer                                                                                 ;
; inChannelWidth  ; 0     ; Signed Integer                                                                                 ;
; inDataWidth     ; 32    ; Signed Integer                                                                                 ;
; inErrorWidth    ; 6     ; Signed Integer                                                                                 ;
; inReadyLatency  ; 2     ; Signed Integer                                                                                 ;
; inUseEmptyPort  ; 1     ; Signed Integer                                                                                 ;
; inUsePackets    ; 1     ; Signed Integer                                                                                 ;
; inUseReady      ; 1     ; Signed Integer                                                                                 ;
; inUseValid      ; 1     ; Signed Integer                                                                                 ;
; outChannelWidth ; 0     ; Signed Integer                                                                                 ;
; outDataWidth    ; 32    ; Signed Integer                                                                                 ;
; outErrorWidth   ; 6     ; Signed Integer                                                                                 ;
; outReadyLatency ; 0     ; Signed Integer                                                                                 ;
; outUseEmptyPort ; 1     ; Signed Integer                                                                                 ;
; outUseReady     ; 1     ; Signed Integer                                                                                 ;
; outUseValid     ; 1     ; Signed Integer                                                                                 ;
+-----------------+-------+------------------------------------------------------------------------------------------------+
All Instances:
qsys_top_0|avalon_st_adapter



+------------------------------------------------------------------------------------------------+
; Parameter Settings for User Entity altera_reset_controller Instance: qsys_top_0|rst_controller ;
+---------------------------+----------+---------------------------------------------------------+
; Parameter Name            ; Value    ; Type                                                    ;
+---------------------------+----------+---------------------------------------------------------+
; ADAPT_RESET_REQUEST       ; 0        ; Signed Integer                                          ;
; MIN_RST_ASSERTION_TIME    ; 3        ; Signed Integer                                          ;
; NUM_RESET_INPUTS          ; 1        ; Signed Integer                                          ;
; OUTPUT_RESET_SYNC_EDGES   ; deassert ; String                                                  ;
; RESET_REQUEST_PRESENT     ; 1        ; Signed Integer                                          ;
; RESET_REQ_EARLY_DSRT_TIME ; 1        ; Signed Integer                                          ;
; RESET_REQ_WAIT_TIME       ; 1        ; Signed Integer                                          ;
; SYNC_DEPTH                ; 2        ; Signed Integer                                          ;
; USE_RESET_REQUEST_IN0     ; 0        ; Signed Integer                                          ;
; USE_RESET_REQUEST_IN1     ; 0        ; Signed Integer                                          ;
; USE_RESET_REQUEST_IN10    ; 0        ; Signed Integer                                          ;
; USE_RESET_REQUEST_IN11    ; 0        ; Signed Integer                                          ;
; USE_RESET_REQUEST_IN12    ; 0        ; Signed Integer                                          ;
; USE_RESET_REQUEST_IN13    ; 0        ; Signed Integer                                          ;
; USE_RESET_REQUEST_IN14    ; 0        ; Signed Integer                                          ;
; USE_RESET_REQUEST_IN15    ; 0        ; Signed Integer                                          ;
; USE_RESET_REQUEST_IN2     ; 0        ; Signed Integer                                          ;
; USE_RESET_REQUEST_IN3     ; 0        ; Signed Integer                                          ;
; USE_RESET_REQUEST_IN4     ; 0        ; Signed Integer                                          ;
; USE_RESET_REQUEST_IN5     ; 0        ; Signed Integer                                          ;
; USE_RESET_REQUEST_IN6     ; 0        ; Signed Integer                                          ;
; USE_RESET_REQUEST_IN7     ; 0        ; Signed Integer                                          ;
; USE_RESET_REQUEST_IN8     ; 0        ; Signed Integer                                          ;
; USE_RESET_REQUEST_IN9     ; 0        ; Signed Integer                                          ;
+---------------------------+----------+---------------------------------------------------------+
All Instances:
qsys_top_0|rst_controller



+------------------------------------------------------------------------------------------------------+
; Parameter Settings for User Entity altera_reset_controller_1 Instance: qsys_top_0|rst_controller_001 ;
+---------------------------+-------+------------------------------------------------------------------+
; Parameter Name            ; Value ; Type                                                             ;
+---------------------------+-------+------------------------------------------------------------------+
; ADAPT_RESET_REQUEST       ; 0     ; Signed Integer                                                   ;
; MIN_RST_ASSERTION_TIME    ; 3     ; Signed Integer                                                   ;
; NUM_RESET_INPUTS          ; 1     ; Signed Integer                                                   ;
; OUTPUT_RESET_SYNC_EDGES   ; both  ; String                                                           ;
; RESET_REQUEST_PRESENT     ; 0     ; Signed Integer                                                   ;
; RESET_REQ_EARLY_DSRT_TIME ; 1     ; Signed Integer                                                   ;
; RESET_REQ_WAIT_TIME       ; 1     ; Signed Integer                                                   ;
; SYNC_DEPTH                ; 2     ; Signed Integer                                                   ;
; USE_RESET_REQUEST_IN0     ; 0     ; Signed Integer                                                   ;
; USE_RESET_REQUEST_IN1     ; 0     ; Signed Integer                                                   ;
; USE_RESET_REQUEST_IN10    ; 0     ; Signed Integer                                                   ;
; USE_RESET_REQUEST_IN11    ; 0     ; Signed Integer                                                   ;
; USE_RESET_REQUEST_IN12    ; 0     ; Signed Integer                                                   ;
; USE_RESET_REQUEST_IN13    ; 0     ; Signed Integer                                                   ;
; USE_RESET_REQUEST_IN14    ; 0     ; Signed Integer                                                   ;
; USE_RESET_REQUEST_IN15    ; 0     ; Signed Integer                                                   ;
; USE_RESET_REQUEST_IN2     ; 0     ; Signed Integer                                                   ;
; USE_RESET_REQUEST_IN3     ; 0     ; Signed Integer                                                   ;
; USE_RESET_REQUEST_IN4     ; 0     ; Signed Integer                                                   ;
; USE_RESET_REQUEST_IN5     ; 0     ; Signed Integer                                                   ;
; USE_RESET_REQUEST_IN6     ; 0     ; Signed Integer                                                   ;
; USE_RESET_REQUEST_IN7     ; 0     ; Signed Integer                                                   ;
; USE_RESET_REQUEST_IN8     ; 0     ; Signed Integer                                                   ;
; USE_RESET_REQUEST_IN9     ; 0     ; Signed Integer                                                   ;
+---------------------------+-------+------------------------------------------------------------------+
All Instances:
qsys_top_0|rst_controller_001



+------------------------------------------------------------------------------------------------------------+
; Parameter Settings for User Entity altsource_probe Instance: issp_rst|in_system_sources_probes_0|issp_impl ;
+-------------------------+-----------------+----------------------------------------------------------------+
; Parameter Name          ; Value           ; Type                                                           ;
+-------------------------+-----------------+----------------------------------------------------------------+
; SLD_NODE_INFO           ; 4746752         ; Signed Integer                                                 ;
; enable_metastability    ; NO              ; String                                                         ;
; instance_id             ; NONE            ; String                                                         ;
; lpm_hint                ; UNUSED          ; String                                                         ;
; lpm_type                ; altsource_probe ; String                                                         ;
; probe_width             ; 3               ; Signed Integer                                                 ;
; sld_auto_instance_index ; YES             ; String                                                         ;
; sld_instance_index      ; 0               ; Signed Integer                                                 ;
; sld_ir_width            ; 4               ; Signed Integer                                                 ;
; source_initial_value    ; 0               ; String                                                         ;
; source_width            ; 2               ; Signed Integer                                                 ;
; sync_source_clk         ; NO              ; String                                                         ;
+-------------------------+-----------------+----------------------------------------------------------------+
All Instances:
issp_rst|in_system_sources_probes_0|issp_impl



+-------------------------------------------------------------------------------------------------------------------------------------------------+
; Parameter Settings for User Entity qsys_top_intel_onchip_memory_1_intel_onchip_memory_1410_5wi3sta Instance: qsys_top_0|sys_cpu_ram|sys_cpu_ram ;
+----------------+------------------------------------------------+-------------------------------------------------------------------------------+
; Parameter Name ; Value                                          ; Type                                                                          ;
+----------------+------------------------------------------------+-------------------------------------------------------------------------------+
; INIT_FILE      ; qsys_top_intel_onchip_memory_1_sys_cpu_ram.hex ; String                                                                        ;
; deviceFamily   ; Agilex 5                                       ; String                                                                        ;
+----------------+------------------------------------------------+-------------------------------------------------------------------------------+
All Instances:
qsys_top_0|sys_cpu_ram|sys_cpu_ram



+---------------------------------------------------------------------------------------------------------------------------------------------------+
; Parameter Settings for User Entity qsys_top_intel_onchip_memory_0_intel_onchip_memory_1410_ngoioja Instance: qsys_top_0|sys_desc_mem|sys_desc_mem ;
+----------------+-------------------------------------------------+--------------------------------------------------------------------------------+
; Parameter Name ; Value                                           ; Type                                                                           ;
+----------------+-------------------------------------------------+--------------------------------------------------------------------------------+
; INIT_FILE      ; qsys_top_intel_onchip_memory_0_sys_desc_mem.hex ; String                                                                         ;
; deviceFamily   ; Agilex 5                                        ; String                                                                         ;
+----------------+-------------------------------------------------+--------------------------------------------------------------------------------+
All Instances:
qsys_top_0|sys_desc_mem|sys_desc_mem



+-------------------------------------------------------------------------------------------------------------+
; Parameter Settings for User Entity altera_avalon_jtag_uart Instance: qsys_top_0|sys_jtag_uart|sys_jtag_uart ;
+----------------------------+-------+------------------------------------------------------------------------+
; Parameter Name             ; Value ; Type                                                                   ;
+----------------------------+-------+------------------------------------------------------------------------+
; FIFO_WIDTH                 ; 8     ; Signed Integer                                                         ;
; HEX_READ_DEPTH_STR         ; 64    ; Signed Integer                                                         ;
; HEX_WRITE_DEPTH_STR        ; 64    ; Signed Integer                                                         ;
; RD_WIDTHU                  ; 6     ; Signed Integer                                                         ;
; WR_WIDTHU                  ; 6     ; Signed Integer                                                         ;
; legacySignalAllow          ; 0     ; Signed Integer                                                         ;
; printingMethod             ; 0     ; Signed Integer                                                         ;
; readBufferDepth            ; 64    ; Signed Integer                                                         ;
; readIRQThreshold           ; 8     ; Signed Integer                                                         ;
; read_le                    ; ON    ; String                                                                 ;
; useRegistersForReadBuffer  ; 0     ; Signed Integer                                                         ;
; useRegistersForWriteBuffer ; 0     ; Signed Integer                                                         ;
; writeBufferDepth           ; 64    ; Signed Integer                                                         ;
; writeIRQThreshold          ; 8     ; Signed Integer                                                         ;
; write_le                   ; ON    ; String                                                                 ;
+----------------------------+-------+------------------------------------------------------------------------+
All Instances:
qsys_top_0|sys_jtag_uart|sys_jtag_uart



+------------------------------------------------------------------------------------------------------+
; Parameter Settings for User Entity altera_avalon_sysid_qsys Instance: qsys_top_0|sys_sysid|sys_sysid ;
+----------------+-----------+-------------------------------------------------------------------------+
; Parameter Name ; Value     ; Type                                                                    ;
+----------------+-----------+-------------------------------------------------------------------------+
; HASH_ID        ; 39        ; Signed Integer                                                          ;
; MANUAL_ID      ; -87110914 ; Untyped                                                                 ;
; TIMESTAMP      ; 0         ; Signed Integer                                                          ;
; USE_MANUAL_ID  ; 1         ; Signed Integer                                                          ;
+----------------+-----------+-------------------------------------------------------------------------+
All Instances:
qsys_top_0|sys_sysid|sys_sysid



+----------------------------------------------------------------------------------------------------------------------------------------------------------------------+
; Parameter Settings for User Entity qsys_top_altera_merlin_axi_translator_1983_7ic4h3a Instance: qsys_top_0|mm_interconnect_0|intel_niosv_g_0_data_manager_translator ;
+-----------------------------------+-------+--------------------------------------------------------------------------------------------------------------------------+
; Parameter Name                    ; Value ; Type                                                                                                                     ;
+-----------------------------------+-------+--------------------------------------------------------------------------------------------------------------------------+
; ACE5_LITE_SUPPORT                 ; 0     ; Signed Integer                                                                                                           ;
; ACE_LITE_SUPPORT                  ; 0     ; Signed Integer                                                                                                           ;
; ADDRCHK_WIDTH                     ; 4     ; Signed Integer                                                                                                           ;
; BURST_SIZE                        ; 2     ; Signed Integer                                                                                                           ;
; CALCULATE_ARUSER_ADDRCHK          ; 1     ; Unsigned Bit Literal                                                                                                     ;
; CALCULATE_AWUSER_ADDRCHK          ; 1     ; Unsigned Bit Literal                                                                                                     ;
; CALCULATE_RDATACHK                ; 0     ; Unsigned Bit Literal                                                                                                     ;
; CALCULATE_RUSER_DATACHK           ; 0     ; Unsigned Bit Literal                                                                                                     ;
; CALCULATE_WDATACHK                ; 0     ; Unsigned Bit Literal                                                                                                     ;
; CALCULATE_WUSER_DATACHK           ; 1     ; Unsigned Bit Literal                                                                                                     ;
; DATACHK_WIDTH                     ; 4     ; Signed Integer                                                                                                           ;
; DATA_WIDTH                        ; 32    ; Signed Integer                                                                                                           ;
; M0_ADDRCHK_WIDTH                  ; 1     ; Signed Integer                                                                                                           ;
; M0_ADDR_WIDTH                     ; 32    ; Signed Integer                                                                                                           ;
; M0_AWSNOOP_WIDTH                  ; 3     ; Signed Integer                                                                                                           ;
; M0_AXI_VERSION                    ; AXI4  ; String                                                                                                                   ;
; M0_BURST_LENGTH_WIDTH             ; 8     ; Signed Integer                                                                                                           ;
; M0_ID_WIDTH                       ; 1     ; Signed Integer                                                                                                           ;
; M0_LOCK_WIDTH                     ; 1     ; Signed Integer                                                                                                           ;
; M0_PADDING_ZERO                   ; 0     ; Signed Integer                                                                                                           ;
; M0_PARITY_ADDR_WIDTH              ; 32    ; Signed Integer                                                                                                           ;
; M0_READ_ADDR_USER_WIDTH           ; 1     ; Signed Integer                                                                                                           ;
; M0_READ_DATA_USER_WIDTH           ; 1     ; Signed Integer                                                                                                           ;
; M0_SAI_WIDTH                      ; 1     ; Signed Integer                                                                                                           ;
; M0_SID_WIDTH                      ; 16    ; Signed Integer                                                                                                           ;
; M0_USER_ADDRCHK_WIDTH             ; 1     ; Signed Integer                                                                                                           ;
; M0_WRITE_ADDR_USER_WIDTH          ; 1     ; Signed Integer                                                                                                           ;
; M0_WRITE_DATA_USER_WIDTH          ; 1     ; Signed Integer                                                                                                           ;
; M0_WRITE_RESPONSE_DATA_USER_WIDTH ; 1     ; Signed Integer                                                                                                           ;
; POISON_WIDTH                      ; 1     ; Signed Integer                                                                                                           ;
; REGENERATE_ADDRCHK                ; 0     ; Signed Integer                                                                                                           ;
; ROLE_BASED_USER                   ; 0     ; Signed Integer                                                                                                           ;
; S0_ADDRCHK_WIDTH                  ; 1     ; Signed Integer                                                                                                           ;
; S0_ADDR_WIDTH                     ; 32    ; Signed Integer                                                                                                           ;
; S0_AWSNOOP_WIDTH                  ; 3     ; Signed Integer                                                                                                           ;
; S0_AXI_VERSION                    ; AXI4  ; String                                                                                                                   ;
; S0_BURST_LENGTH_WIDTH             ; 8     ; Signed Integer                                                                                                           ;
; S0_ID_WIDTH                       ; 1     ; Signed Integer                                                                                                           ;
; S0_LOCK_WIDTH                     ; 1     ; Signed Integer                                                                                                           ;
; S0_PADDING_ZERO                   ; 0     ; Signed Integer                                                                                                           ;
; S0_READ_ADDR_USER_WIDTH           ; 1     ; Signed Integer                                                                                                           ;
; S0_READ_DATA_USER_WIDTH           ; 1     ; Signed Integer                                                                                                           ;
; S0_SAI_WIDTH                      ; 1     ; Signed Integer                                                                                                           ;
; S0_SID_WIDTH                      ; 16    ; Signed Integer                                                                                                           ;
; S0_USER_ADDRCHK_WIDTH             ; 1     ; Signed Integer                                                                                                           ;
; S0_WRITE_ADDR_USER_WIDTH          ; 1     ; Signed Integer                                                                                                           ;
; S0_WRITE_DATA_USER_WIDTH          ; 1     ; Signed Integer                                                                                                           ;
; S0_WRITE_RESPONSE_DATA_USER_WIDTH ; 1     ; Signed Integer                                                                                                           ;
; SKIP_USER_ADDRCHK_CAL             ; 1     ; Unsigned Bit Literal                                                                                                     ;
; STROBE_WIDTH                      ; 4     ; Signed Integer                                                                                                           ;
; USER_DATA_WIDTH                   ; 1     ; Signed Integer                                                                                                           ;
; USE_M0_ARADDRCHK                  ; 0     ; Signed Integer                                                                                                           ;
; USE_M0_ARCACHE                    ; 1     ; Signed Integer                                                                                                           ;
; USE_M0_ARLOCK                     ; 1     ; Signed Integer                                                                                                           ;
; USE_M0_ARMMUSECSID                ; 0     ; Signed Integer                                                                                                           ;
; USE_M0_ARMMUSID                   ; 0     ; Signed Integer                                                                                                           ;
; USE_M0_ARPROT                     ; 1     ; Signed Integer                                                                                                           ;
; USE_M0_ARQOS                      ; 1     ; Signed Integer                                                                                                           ;
; USE_M0_ARREGION                   ; 1     ; Signed Integer                                                                                                           ;
; USE_M0_ARTRACE                    ; 0     ; Signed Integer                                                                                                           ;
; USE_M0_ARUSER                     ; 1     ; Signed Integer                                                                                                           ;
; USE_M0_ARUSER_ADDRCHK             ; 1     ; Signed Integer                                                                                                           ;
; USE_M0_ARUSER_SAI                 ; 1     ; Signed Integer                                                                                                           ;
; USE_M0_AWADDRCHK                  ; 0     ; Signed Integer                                                                                                           ;
; USE_M0_AWAKEUP                    ; 0     ; Signed Integer                                                                                                           ;
; USE_M0_AWATOP                     ; 0     ; Signed Integer                                                                                                           ;
; USE_M0_AWCACHE                    ; 1     ; Signed Integer                                                                                                           ;
; USE_M0_AWLOCK                     ; 1     ; Signed Integer                                                                                                           ;
; USE_M0_AWMMUSECSID                ; 0     ; Signed Integer                                                                                                           ;
; USE_M0_AWMMUSID                   ; 0     ; Signed Integer                                                                                                           ;
; USE_M0_AWPROT                     ; 1     ; Signed Integer                                                                                                           ;
; USE_M0_AWQOS                      ; 1     ; Signed Integer                                                                                                           ;
; USE_M0_AWREGION                   ; 1     ; Signed Integer                                                                                                           ;
; USE_M0_AWSTASHLPID                ; 0     ; Signed Integer                                                                                                           ;
; USE_M0_AWSTASHLPIDEN              ; 0     ; Signed Integer                                                                                                           ;
; USE_M0_AWSTASHNID                 ; 0     ; Signed Integer                                                                                                           ;
; USE_M0_AWSTASHNIDEN               ; 0     ; Signed Integer                                                                                                           ;
; USE_M0_AWTRACE                    ; 0     ; Signed Integer                                                                                                           ;
; USE_M0_AWUNIQUE                   ; 1     ; Signed Integer                                                                                                           ;
; USE_M0_AWUSER                     ; 1     ; Signed Integer                                                                                                           ;
; USE_M0_AWUSER_ADDRCHK             ; 1     ; Signed Integer                                                                                                           ;
; USE_M0_AWUSER_SAI                 ; 1     ; Signed Integer                                                                                                           ;
; USE_M0_BRESP                      ; 1     ; Signed Integer                                                                                                           ;
; USE_M0_BTRACE                     ; 0     ; Signed Integer                                                                                                           ;
; USE_M0_BUSER                      ; 1     ; Signed Integer                                                                                                           ;
; USE_M0_RDATACHK                   ; 0     ; Signed Integer                                                                                                           ;
; USE_M0_RPOISON                    ; 0     ; Signed Integer                                                                                                           ;
; USE_M0_RRESP                      ; 1     ; Signed Integer                                                                                                           ;
; USE_M0_RTRACE                     ; 0     ; Signed Integer                                                                                                           ;
; USE_M0_RUSER                      ; 1     ; Signed Integer                                                                                                           ;
; USE_M0_RUSER_DATA                 ; 1     ; Signed Integer                                                                                                           ;
; USE_M0_RUSER_DATACHK              ; 1     ; Signed Integer                                                                                                           ;
; USE_M0_RUSER_POISON               ; 1     ; Signed Integer                                                                                                           ;
; USE_M0_WDATACHK                   ; 0     ; Signed Integer                                                                                                           ;
; USE_M0_WLAST                      ; 1     ; Signed Integer                                                                                                           ;
; USE_M0_WPOISON                    ; 0     ; Signed Integer                                                                                                           ;
; USE_M0_WTRACE                     ; 0     ; Signed Integer                                                                                                           ;
; USE_M0_WUSER                      ; 1     ; Signed Integer                                                                                                           ;
; USE_M0_WUSER_DATA                 ; 1     ; Signed Integer                                                                                                           ;
; USE_M0_WUSER_DATACHK              ; 1     ; Signed Integer                                                                                                           ;
; USE_M0_WUSER_POISON               ; 1     ; Signed Integer                                                                                                           ;
; USE_S0_ARADDRCHK                  ; 0     ; Signed Integer                                                                                                           ;
; USE_S0_ARBURST                    ; 0     ; Signed Integer                                                                                                           ;
; USE_S0_ARCACHE                    ; 0     ; Signed Integer                                                                                                           ;
; USE_S0_ARID                       ; 0     ; Signed Integer                                                                                                           ;
; USE_S0_ARLEN                      ; 1     ; Signed Integer                                                                                                           ;
; USE_S0_ARLOCK                     ; 0     ; Signed Integer                                                                                                           ;
; USE_S0_ARMMUSECSID                ; 0     ; Signed Integer                                                                                                           ;
; USE_S0_ARMMUSID                   ; 0     ; Signed Integer                                                                                                           ;
; USE_S0_ARPROT                     ; 1     ; Signed Integer                                                                                                           ;
; USE_S0_ARQOS                      ; 0     ; Signed Integer                                                                                                           ;
; USE_S0_ARREGION                   ; 0     ; Signed Integer                                                                                                           ;
; USE_S0_ARSIZE                     ; 1     ; Signed Integer                                                                                                           ;
; USE_S0_ARSNOOP                    ; 1     ; Signed Integer                                                                                                           ;
; USE_S0_ARTRACE                    ; 0     ; Signed Integer                                                                                                           ;
; USE_S0_ARUSER                     ; 0     ; Signed Integer                                                                                                           ;
; USE_S0_ARUSER_ADDRCHK             ; 0     ; Signed Integer                                                                                                           ;
; USE_S0_ARUSER_SAI                 ; 0     ; Signed Integer                                                                                                           ;
; USE_S0_AWADDRCHK                  ; 0     ; Signed Integer                                                                                                           ;
; USE_S0_AWAKEUP                    ; 0     ; Signed Integer                                                                                                           ;
; USE_S0_AWATOP                     ; 0     ; Signed Integer                                                                                                           ;
; USE_S0_AWBURST                    ; 0     ; Signed Integer                                                                                                           ;
; USE_S0_AWCACHE                    ; 0     ; Signed Integer                                                                                                           ;
; USE_S0_AWID                       ; 0     ; Signed Integer                                                                                                           ;
; USE_S0_AWLEN                      ; 1     ; Signed Integer                                                                                                           ;
; USE_S0_AWLOCK                     ; 0     ; Signed Integer                                                                                                           ;
; USE_S0_AWMMUSECSID                ; 0     ; Signed Integer                                                                                                           ;
; USE_S0_AWMMUSID                   ; 0     ; Signed Integer                                                                                                           ;
; USE_S0_AWPROT                     ; 1     ; Signed Integer                                                                                                           ;
; USE_S0_AWQOS                      ; 0     ; Signed Integer                                                                                                           ;
; USE_S0_AWREGION                   ; 0     ; Signed Integer                                                                                                           ;
; USE_S0_AWSIZE                     ; 1     ; Signed Integer                                                                                                           ;
; USE_S0_AWSNOOP                    ; 1     ; Signed Integer                                                                                                           ;
; USE_S0_AWSTASHLPID                ; 0     ; Signed Integer                                                                                                           ;
; USE_S0_AWSTASHLPIDEN              ; 0     ; Signed Integer                                                                                                           ;
; USE_S0_AWSTASHNID                 ; 0     ; Signed Integer                                                                                                           ;
; USE_S0_AWSTASHNIDEN               ; 0     ; Signed Integer                                                                                                           ;
; USE_S0_AWTRACE                    ; 0     ; Signed Integer                                                                                                           ;
; USE_S0_AWUNIQUE                   ; 0     ; Signed Integer                                                                                                           ;
; USE_S0_AWUSER                     ; 0     ; Signed Integer                                                                                                           ;
; USE_S0_AWUSER_ADDRCHK             ; 0     ; Signed Integer                                                                                                           ;
; USE_S0_AWUSER_SAI                 ; 0     ; Signed Integer                                                                                                           ;
; USE_S0_BID                        ; 0     ; Signed Integer                                                                                                           ;
; USE_S0_BRESP                      ; 1     ; Signed Integer                                                                                                           ;
; USE_S0_BTRACE                     ; 0     ; Signed Integer                                                                                                           ;
; USE_S0_BUSER                      ; 0     ; Signed Integer                                                                                                           ;
; USE_S0_RDATACHK                   ; 0     ; Signed Integer                                                                                                           ;
; USE_S0_RID                        ; 0     ; Signed Integer                                                                                                           ;
; USE_S0_RLAST                      ; 1     ; Signed Integer                                                                                                           ;
; USE_S0_RPOISON                    ; 0     ; Signed Integer                                                                                                           ;
; USE_S0_RRESP                      ; 1     ; Signed Integer                                                                                                           ;
; USE_S0_RTRACE                     ; 0     ; Signed Integer                                                                                                           ;
; USE_S0_RUSER                      ; 0     ; Signed Integer                                                                                                           ;
; USE_S0_RUSER_DATA                 ; 0     ; Signed Integer                                                                                                           ;
; USE_S0_RUSER_DATACHK              ; 0     ; Signed Integer                                                                                                           ;
; USE_S0_RUSER_POISON               ; 0     ; Signed Integer                                                                                                           ;
; USE_S0_WDATACHK                   ; 0     ; Signed Integer                                                                                                           ;
; USE_S0_WLAST                      ; 1     ; Signed Integer                                                                                                           ;
; USE_S0_WPOISON                    ; 0     ; Signed Integer                                                                                                           ;
; USE_S0_WSTRB                      ; 1     ; Signed Integer                                                                                                           ;
; USE_S0_WTRACE                     ; 0     ; Signed Integer                                                                                                           ;
; USE_S0_WUSER                      ; 0     ; Signed Integer                                                                                                           ;
; USE_S0_WUSER_DATA                 ; 0     ; Signed Integer                                                                                                           ;
; USE_S0_WUSER_DATACHK              ; 0     ; Signed Integer                                                                                                           ;
; USE_S0_WUSER_POISON               ; 0     ; Signed Integer                                                                                                           ;
+-----------------------------------+-------+--------------------------------------------------------------------------------------------------------------------------+
All Instances:
qsys_top_0|mm_interconnect_0|intel_niosv_g_0_data_manager_translator



+---------------------------------------------------------------------------------------------------------------------------------------------------------------------+
; Parameter Settings for User Entity qsys_top_altera_merlin_master_translator_193_lgcew2q Instance: qsys_top_0|mm_interconnect_0|sys_tse_msgdma_tx_mm_read_translator ;
+-----------------------------+-------+-------------------------------------------------------------------------------------------------------------------------------+
; Parameter Name              ; Value ; Type                                                                                                                          ;
+-----------------------------+-------+-------------------------------------------------------------------------------------------------------------------------------+
; AV_ADDRESS_SYMBOLS          ; 1     ; Signed Integer                                                                                                                ;
; AV_ADDRESS_W                ; 32    ; Signed Integer                                                                                                                ;
; AV_BURSTCOUNT_SYMBOLS       ; 0     ; Signed Integer                                                                                                                ;
; AV_BURSTCOUNT_W             ; 1     ; Signed Integer                                                                                                                ;
; AV_BYTEENABLE_W             ; 4     ; Signed Integer                                                                                                                ;
; AV_CONSTANT_BURST_BEHAVIOR  ; 0     ; Signed Integer                                                                                                                ;
; AV_DATA_W                   ; 32    ; Signed Integer                                                                                                                ;
; AV_LINEWRAPBURSTS           ; 0     ; Signed Integer                                                                                                                ;
; AV_REGISTERINCOMINGSIGNALS  ; 0     ; Signed Integer                                                                                                                ;
; AV_SYMBOLS_PER_WORD         ; 4     ; Signed Integer                                                                                                                ;
; SYNC_RESET                  ; 1     ; Signed Integer                                                                                                                ;
; UAV_ADDRESS_W               ; 32    ; Signed Integer                                                                                                                ;
; UAV_BURSTCOUNT_W            ; 3     ; Signed Integer                                                                                                                ;
; UAV_CONSTANT_BURST_BEHAVIOR ; 0     ; Signed Integer                                                                                                                ;
; USE_BEGINBURSTTRANSFER      ; 0     ; Signed Integer                                                                                                                ;
; USE_BEGINTRANSFER           ; 0     ; Signed Integer                                                                                                                ;
; USE_BURSTCOUNT              ; 0     ; Signed Integer                                                                                                                ;
; USE_CHIPSELECT              ; 0     ; Signed Integer                                                                                                                ;
; USE_OUTPUTENABLE            ; 0     ; Signed Integer                                                                                                                ;
; USE_READ                    ; 1     ; Signed Integer                                                                                                                ;
; USE_READDATAVALID           ; 1     ; Signed Integer                                                                                                                ;
; USE_READRESPONSE            ; 0     ; Signed Integer                                                                                                                ;
; USE_WAITREQUEST             ; 1     ; Signed Integer                                                                                                                ;
; USE_WRITE                   ; 0     ; Signed Integer                                                                                                                ;
; USE_WRITERESPONSE           ; 0     ; Signed Integer                                                                                                                ;
; WAITREQUEST_ALLOWANCE       ; 0     ; Signed Integer                                                                                                                ;
+-----------------------------+-------+-------------------------------------------------------------------------------------------------------------------------------+
All Instances:
qsys_top_0|mm_interconnect_0|sys_tse_msgdma_rx_descriptor_read_master_translator
qsys_top_0|mm_interconnect_0|sys_tse_msgdma_tx_descriptor_read_master_translator
qsys_top_0|mm_interconnect_0|sys_tse_msgdma_tx_mm_read_translator



+---------------------------------------------------------------------------------------------------------------------------------------------------------------------------------------+
; Parameter Settings for User Entity qsys_top_altera_merlin_master_translator_193_lgcew2q_1 Instance: qsys_top_0|mm_interconnect_0|sys_tse_msgdma_tx_descriptor_write_master_translator ;
+-----------------------------+-------+-------------------------------------------------------------------------------------------------------------------------------------------------+
; Parameter Name              ; Value ; Type                                                                                                                                            ;
+-----------------------------+-------+-------------------------------------------------------------------------------------------------------------------------------------------------+
; AV_ADDRESS_SYMBOLS          ; 1     ; Signed Integer                                                                                                                                  ;
; AV_ADDRESS_W                ; 32    ; Signed Integer                                                                                                                                  ;
; AV_BURSTCOUNT_SYMBOLS       ; 0     ; Signed Integer                                                                                                                                  ;
; AV_BURSTCOUNT_W             ; 1     ; Signed Integer                                                                                                                                  ;
; AV_BYTEENABLE_W             ; 4     ; Signed Integer                                                                                                                                  ;
; AV_CONSTANT_BURST_BEHAVIOR  ; 0     ; Signed Integer                                                                                                                                  ;
; AV_DATA_W                   ; 32    ; Signed Integer                                                                                                                                  ;
; AV_LINEWRAPBURSTS           ; 0     ; Signed Integer                                                                                                                                  ;
; AV_REGISTERINCOMINGSIGNALS  ; 0     ; Signed Integer                                                                                                                                  ;
; AV_SYMBOLS_PER_WORD         ; 4     ; Signed Integer                                                                                                                                  ;
; SYNC_RESET                  ; 1     ; Signed Integer                                                                                                                                  ;
; UAV_ADDRESS_W               ; 32    ; Signed Integer                                                                                                                                  ;
; UAV_BURSTCOUNT_W            ; 3     ; Signed Integer                                                                                                                                  ;
; UAV_CONSTANT_BURST_BEHAVIOR ; 0     ; Signed Integer                                                                                                                                  ;
; USE_BEGINBURSTTRANSFER      ; 0     ; Signed Integer                                                                                                                                  ;
; USE_BEGINTRANSFER           ; 0     ; Signed Integer                                                                                                                                  ;
; USE_BURSTCOUNT              ; 0     ; Signed Integer                                                                                                                                  ;
; USE_CHIPSELECT              ; 0     ; Signed Integer                                                                                                                                  ;
; USE_OUTPUTENABLE            ; 0     ; Signed Integer                                                                                                                                  ;
; USE_READ                    ; 0     ; Signed Integer                                                                                                                                  ;
; USE_READDATAVALID           ; 0     ; Signed Integer                                                                                                                                  ;
; USE_READRESPONSE            ; 1     ; Signed Integer                                                                                                                                  ;
; USE_WAITREQUEST             ; 1     ; Signed Integer                                                                                                                                  ;
; USE_WRITE                   ; 1     ; Signed Integer                                                                                                                                  ;
; USE_WRITERESPONSE           ; 1     ; Signed Integer                                                                                                                                  ;
; WAITREQUEST_ALLOWANCE       ; 0     ; Signed Integer                                                                                                                                  ;
+-----------------------------+-------+-------------------------------------------------------------------------------------------------------------------------------------------------+
All Instances:
qsys_top_0|mm_interconnect_0|sys_tse_msgdma_rx_descriptor_write_master_translator
qsys_top_0|mm_interconnect_0|sys_tse_msgdma_tx_descriptor_write_master_translator



+------------------------------------------------------------------------------------------------------------------------------------------------------------------------+
; Parameter Settings for User Entity qsys_top_altera_merlin_master_translator_193_lgcew2q_2 Instance: qsys_top_0|mm_interconnect_0|sys_tse_msgdma_rx_mm_write_translator ;
+-----------------------------+-------+----------------------------------------------------------------------------------------------------------------------------------+
; Parameter Name              ; Value ; Type                                                                                                                             ;
+-----------------------------+-------+----------------------------------------------------------------------------------------------------------------------------------+
; AV_ADDRESS_SYMBOLS          ; 1     ; Signed Integer                                                                                                                   ;
; AV_ADDRESS_W                ; 32    ; Signed Integer                                                                                                                   ;
; AV_BURSTCOUNT_SYMBOLS       ; 0     ; Signed Integer                                                                                                                   ;
; AV_BURSTCOUNT_W             ; 1     ; Signed Integer                                                                                                                   ;
; AV_BYTEENABLE_W             ; 4     ; Signed Integer                                                                                                                   ;
; AV_CONSTANT_BURST_BEHAVIOR  ; 0     ; Signed Integer                                                                                                                   ;
; AV_DATA_W                   ; 32    ; Signed Integer                                                                                                                   ;
; AV_LINEWRAPBURSTS           ; 0     ; Signed Integer                                                                                                                   ;
; AV_REGISTERINCOMINGSIGNALS  ; 0     ; Signed Integer                                                                                                                   ;
; AV_SYMBOLS_PER_WORD         ; 4     ; Signed Integer                                                                                                                   ;
; SYNC_RESET                  ; 1     ; Signed Integer                                                                                                                   ;
; UAV_ADDRESS_W               ; 32    ; Signed Integer                                                                                                                   ;
; UAV_BURSTCOUNT_W            ; 3     ; Signed Integer                                                                                                                   ;
; UAV_CONSTANT_BURST_BEHAVIOR ; 0     ; Signed Integer                                                                                                                   ;
; USE_BEGINBURSTTRANSFER      ; 0     ; Signed Integer                                                                                                                   ;
; USE_BEGINTRANSFER           ; 0     ; Signed Integer                                                                                                                   ;
; USE_BURSTCOUNT              ; 0     ; Signed Integer                                                                                                                   ;
; USE_CHIPSELECT              ; 0     ; Signed Integer                                                                                                                   ;
; USE_OUTPUTENABLE            ; 0     ; Signed Integer                                                                                                                   ;
; USE_READ                    ; 0     ; Signed Integer                                                                                                                   ;
; USE_READDATAVALID           ; 0     ; Signed Integer                                                                                                                   ;
; USE_READRESPONSE            ; 0     ; Signed Integer                                                                                                                   ;
; USE_WAITREQUEST             ; 1     ; Signed Integer                                                                                                                   ;
; USE_WRITE                   ; 1     ; Signed Integer                                                                                                                   ;
; USE_WRITERESPONSE           ; 0     ; Signed Integer                                                                                                                   ;
; WAITREQUEST_ALLOWANCE       ; 0     ; Signed Integer                                                                                                                   ;
+-----------------------------+-------+----------------------------------------------------------------------------------------------------------------------------------+
All Instances:
qsys_top_0|mm_interconnect_0|sys_tse_msgdma_rx_mm_write_translator



+-------------------------------------------------------------------------------------------------------------------------------------------------------------------------------+
; Parameter Settings for User Entity qsys_top_altera_merlin_axi_translator_1983_7ic4h3a_1 Instance: qsys_top_0|mm_interconnect_0|intel_niosv_g_0_instruction_manager_translator ;
+-----------------------------------+-------+-----------------------------------------------------------------------------------------------------------------------------------+
; Parameter Name                    ; Value ; Type                                                                                                                              ;
+-----------------------------------+-------+-----------------------------------------------------------------------------------------------------------------------------------+
; ACE5_LITE_SUPPORT                 ; 0     ; Signed Integer                                                                                                                    ;
; ACE_LITE_SUPPORT                  ; 0     ; Signed Integer                                                                                                                    ;
; ADDRCHK_WIDTH                     ; 4     ; Signed Integer                                                                                                                    ;
; BURST_SIZE                        ; 2     ; Signed Integer                                                                                                                    ;
; CALCULATE_ARUSER_ADDRCHK          ; 1     ; Unsigned Bit Literal                                                                                                              ;
; CALCULATE_AWUSER_ADDRCHK          ; 1     ; Unsigned Bit Literal                                                                                                              ;
; CALCULATE_RDATACHK                ; 0     ; Unsigned Bit Literal                                                                                                              ;
; CALCULATE_RUSER_DATACHK           ; 0     ; Unsigned Bit Literal                                                                                                              ;
; CALCULATE_WDATACHK                ; 0     ; Unsigned Bit Literal                                                                                                              ;
; CALCULATE_WUSER_DATACHK           ; 1     ; Unsigned Bit Literal                                                                                                              ;
; DATACHK_WIDTH                     ; 4     ; Signed Integer                                                                                                                    ;
; DATA_WIDTH                        ; 32    ; Signed Integer                                                                                                                    ;
; M0_ADDRCHK_WIDTH                  ; 1     ; Signed Integer                                                                                                                    ;
; M0_ADDR_WIDTH                     ; 32    ; Signed Integer                                                                                                                    ;
; M0_AWSNOOP_WIDTH                  ; 3     ; Signed Integer                                                                                                                    ;
; M0_AXI_VERSION                    ; AXI4  ; String                                                                                                                            ;
; M0_BURST_LENGTH_WIDTH             ; 8     ; Signed Integer                                                                                                                    ;
; M0_ID_WIDTH                       ; 1     ; Signed Integer                                                                                                                    ;
; M0_LOCK_WIDTH                     ; 1     ; Signed Integer                                                                                                                    ;
; M0_PADDING_ZERO                   ; 0     ; Signed Integer                                                                                                                    ;
; M0_PARITY_ADDR_WIDTH              ; 32    ; Signed Integer                                                                                                                    ;
; M0_READ_ADDR_USER_WIDTH           ; 1     ; Signed Integer                                                                                                                    ;
; M0_READ_DATA_USER_WIDTH           ; 1     ; Signed Integer                                                                                                                    ;
; M0_SAI_WIDTH                      ; 1     ; Signed Integer                                                                                                                    ;
; M0_SID_WIDTH                      ; 16    ; Signed Integer                                                                                                                    ;
; M0_USER_ADDRCHK_WIDTH             ; 1     ; Signed Integer                                                                                                                    ;
; M0_WRITE_ADDR_USER_WIDTH          ; 1     ; Signed Integer                                                                                                                    ;
; M0_WRITE_DATA_USER_WIDTH          ; 1     ; Signed Integer                                                                                                                    ;
; M0_WRITE_RESPONSE_DATA_USER_WIDTH ; 1     ; Signed Integer                                                                                                                    ;
; POISON_WIDTH                      ; 1     ; Signed Integer                                                                                                                    ;
; REGENERATE_ADDRCHK                ; 0     ; Signed Integer                                                                                                                    ;
; ROLE_BASED_USER                   ; 0     ; Signed Integer                                                                                                                    ;
; S0_ADDRCHK_WIDTH                  ; 1     ; Signed Integer                                                                                                                    ;
; S0_ADDR_WIDTH                     ; 32    ; Signed Integer                                                                                                                    ;
; S0_AWSNOOP_WIDTH                  ; 3     ; Signed Integer                                                                                                                    ;
; S0_AXI_VERSION                    ; AXI4  ; String                                                                                                                            ;
; S0_BURST_LENGTH_WIDTH             ; 8     ; Signed Integer                                                                                                                    ;
; S0_ID_WIDTH                       ; 1     ; Signed Integer                                                                                                                    ;
; S0_LOCK_WIDTH                     ; 1     ; Signed Integer                                                                                                                    ;
; S0_PADDING_ZERO                   ; 0     ; Signed Integer                                                                                                                    ;
; S0_READ_ADDR_USER_WIDTH           ; 1     ; Signed Integer                                                                                                                    ;
; S0_READ_DATA_USER_WIDTH           ; 1     ; Signed Integer                                                                                                                    ;
; S0_SAI_WIDTH                      ; 1     ; Signed Integer                                                                                                                    ;
; S0_SID_WIDTH                      ; 16    ; Signed Integer                                                                                                                    ;
; S0_USER_ADDRCHK_WIDTH             ; 1     ; Signed Integer                                                                                                                    ;
; S0_WRITE_ADDR_USER_WIDTH          ; 1     ; Signed Integer                                                                                                                    ;
; S0_WRITE_DATA_USER_WIDTH          ; 1     ; Signed Integer                                                                                                                    ;
; S0_WRITE_RESPONSE_DATA_USER_WIDTH ; 1     ; Signed Integer                                                                                                                    ;
; SKIP_USER_ADDRCHK_CAL             ; 1     ; Unsigned Bit Literal                                                                                                              ;
; STROBE_WIDTH                      ; 4     ; Signed Integer                                                                                                                    ;
; USER_DATA_WIDTH                   ; 1     ; Signed Integer                                                                                                                    ;
; USE_M0_ARADDRCHK                  ; 0     ; Signed Integer                                                                                                                    ;
; USE_M0_ARCACHE                    ; 1     ; Signed Integer                                                                                                                    ;
; USE_M0_ARLOCK                     ; 1     ; Signed Integer                                                                                                                    ;
; USE_M0_ARMMUSECSID                ; 0     ; Signed Integer                                                                                                                    ;
; USE_M0_ARMMUSID                   ; 0     ; Signed Integer                                                                                                                    ;
; USE_M0_ARPROT                     ; 1     ; Signed Integer                                                                                                                    ;
; USE_M0_ARQOS                      ; 1     ; Signed Integer                                                                                                                    ;
; USE_M0_ARREGION                   ; 1     ; Signed Integer                                                                                                                    ;
; USE_M0_ARTRACE                    ; 0     ; Signed Integer                                                                                                                    ;
; USE_M0_ARUSER                     ; 1     ; Signed Integer                                                                                                                    ;
; USE_M0_ARUSER_ADDRCHK             ; 1     ; Signed Integer                                                                                                                    ;
; USE_M0_ARUSER_SAI                 ; 1     ; Signed Integer                                                                                                                    ;
; USE_M0_AWADDRCHK                  ; 0     ; Signed Integer                                                                                                                    ;
; USE_M0_AWAKEUP                    ; 0     ; Signed Integer                                                                                                                    ;
; USE_M0_AWATOP                     ; 0     ; Signed Integer                                                                                                                    ;
; USE_M0_AWCACHE                    ; 1     ; Signed Integer                                                                                                                    ;
; USE_M0_AWLOCK                     ; 1     ; Signed Integer                                                                                                                    ;
; USE_M0_AWMMUSECSID                ; 0     ; Signed Integer                                                                                                                    ;
; USE_M0_AWMMUSID                   ; 0     ; Signed Integer                                                                                                                    ;
; USE_M0_AWPROT                     ; 1     ; Signed Integer                                                                                                                    ;
; USE_M0_AWQOS                      ; 1     ; Signed Integer                                                                                                                    ;
; USE_M0_AWREGION                   ; 1     ; Signed Integer                                                                                                                    ;
; USE_M0_AWSTASHLPID                ; 0     ; Signed Integer                                                                                                                    ;
; USE_M0_AWSTASHLPIDEN              ; 0     ; Signed Integer                                                                                                                    ;
; USE_M0_AWSTASHNID                 ; 0     ; Signed Integer                                                                                                                    ;
; USE_M0_AWSTASHNIDEN               ; 0     ; Signed Integer                                                                                                                    ;
; USE_M0_AWTRACE                    ; 0     ; Signed Integer                                                                                                                    ;
; USE_M0_AWUNIQUE                   ; 1     ; Signed Integer                                                                                                                    ;
; USE_M0_AWUSER                     ; 1     ; Signed Integer                                                                                                                    ;
; USE_M0_AWUSER_ADDRCHK             ; 1     ; Signed Integer                                                                                                                    ;
; USE_M0_AWUSER_SAI                 ; 1     ; Signed Integer                                                                                                                    ;
; USE_M0_BRESP                      ; 1     ; Signed Integer                                                                                                                    ;
; USE_M0_BTRACE                     ; 0     ; Signed Integer                                                                                                                    ;
; USE_M0_BUSER                      ; 1     ; Signed Integer                                                                                                                    ;
; USE_M0_RDATACHK                   ; 0     ; Signed Integer                                                                                                                    ;
; USE_M0_RPOISON                    ; 0     ; Signed Integer                                                                                                                    ;
; USE_M0_RRESP                      ; 1     ; Signed Integer                                                                                                                    ;
; USE_M0_RTRACE                     ; 0     ; Signed Integer                                                                                                                    ;
; USE_M0_RUSER                      ; 1     ; Signed Integer                                                                                                                    ;
; USE_M0_RUSER_DATA                 ; 1     ; Signed Integer                                                                                                                    ;
; USE_M0_RUSER_DATACHK              ; 1     ; Signed Integer                                                                                                                    ;
; USE_M0_RUSER_POISON               ; 1     ; Signed Integer                                                                                                                    ;
; USE_M0_WDATACHK                   ; 0     ; Signed Integer                                                                                                                    ;
; USE_M0_WLAST                      ; 1     ; Signed Integer                                                                                                                    ;
; USE_M0_WPOISON                    ; 0     ; Signed Integer                                                                                                                    ;
; USE_M0_WTRACE                     ; 0     ; Signed Integer                                                                                                                    ;
; USE_M0_WUSER                      ; 1     ; Signed Integer                                                                                                                    ;
; USE_M0_WUSER_DATA                 ; 1     ; Signed Integer                                                                                                                    ;
; USE_M0_WUSER_DATACHK              ; 1     ; Signed Integer                                                                                                                    ;
; USE_M0_WUSER_POISON               ; 1     ; Signed Integer                                                                                                                    ;
; USE_S0_ARADDRCHK                  ; 0     ; Signed Integer                                                                                                                    ;
; USE_S0_ARBURST                    ; 1     ; Signed Integer                                                                                                                    ;
; USE_S0_ARCACHE                    ; 0     ; Signed Integer                                                                                                                    ;
; USE_S0_ARID                       ; 0     ; Signed Integer                                                                                                                    ;
; USE_S0_ARLEN                      ; 1     ; Signed Integer                                                                                                                    ;
; USE_S0_ARLOCK                     ; 0     ; Signed Integer                                                                                                                    ;
; USE_S0_ARMMUSECSID                ; 0     ; Signed Integer                                                                                                                    ;
; USE_S0_ARMMUSID                   ; 0     ; Signed Integer                                                                                                                    ;
; USE_S0_ARPROT                     ; 1     ; Signed Integer                                                                                                                    ;
; USE_S0_ARQOS                      ; 0     ; Signed Integer                                                                                                                    ;
; USE_S0_ARREGION                   ; 0     ; Signed Integer                                                                                                                    ;
; USE_S0_ARSIZE                     ; 1     ; Signed Integer                                                                                                                    ;
; USE_S0_ARSNOOP                    ; 1     ; Signed Integer                                                                                                                    ;
; USE_S0_ARTRACE                    ; 0     ; Signed Integer                                                                                                                    ;
; USE_S0_ARUSER                     ; 0     ; Signed Integer                                                                                                                    ;
; USE_S0_ARUSER_ADDRCHK             ; 0     ; Signed Integer                                                                                                                    ;
; USE_S0_ARUSER_SAI                 ; 0     ; Signed Integer                                                                                                                    ;
; USE_S0_AWADDRCHK                  ; 0     ; Signed Integer                                                                                                                    ;
; USE_S0_AWAKEUP                    ; 0     ; Signed Integer                                                                                                                    ;
; USE_S0_AWATOP                     ; 0     ; Signed Integer                                                                                                                    ;
; USE_S0_AWBURST                    ; 1     ; Signed Integer                                                                                                                    ;
; USE_S0_AWCACHE                    ; 0     ; Signed Integer                                                                                                                    ;
; USE_S0_AWID                       ; 0     ; Signed Integer                                                                                                                    ;
; USE_S0_AWLEN                      ; 1     ; Signed Integer                                                                                                                    ;
; USE_S0_AWLOCK                     ; 0     ; Signed Integer                                                                                                                    ;
; USE_S0_AWMMUSECSID                ; 0     ; Signed Integer                                                                                                                    ;
; USE_S0_AWMMUSID                   ; 0     ; Signed Integer                                                                                                                    ;
; USE_S0_AWPROT                     ; 1     ; Signed Integer                                                                                                                    ;
; USE_S0_AWQOS                      ; 0     ; Signed Integer                                                                                                                    ;
; USE_S0_AWREGION                   ; 0     ; Signed Integer                                                                                                                    ;
; USE_S0_AWSIZE                     ; 1     ; Signed Integer                                                                                                                    ;
; USE_S0_AWSNOOP                    ; 1     ; Signed Integer                                                                                                                    ;
; USE_S0_AWSTASHLPID                ; 0     ; Signed Integer                                                                                                                    ;
; USE_S0_AWSTASHLPIDEN              ; 0     ; Signed Integer                                                                                                                    ;
; USE_S0_AWSTASHNID                 ; 0     ; Signed Integer                                                                                                                    ;
; USE_S0_AWSTASHNIDEN               ; 0     ; Signed Integer                                                                                                                    ;
; USE_S0_AWTRACE                    ; 0     ; Signed Integer                                                                                                                    ;
; USE_S0_AWUNIQUE                   ; 0     ; Signed Integer                                                                                                                    ;
; USE_S0_AWUSER                     ; 0     ; Signed Integer                                                                                                                    ;
; USE_S0_AWUSER_ADDRCHK             ; 0     ; Signed Integer                                                                                                                    ;
; USE_S0_AWUSER_SAI                 ; 0     ; Signed Integer                                                                                                                    ;
; USE_S0_BID                        ; 0     ; Signed Integer                                                                                                                    ;
; USE_S0_BRESP                      ; 1     ; Signed Integer                                                                                                                    ;
; USE_S0_BTRACE                     ; 0     ; Signed Integer                                                                                                                    ;
; USE_S0_BUSER                      ; 0     ; Signed Integer                                                                                                                    ;
; USE_S0_RDATACHK                   ; 0     ; Signed Integer                                                                                                                    ;
; USE_S0_RID                        ; 0     ; Signed Integer                                                                                                                    ;
; USE_S0_RLAST                      ; 1     ; Signed Integer                                                                                                                    ;
; USE_S0_RPOISON                    ; 0     ; Signed Integer                                                                                                                    ;
; USE_S0_RRESP                      ; 1     ; Signed Integer                                                                                                                    ;
; USE_S0_RTRACE                     ; 0     ; Signed Integer                                                                                                                    ;
; USE_S0_RUSER                      ; 0     ; Signed Integer                                                                                                                    ;
; USE_S0_RUSER_DATA                 ; 0     ; Signed Integer                                                                                                                    ;
; USE_S0_RUSER_DATACHK              ; 0     ; Signed Integer                                                                                                                    ;
; USE_S0_RUSER_POISON               ; 0     ; Signed Integer                                                                                                                    ;
; USE_S0_WDATACHK                   ; 0     ; Signed Integer                                                                                                                    ;
; USE_S0_WLAST                      ; 1     ; Signed Integer                                                                                                                    ;
; USE_S0_WPOISON                    ; 0     ; Signed Integer                                                                                                                    ;
; USE_S0_WSTRB                      ; 1     ; Signed Integer                                                                                                                    ;
; USE_S0_WTRACE                     ; 0     ; Signed Integer                                                                                                                    ;
; USE_S0_WUSER                      ; 0     ; Signed Integer                                                                                                                    ;
; USE_S0_WUSER_DATA                 ; 0     ; Signed Integer                                                                                                                    ;
; USE_S0_WUSER_DATACHK              ; 0     ; Signed Integer                                                                                                                    ;
; USE_S0_WUSER_POISON               ; 0     ; Signed Integer                                                                                                                    ;
+-----------------------------------+-------+-----------------------------------------------------------------------------------------------------------------------------------+
All Instances:
qsys_top_0|mm_interconnect_0|intel_niosv_g_0_instruction_manager_translator



+--------------------------------------------------------------------------------------------------------------------------------------------------------------------------+
; Parameter Settings for User Entity qsys_top_altera_merlin_slave_translator_191_xg7rzxi Instance: qsys_top_0|mm_interconnect_0|sys_jtag_uart_avalon_jtag_slave_translator ;
+--------------------------------+-------+---------------------------------------------------------------------------------------------------------------------------------+
; Parameter Name                 ; Value ; Type                                                                                                                            ;
+--------------------------------+-------+---------------------------------------------------------------------------------------------------------------------------------+
; AV_ADDRESS_SYMBOLS             ; 0     ; Signed Integer                                                                                                                  ;
; AV_ADDRESS_W                   ; 1     ; Signed Integer                                                                                                                  ;
; AV_BURSTCOUNT_SYMBOLS          ; 0     ; Signed Integer                                                                                                                  ;
; AV_BURSTCOUNT_W                ; 1     ; Signed Integer                                                                                                                  ;
; AV_BYTEENABLE_W                ; 1     ; Signed Integer                                                                                                                  ;
; AV_CONSTANT_BURST_BEHAVIOR     ; 0     ; Signed Integer                                                                                                                  ;
; AV_DATA_HOLD_CYCLES            ; 0     ; Signed Integer                                                                                                                  ;
; AV_DATA_W                      ; 32    ; Signed Integer                                                                                                                  ;
; AV_READLATENCY                 ; 0     ; Signed Integer                                                                                                                  ;
; AV_READ_WAIT_CYCLES            ; 1     ; Signed Integer                                                                                                                  ;
; AV_REQUIRE_UNALIGNED_ADDRESSES ; 0     ; Signed Integer                                                                                                                  ;
; AV_SETUP_WAIT_CYCLES           ; 0     ; Signed Integer                                                                                                                  ;
; AV_SYMBOLS_PER_WORD            ; 4     ; Signed Integer                                                                                                                  ;
; AV_WRITE_WAIT_CYCLES           ; 0     ; Signed Integer                                                                                                                  ;
; BITS_PER_WORD                  ; 2     ; Signed Integer                                                                                                                  ;
; CHIPSELECT_THROUGH_READLATENCY ; 0     ; Signed Integer                                                                                                                  ;
; SYNC_RESET                     ; 1     ; Signed Integer                                                                                                                  ;
; UAV_ADDRESS_W                  ; 32    ; Signed Integer                                                                                                                  ;
; UAV_BURSTCOUNT_W               ; 3     ; Signed Integer                                                                                                                  ;
; UAV_BYTEENABLE_W               ; 4     ; Signed Integer                                                                                                                  ;
; UAV_CONSTANT_BURST_BEHAVIOR    ; 0     ; Signed Integer                                                                                                                  ;
; UAV_DATA_W                     ; 32    ; Signed Integer                                                                                                                  ;
; USE_READDATAVALID              ; 0     ; Signed Integer                                                                                                                  ;
; USE_READRESPONSE               ; 0     ; Signed Integer                                                                                                                  ;
; USE_UAV_CLKEN                  ; 0     ; Signed Integer                                                                                                                  ;
; USE_WAITREQUEST                ; 1     ; Signed Integer                                                                                                                  ;
; USE_WRITERESPONSE              ; 0     ; Signed Integer                                                                                                                  ;
; WAITREQUEST_ALLOWANCE          ; 0     ; Signed Integer                                                                                                                  ;
+--------------------------------+-------+---------------------------------------------------------------------------------------------------------------------------------+
All Instances:
qsys_top_0|mm_interconnect_0|sys_jtag_uart_avalon_jtag_slave_translator



+-----------------------------------------------------------------------------------------------------------------------------------------------------------------+
; Parameter Settings for User Entity qsys_top_altera_merlin_slave_translator_191_xg7rzxi_1 Instance: qsys_top_0|mm_interconnect_0|sys_tse_control_port_translator ;
+--------------------------------+-------+------------------------------------------------------------------------------------------------------------------------+
; Parameter Name                 ; Value ; Type                                                                                                                   ;
+--------------------------------+-------+------------------------------------------------------------------------------------------------------------------------+
; AV_ADDRESS_SYMBOLS             ; 0     ; Signed Integer                                                                                                         ;
; AV_ADDRESS_W                   ; 8     ; Signed Integer                                                                                                         ;
; AV_BURSTCOUNT_SYMBOLS          ; 0     ; Signed Integer                                                                                                         ;
; AV_BURSTCOUNT_W                ; 1     ; Signed Integer                                                                                                         ;
; AV_BYTEENABLE_W                ; 4     ; Signed Integer                                                                                                         ;
; AV_CONSTANT_BURST_BEHAVIOR     ; 0     ; Signed Integer                                                                                                         ;
; AV_DATA_HOLD_CYCLES            ; 0     ; Signed Integer                                                                                                         ;
; AV_DATA_W                      ; 32    ; Signed Integer                                                                                                         ;
; AV_READLATENCY                 ; 0     ; Signed Integer                                                                                                         ;
; AV_READ_WAIT_CYCLES            ; 1     ; Signed Integer                                                                                                         ;
; AV_REQUIRE_UNALIGNED_ADDRESSES ; 0     ; Signed Integer                                                                                                         ;
; AV_SETUP_WAIT_CYCLES           ; 0     ; Signed Integer                                                                                                         ;
; AV_SYMBOLS_PER_WORD            ; 4     ; Signed Integer                                                                                                         ;
; AV_WRITE_WAIT_CYCLES           ; 1     ; Signed Integer                                                                                                         ;
; BITS_PER_WORD                  ; 2     ; Signed Integer                                                                                                         ;
; CHIPSELECT_THROUGH_READLATENCY ; 0     ; Signed Integer                                                                                                         ;
; SYNC_RESET                     ; 1     ; Signed Integer                                                                                                         ;
; UAV_ADDRESS_W                  ; 32    ; Signed Integer                                                                                                         ;
; UAV_BURSTCOUNT_W               ; 3     ; Signed Integer                                                                                                         ;
; UAV_BYTEENABLE_W               ; 4     ; Signed Integer                                                                                                         ;
; UAV_CONSTANT_BURST_BEHAVIOR    ; 0     ; Signed Integer                                                                                                         ;
; UAV_DATA_W                     ; 32    ; Signed Integer                                                                                                         ;
; USE_READDATAVALID              ; 0     ; Signed Integer                                                                                                         ;
; USE_READRESPONSE               ; 0     ; Signed Integer                                                                                                         ;
; USE_UAV_CLKEN                  ; 0     ; Signed Integer                                                                                                         ;
; USE_WAITREQUEST                ; 1     ; Signed Integer                                                                                                         ;
; USE_WRITERESPONSE              ; 0     ; Signed Integer                                                                                                         ;
; WAITREQUEST_ALLOWANCE          ; 0     ; Signed Integer                                                                                                         ;
+--------------------------------+-------+------------------------------------------------------------------------------------------------------------------------+
All Instances:
qsys_top_0|mm_interconnect_0|sys_tse_control_port_translator



+--------------------------------------------------------------------------------------------------------------------------------------------------------------------+
; Parameter Settings for User Entity qsys_top_altera_merlin_slave_translator_191_xg7rzxi_2 Instance: qsys_top_0|mm_interconnect_0|sys_sysid_control_slave_translator ;
+--------------------------------+-------+---------------------------------------------------------------------------------------------------------------------------+
; Parameter Name                 ; Value ; Type                                                                                                                      ;
+--------------------------------+-------+---------------------------------------------------------------------------------------------------------------------------+
; AV_ADDRESS_SYMBOLS             ; 0     ; Signed Integer                                                                                                            ;
; AV_ADDRESS_W                   ; 1     ; Signed Integer                                                                                                            ;
; AV_BURSTCOUNT_SYMBOLS          ; 0     ; Signed Integer                                                                                                            ;
; AV_BURSTCOUNT_W                ; 1     ; Signed Integer                                                                                                            ;
; AV_BYTEENABLE_W                ; 4     ; Signed Integer                                                                                                            ;
; AV_CONSTANT_BURST_BEHAVIOR     ; 0     ; Signed Integer                                                                                                            ;
; AV_DATA_HOLD_CYCLES            ; 0     ; Signed Integer                                                                                                            ;
; AV_DATA_W                      ; 32    ; Signed Integer                                                                                                            ;
; AV_READLATENCY                 ; 0     ; Signed Integer                                                                                                            ;
; AV_READ_WAIT_CYCLES            ; 1     ; Signed Integer                                                                                                            ;
; AV_REQUIRE_UNALIGNED_ADDRESSES ; 0     ; Signed Integer                                                                                                            ;
; AV_SETUP_WAIT_CYCLES           ; 0     ; Signed Integer                                                                                                            ;
; AV_SYMBOLS_PER_WORD            ; 4     ; Signed Integer                                                                                                            ;
; AV_WRITE_WAIT_CYCLES           ; 0     ; Signed Integer                                                                                                            ;
; BITS_PER_WORD                  ; 2     ; Signed Integer                                                                                                            ;
; CHIPSELECT_THROUGH_READLATENCY ; 0     ; Signed Integer                                                                                                            ;
; SYNC_RESET                     ; 1     ; Signed Integer                                                                                                            ;
; UAV_ADDRESS_W                  ; 32    ; Signed Integer                                                                                                            ;
; UAV_BURSTCOUNT_W               ; 3     ; Signed Integer                                                                                                            ;
; UAV_BYTEENABLE_W               ; 4     ; Signed Integer                                                                                                            ;
; UAV_CONSTANT_BURST_BEHAVIOR    ; 0     ; Signed Integer                                                                                                            ;
; UAV_DATA_W                     ; 32    ; Signed Integer                                                                                                            ;
; USE_READDATAVALID              ; 0     ; Signed Integer                                                                                                            ;
; USE_READRESPONSE               ; 0     ; Signed Integer                                                                                                            ;
; USE_UAV_CLKEN                  ; 0     ; Signed Integer                                                                                                            ;
; USE_WAITREQUEST                ; 0     ; Signed Integer                                                                                                            ;
; USE_WRITERESPONSE              ; 0     ; Signed Integer                                                                                                            ;
; WAITREQUEST_ALLOWANCE          ; 0     ; Signed Integer                                                                                                            ;
+--------------------------------+-------+---------------------------------------------------------------------------------------------------------------------------+
All Instances:
qsys_top_0|mm_interconnect_0|sys_sysid_control_slave_translator



+------------------------------------------------------------------------------------------------------------------------------------------------------------------+
; Parameter Settings for User Entity qsys_top_altera_merlin_slave_translator_191_xg7rzxi_3 Instance: qsys_top_0|mm_interconnect_0|sys_tse_msgdma_tx_csr_translator ;
+--------------------------------+-------+-------------------------------------------------------------------------------------------------------------------------+
; Parameter Name                 ; Value ; Type                                                                                                                    ;
+--------------------------------+-------+-------------------------------------------------------------------------------------------------------------------------+
; AV_ADDRESS_SYMBOLS             ; 0     ; Signed Integer                                                                                                          ;
; AV_ADDRESS_W                   ; 3     ; Signed Integer                                                                                                          ;
; AV_BURSTCOUNT_SYMBOLS          ; 0     ; Signed Integer                                                                                                          ;
; AV_BURSTCOUNT_W                ; 1     ; Signed Integer                                                                                                          ;
; AV_BYTEENABLE_W                ; 4     ; Signed Integer                                                                                                          ;
; AV_CONSTANT_BURST_BEHAVIOR     ; 0     ; Signed Integer                                                                                                          ;
; AV_DATA_HOLD_CYCLES            ; 0     ; Signed Integer                                                                                                          ;
; AV_DATA_W                      ; 32    ; Signed Integer                                                                                                          ;
; AV_READLATENCY                 ; 1     ; Signed Integer                                                                                                          ;
; AV_READ_WAIT_CYCLES            ; 1     ; Signed Integer                                                                                                          ;
; AV_REQUIRE_UNALIGNED_ADDRESSES ; 0     ; Signed Integer                                                                                                          ;
; AV_SETUP_WAIT_CYCLES           ; 0     ; Signed Integer                                                                                                          ;
; AV_SYMBOLS_PER_WORD            ; 4     ; Signed Integer                                                                                                          ;
; AV_WRITE_WAIT_CYCLES           ; 0     ; Signed Integer                                                                                                          ;
; BITS_PER_WORD                  ; 2     ; Signed Integer                                                                                                          ;
; CHIPSELECT_THROUGH_READLATENCY ; 0     ; Signed Integer                                                                                                          ;
; SYNC_RESET                     ; 1     ; Signed Integer                                                                                                          ;
; UAV_ADDRESS_W                  ; 32    ; Signed Integer                                                                                                          ;
; UAV_BURSTCOUNT_W               ; 3     ; Signed Integer                                                                                                          ;
; UAV_BYTEENABLE_W               ; 4     ; Signed Integer                                                                                                          ;
; UAV_CONSTANT_BURST_BEHAVIOR    ; 0     ; Signed Integer                                                                                                          ;
; UAV_DATA_W                     ; 32    ; Signed Integer                                                                                                          ;
; USE_READDATAVALID              ; 0     ; Signed Integer                                                                                                          ;
; USE_READRESPONSE               ; 0     ; Signed Integer                                                                                                          ;
; USE_UAV_CLKEN                  ; 0     ; Signed Integer                                                                                                          ;
; USE_WAITREQUEST                ; 0     ; Signed Integer                                                                                                          ;
; USE_WRITERESPONSE              ; 0     ; Signed Integer                                                                                                          ;
; WAITREQUEST_ALLOWANCE          ; 0     ; Signed Integer                                                                                                          ;
+--------------------------------+-------+-------------------------------------------------------------------------------------------------------------------------+
All Instances:
qsys_top_0|mm_interconnect_0|sys_tse_msgdma_rx_csr_translator
qsys_top_0|mm_interconnect_0|sys_tse_msgdma_tx_csr_translator



+---------------------------------------------------------------------------------------------------------------------------------------------------------------------+
; Parameter Settings for User Entity qsys_top_altera_merlin_slave_translator_191_xg7rzxi_4 Instance: qsys_top_0|mm_interconnect_0|intel_niosv_g_0_dm_agent_translator ;
+--------------------------------+-------+----------------------------------------------------------------------------------------------------------------------------+
; Parameter Name                 ; Value ; Type                                                                                                                       ;
+--------------------------------+-------+----------------------------------------------------------------------------------------------------------------------------+
; AV_ADDRESS_SYMBOLS             ; 1     ; Signed Integer                                                                                                             ;
; AV_ADDRESS_W                   ; 16    ; Signed Integer                                                                                                             ;
; AV_BURSTCOUNT_SYMBOLS          ; 0     ; Signed Integer                                                                                                             ;
; AV_BURSTCOUNT_W                ; 1     ; Signed Integer                                                                                                             ;
; AV_BYTEENABLE_W                ; 4     ; Signed Integer                                                                                                             ;
; AV_CONSTANT_BURST_BEHAVIOR     ; 0     ; Signed Integer                                                                                                             ;
; AV_DATA_HOLD_CYCLES            ; 0     ; Signed Integer                                                                                                             ;
; AV_DATA_W                      ; 32    ; Signed Integer                                                                                                             ;
; AV_READLATENCY                 ; 0     ; Signed Integer                                                                                                             ;
; AV_READ_WAIT_CYCLES            ; 1     ; Signed Integer                                                                                                             ;
; AV_REQUIRE_UNALIGNED_ADDRESSES ; 0     ; Signed Integer                                                                                                             ;
; AV_SETUP_WAIT_CYCLES           ; 0     ; Signed Integer                                                                                                             ;
; AV_SYMBOLS_PER_WORD            ; 4     ; Signed Integer                                                                                                             ;
; AV_WRITE_WAIT_CYCLES           ; 0     ; Signed Integer                                                                                                             ;
; BITS_PER_WORD                  ; 2     ; Signed Integer                                                                                                             ;
; CHIPSELECT_THROUGH_READLATENCY ; 0     ; Signed Integer                                                                                                             ;
; SYNC_RESET                     ; 1     ; Signed Integer                                                                                                             ;
; UAV_ADDRESS_W                  ; 32    ; Signed Integer                                                                                                             ;
; UAV_BURSTCOUNT_W               ; 3     ; Signed Integer                                                                                                             ;
; UAV_BYTEENABLE_W               ; 4     ; Signed Integer                                                                                                             ;
; UAV_CONSTANT_BURST_BEHAVIOR    ; 0     ; Signed Integer                                                                                                             ;
; UAV_DATA_W                     ; 32    ; Signed Integer                                                                                                             ;
; USE_READDATAVALID              ; 1     ; Signed Integer                                                                                                             ;
; USE_READRESPONSE               ; 0     ; Signed Integer                                                                                                             ;
; USE_UAV_CLKEN                  ; 0     ; Signed Integer                                                                                                             ;
; USE_WAITREQUEST                ; 1     ; Signed Integer                                                                                                             ;
; USE_WRITERESPONSE              ; 0     ; Signed Integer                                                                                                             ;
; WAITREQUEST_ALLOWANCE          ; 0     ; Signed Integer                                                                                                             ;
+--------------------------------+-------+----------------------------------------------------------------------------------------------------------------------------+
All Instances:
qsys_top_0|mm_interconnect_0|intel_niosv_g_0_dm_agent_translator



+-----------------------------------------------------------------------------------------------------------------------------------------------------------------------------+
; Parameter Settings for User Entity qsys_top_altera_merlin_slave_translator_191_xg7rzxi_5 Instance: qsys_top_0|mm_interconnect_0|sys_tse_msgdma_tx_prefetcher_csr_translator ;
+--------------------------------+-------+------------------------------------------------------------------------------------------------------------------------------------+
; Parameter Name                 ; Value ; Type                                                                                                                               ;
+--------------------------------+-------+------------------------------------------------------------------------------------------------------------------------------------+
; AV_ADDRESS_SYMBOLS             ; 0     ; Signed Integer                                                                                                                     ;
; AV_ADDRESS_W                   ; 3     ; Signed Integer                                                                                                                     ;
; AV_BURSTCOUNT_SYMBOLS          ; 0     ; Signed Integer                                                                                                                     ;
; AV_BURSTCOUNT_W                ; 1     ; Signed Integer                                                                                                                     ;
; AV_BYTEENABLE_W                ; 4     ; Signed Integer                                                                                                                     ;
; AV_CONSTANT_BURST_BEHAVIOR     ; 0     ; Signed Integer                                                                                                                     ;
; AV_DATA_HOLD_CYCLES            ; 0     ; Signed Integer                                                                                                                     ;
; AV_DATA_W                      ; 32    ; Signed Integer                                                                                                                     ;
; AV_READLATENCY                 ; 1     ; Signed Integer                                                                                                                     ;
; AV_READ_WAIT_CYCLES            ; 0     ; Signed Integer                                                                                                                     ;
; AV_REQUIRE_UNALIGNED_ADDRESSES ; 0     ; Signed Integer                                                                                                                     ;
; AV_SETUP_WAIT_CYCLES           ; 0     ; Signed Integer                                                                                                                     ;
; AV_SYMBOLS_PER_WORD            ; 4     ; Signed Integer                                                                                                                     ;
; AV_WRITE_WAIT_CYCLES           ; 0     ; Signed Integer                                                                                                                     ;
; BITS_PER_WORD                  ; 2     ; Signed Integer                                                                                                                     ;
; CHIPSELECT_THROUGH_READLATENCY ; 0     ; Signed Integer                                                                                                                     ;
; SYNC_RESET                     ; 1     ; Signed Integer                                                                                                                     ;
; UAV_ADDRESS_W                  ; 32    ; Signed Integer                                                                                                                     ;
; UAV_BURSTCOUNT_W               ; 3     ; Signed Integer                                                                                                                     ;
; UAV_BYTEENABLE_W               ; 4     ; Signed Integer                                                                                                                     ;
; UAV_CONSTANT_BURST_BEHAVIOR    ; 0     ; Signed Integer                                                                                                                     ;
; UAV_DATA_W                     ; 32    ; Signed Integer                                                                                                                     ;
; USE_READDATAVALID              ; 0     ; Signed Integer                                                                                                                     ;
; USE_READRESPONSE               ; 0     ; Signed Integer                                                                                                                     ;
; USE_UAV_CLKEN                  ; 0     ; Signed Integer                                                                                                                     ;
; USE_WAITREQUEST                ; 0     ; Signed Integer                                                                                                                     ;
; USE_WRITERESPONSE              ; 0     ; Signed Integer                                                                                                                     ;
; WAITREQUEST_ALLOWANCE          ; 0     ; Signed Integer                                                                                                                     ;
+--------------------------------+-------+------------------------------------------------------------------------------------------------------------------------------------+
All Instances:
qsys_top_0|mm_interconnect_0|sys_tse_msgdma_rx_prefetcher_csr_translator
qsys_top_0|mm_interconnect_0|sys_tse_msgdma_tx_prefetcher_csr_translator



+-----------------------------------------------------------------------------------------------------------------------------------------------------------+
; Parameter Settings for User Entity qsys_top_altera_merlin_slave_translator_191_xg7rzxi_6 Instance: qsys_top_0|mm_interconnect_0|sys_cpu_ram_s1_translator ;
+--------------------------------+-------+------------------------------------------------------------------------------------------------------------------+
; Parameter Name                 ; Value ; Type                                                                                                             ;
+--------------------------------+-------+------------------------------------------------------------------------------------------------------------------+
; AV_ADDRESS_SYMBOLS             ; 0     ; Signed Integer                                                                                                   ;
; AV_ADDRESS_W                   ; 19    ; Signed Integer                                                                                                   ;
; AV_BURSTCOUNT_SYMBOLS          ; 0     ; Signed Integer                                                                                                   ;
; AV_BURSTCOUNT_W                ; 1     ; Signed Integer                                                                                                   ;
; AV_BYTEENABLE_W                ; 4     ; Signed Integer                                                                                                   ;
; AV_CONSTANT_BURST_BEHAVIOR     ; 0     ; Signed Integer                                                                                                   ;
; AV_DATA_HOLD_CYCLES            ; 0     ; Signed Integer                                                                                                   ;
; AV_DATA_W                      ; 32    ; Signed Integer                                                                                                   ;
; AV_READLATENCY                 ; 1     ; Signed Integer                                                                                                   ;
; AV_READ_WAIT_CYCLES            ; 0     ; Signed Integer                                                                                                   ;
; AV_REQUIRE_UNALIGNED_ADDRESSES ; 0     ; Signed Integer                                                                                                   ;
; AV_SETUP_WAIT_CYCLES           ; 0     ; Signed Integer                                                                                                   ;
; AV_SYMBOLS_PER_WORD            ; 4     ; Signed Integer                                                                                                   ;
; AV_WRITE_WAIT_CYCLES           ; 0     ; Signed Integer                                                                                                   ;
; BITS_PER_WORD                  ; 2     ; Signed Integer                                                                                                   ;
; CHIPSELECT_THROUGH_READLATENCY ; 0     ; Signed Integer                                                                                                   ;
; SYNC_RESET                     ; 1     ; Signed Integer                                                                                                   ;
; UAV_ADDRESS_W                  ; 32    ; Signed Integer                                                                                                   ;
; UAV_BURSTCOUNT_W               ; 3     ; Signed Integer                                                                                                   ;
; UAV_BYTEENABLE_W               ; 4     ; Signed Integer                                                                                                   ;
; UAV_CONSTANT_BURST_BEHAVIOR    ; 0     ; Signed Integer                                                                                                   ;
; UAV_DATA_W                     ; 32    ; Signed Integer                                                                                                   ;
; USE_READDATAVALID              ; 0     ; Signed Integer                                                                                                   ;
; USE_READRESPONSE               ; 0     ; Signed Integer                                                                                                   ;
; USE_UAV_CLKEN                  ; 0     ; Signed Integer                                                                                                   ;
; USE_WAITREQUEST                ; 0     ; Signed Integer                                                                                                   ;
; USE_WRITERESPONSE              ; 0     ; Signed Integer                                                                                                   ;
; WAITREQUEST_ALLOWANCE          ; 0     ; Signed Integer                                                                                                   ;
+--------------------------------+-------+------------------------------------------------------------------------------------------------------------------+
All Instances:
qsys_top_0|mm_interconnect_0|sys_cpu_ram_s1_translator



+------------------------------------------------------------------------------------------------------------------------------------------------------------+
; Parameter Settings for User Entity qsys_top_altera_merlin_slave_translator_191_xg7rzxi_7 Instance: qsys_top_0|mm_interconnect_0|sys_desc_mem_s1_translator ;
+--------------------------------+-------+-------------------------------------------------------------------------------------------------------------------+
; Parameter Name                 ; Value ; Type                                                                                                              ;
+--------------------------------+-------+-------------------------------------------------------------------------------------------------------------------+
; AV_ADDRESS_SYMBOLS             ; 0     ; Signed Integer                                                                                                    ;
; AV_ADDRESS_W                   ; 11    ; Signed Integer                                                                                                    ;
; AV_BURSTCOUNT_SYMBOLS          ; 0     ; Signed Integer                                                                                                    ;
; AV_BURSTCOUNT_W                ; 1     ; Signed Integer                                                                                                    ;
; AV_BYTEENABLE_W                ; 4     ; Signed Integer                                                                                                    ;
; AV_CONSTANT_BURST_BEHAVIOR     ; 0     ; Signed Integer                                                                                                    ;
; AV_DATA_HOLD_CYCLES            ; 0     ; Signed Integer                                                                                                    ;
; AV_DATA_W                      ; 32    ; Signed Integer                                                                                                    ;
; AV_READLATENCY                 ; 1     ; Signed Integer                                                                                                    ;
; AV_READ_WAIT_CYCLES            ; 0     ; Signed Integer                                                                                                    ;
; AV_REQUIRE_UNALIGNED_ADDRESSES ; 0     ; Signed Integer                                                                                                    ;
; AV_SETUP_WAIT_CYCLES           ; 0     ; Signed Integer                                                                                                    ;
; AV_SYMBOLS_PER_WORD            ; 4     ; Signed Integer                                                                                                    ;
; AV_WRITE_WAIT_CYCLES           ; 0     ; Signed Integer                                                                                                    ;
; BITS_PER_WORD                  ; 2     ; Signed Integer                                                                                                    ;
; CHIPSELECT_THROUGH_READLATENCY ; 0     ; Signed Integer                                                                                                    ;
; SYNC_RESET                     ; 1     ; Signed Integer                                                                                                    ;
; UAV_ADDRESS_W                  ; 32    ; Signed Integer                                                                                                    ;
; UAV_BURSTCOUNT_W               ; 3     ; Signed Integer                                                                                                    ;
; UAV_BYTEENABLE_W               ; 4     ; Signed Integer                                                                                                    ;
; UAV_CONSTANT_BURST_BEHAVIOR    ; 0     ; Signed Integer                                                                                                    ;
; UAV_DATA_W                     ; 32    ; Signed Integer                                                                                                    ;
; USE_READDATAVALID              ; 0     ; Signed Integer                                                                                                    ;
; USE_READRESPONSE               ; 0     ; Signed Integer                                                                                                    ;
; USE_UAV_CLKEN                  ; 0     ; Signed Integer                                                                                                    ;
; USE_WAITREQUEST                ; 0     ; Signed Integer                                                                                                    ;
; USE_WRITERESPONSE              ; 0     ; Signed Integer                                                                                                    ;
; WAITREQUEST_ALLOWANCE          ; 0     ; Signed Integer                                                                                                    ;
+--------------------------------+-------+-------------------------------------------------------------------------------------------------------------------+
All Instances:
qsys_top_0|mm_interconnect_0|sys_desc_mem_s1_translator



+-----------------------------------------------------------------------------------------------------------------------------------------------------------+
; Parameter Settings for User Entity qsys_top_altera_merlin_slave_translator_191_xg7rzxi_8 Instance: qsys_top_0|mm_interconnect_0|sys_led_pio_s1_translator ;
+--------------------------------+-------+------------------------------------------------------------------------------------------------------------------+
; Parameter Name                 ; Value ; Type                                                                                                             ;
+--------------------------------+-------+------------------------------------------------------------------------------------------------------------------+
; AV_ADDRESS_SYMBOLS             ; 0     ; Signed Integer                                                                                                   ;
; AV_ADDRESS_W                   ; 2     ; Signed Integer                                                                                                   ;
; AV_BURSTCOUNT_SYMBOLS          ; 0     ; Signed Integer                                                                                                   ;
; AV_BURSTCOUNT_W                ; 1     ; Signed Integer                                                                                                   ;
; AV_BYTEENABLE_W                ; 1     ; Signed Integer                                                                                                   ;
; AV_CONSTANT_BURST_BEHAVIOR     ; 0     ; Signed Integer                                                                                                   ;
; AV_DATA_HOLD_CYCLES            ; 0     ; Signed Integer                                                                                                   ;
; AV_DATA_W                      ; 32    ; Signed Integer                                                                                                   ;
; AV_READLATENCY                 ; 0     ; Signed Integer                                                                                                   ;
; AV_READ_WAIT_CYCLES            ; 1     ; Signed Integer                                                                                                   ;
; AV_REQUIRE_UNALIGNED_ADDRESSES ; 0     ; Signed Integer                                                                                                   ;
; AV_SETUP_WAIT_CYCLES           ; 0     ; Signed Integer                                                                                                   ;
; AV_SYMBOLS_PER_WORD            ; 4     ; Signed Integer                                                                                                   ;
; AV_WRITE_WAIT_CYCLES           ; 0     ; Signed Integer                                                                                                   ;
; BITS_PER_WORD                  ; 2     ; Signed Integer                                                                                                   ;
; CHIPSELECT_THROUGH_READLATENCY ; 0     ; Signed Integer                                                                                                   ;
; SYNC_RESET                     ; 1     ; Signed Integer                                                                                                   ;
; UAV_ADDRESS_W                  ; 32    ; Signed Integer                                                                                                   ;
; UAV_BURSTCOUNT_W               ; 3     ; Signed Integer                                                                                                   ;
; UAV_BYTEENABLE_W               ; 4     ; Signed Integer                                                                                                   ;
; UAV_CONSTANT_BURST_BEHAVIOR    ; 0     ; Signed Integer                                                                                                   ;
; UAV_DATA_W                     ; 32    ; Signed Integer                                                                                                   ;
; USE_READDATAVALID              ; 0     ; Signed Integer                                                                                                   ;
; USE_READRESPONSE               ; 0     ; Signed Integer                                                                                                   ;
; USE_UAV_CLKEN                  ; 0     ; Signed Integer                                                                                                   ;
; USE_WAITREQUEST                ; 0     ; Signed Integer                                                                                                   ;
; USE_WRITERESPONSE              ; 0     ; Signed Integer                                                                                                   ;
; WAITREQUEST_ALLOWANCE          ; 0     ; Signed Integer                                                                                                   ;
+--------------------------------+-------+------------------------------------------------------------------------------------------------------------------+
All Instances:
qsys_top_0|mm_interconnect_0|sys_led_pio_s1_translator



+---------------------------------------------------------------------------------------------------------------------------------------------------------------------------+
; Parameter Settings for User Entity qsys_top_altera_merlin_slave_translator_191_xg7rzxi_9 Instance: qsys_top_0|mm_interconnect_0|intel_niosv_g_0_timer_sw_agent_translator ;
+--------------------------------+-------+----------------------------------------------------------------------------------------------------------------------------------+
; Parameter Name                 ; Value ; Type                                                                                                                             ;
+--------------------------------+-------+----------------------------------------------------------------------------------------------------------------------------------+
; AV_ADDRESS_SYMBOLS             ; 1     ; Signed Integer                                                                                                                   ;
; AV_ADDRESS_W                   ; 6     ; Signed Integer                                                                                                                   ;
; AV_BURSTCOUNT_SYMBOLS          ; 0     ; Signed Integer                                                                                                                   ;
; AV_BURSTCOUNT_W                ; 1     ; Signed Integer                                                                                                                   ;
; AV_BYTEENABLE_W                ; 4     ; Signed Integer                                                                                                                   ;
; AV_CONSTANT_BURST_BEHAVIOR     ; 0     ; Signed Integer                                                                                                                   ;
; AV_DATA_HOLD_CYCLES            ; 0     ; Signed Integer                                                                                                                   ;
; AV_DATA_W                      ; 32    ; Signed Integer                                                                                                                   ;
; AV_READLATENCY                 ; 0     ; Signed Integer                                                                                                                   ;
; AV_READ_WAIT_CYCLES            ; 1     ; Signed Integer                                                                                                                   ;
; AV_REQUIRE_UNALIGNED_ADDRESSES ; 0     ; Signed Integer                                                                                                                   ;
; AV_SETUP_WAIT_CYCLES           ; 0     ; Signed Integer                                                                                                                   ;
; AV_SYMBOLS_PER_WORD            ; 4     ; Signed Integer                                                                                                                   ;
; AV_WRITE_WAIT_CYCLES           ; 0     ; Signed Integer                                                                                                                   ;
; BITS_PER_WORD                  ; 2     ; Signed Integer                                                                                                                   ;
; CHIPSELECT_THROUGH_READLATENCY ; 0     ; Signed Integer                                                                                                                   ;
; SYNC_RESET                     ; 1     ; Signed Integer                                                                                                                   ;
; UAV_ADDRESS_W                  ; 32    ; Signed Integer                                                                                                                   ;
; UAV_BURSTCOUNT_W               ; 3     ; Signed Integer                                                                                                                   ;
; UAV_BYTEENABLE_W               ; 4     ; Signed Integer                                                                                                                   ;
; UAV_CONSTANT_BURST_BEHAVIOR    ; 0     ; Signed Integer                                                                                                                   ;
; UAV_DATA_W                     ; 32    ; Signed Integer                                                                                                                   ;
; USE_READDATAVALID              ; 1     ; Signed Integer                                                                                                                   ;
; USE_READRESPONSE               ; 0     ; Signed Integer                                                                                                                   ;
; USE_UAV_CLKEN                  ; 0     ; Signed Integer                                                                                                                   ;
; USE_WAITREQUEST                ; 1     ; Signed Integer                                                                                                                   ;
; USE_WRITERESPONSE              ; 0     ; Signed Integer                                                                                                                   ;
; WAITREQUEST_ALLOWANCE          ; 0     ; Signed Integer                                                                                                                   ;
+--------------------------------+-------+----------------------------------------------------------------------------------------------------------------------------------+
All Instances:
qsys_top_0|mm_interconnect_0|intel_niosv_g_0_timer_sw_agent_translator



+-----------------------------------------------------------------------------------------------------------------------------------------------------------------+
; Parameter Settings for User Entity qsys_top_altera_merlin_axi_master_ni_19113_puqzalq Instance: qsys_top_0|mm_interconnect_0|intel_niosv_g_0_data_manager_agent ;
+---------------------------+-------+-----------------------------------------------------------------------------------------------------------------------------+
; Parameter Name            ; Value ; Type                                                                                                                        ;
+---------------------------+-------+-----------------------------------------------------------------------------------------------------------------------------+
; ACE5_LITE_SUPPORT         ; 0     ; Signed Integer                                                                                                              ;
; ACE_LITE_SUPPORT          ; 0     ; Signed Integer                                                                                                              ;
; ADDRCHK_WIDTH             ; 1     ; Signed Integer                                                                                                              ;
; ADDR_USER_WIDTH           ; 1     ; Signed Integer                                                                                                              ;
; ADDR_WIDTH                ; 32    ; Signed Integer                                                                                                              ;
; AWSNOOP_WIDTH             ; 3     ; Signed Integer                                                                                                              ;
; AXI_BURST_LENGTH_WIDTH    ; 8     ; Signed Integer                                                                                                              ;
; AXI_LOCK_WIDTH            ; 1     ; Signed Integer                                                                                                              ;
; AXI_VERSION               ; AXI4  ; String                                                                                                                      ;
; DATACHK_WIDTH             ; 4     ; Signed Integer                                                                                                              ;
; DATA_USER_WIDTH           ; 1     ; Signed Integer                                                                                                              ;
; ID                        ; 0     ; Signed Integer                                                                                                              ;
; ID_WIDTH                  ; 1     ; Signed Integer                                                                                                              ;
; PADDING_ZERO              ; -24   ; Untyped                                                                                                                     ;
; PARITY_ADDR_WIDTH         ; 8     ; Signed Integer                                                                                                              ;
; PKT_ADDRCHK_H             ; 138   ; Signed Integer                                                                                                              ;
; PKT_ADDRCHK_L             ; 137   ; Signed Integer                                                                                                              ;
; PKT_ADDR_H                ; 67    ; Signed Integer                                                                                                              ;
; PKT_ADDR_L                ; 36    ; Signed Integer                                                                                                              ;
; PKT_ADDR_SIDEBAND_H       ; 97    ; Signed Integer                                                                                                              ;
; PKT_ADDR_SIDEBAND_L       ; 97    ; Signed Integer                                                                                                              ;
; PKT_ADDR_W                ; 32    ; Signed Integer                                                                                                              ;
; PKT_ATRACE                ; 149   ; Signed Integer                                                                                                              ;
; PKT_AWAKEUP               ; 151   ; Signed Integer                                                                                                              ;
; PKT_AWATOP_H              ; 157   ; Signed Integer                                                                                                              ;
; PKT_AWATOP_L              ; 152   ; Signed Integer                                                                                                              ;
; PKT_AWSTASHLPIDEN         ; 175   ; Signed Integer                                                                                                              ;
; PKT_AWSTASHLPID_H         ; 174   ; Signed Integer                                                                                                              ;
; PKT_AWSTASHLPID_L         ; 170   ; Signed Integer                                                                                                              ;
; PKT_AWSTASHNIDEN          ; 169   ; Signed Integer                                                                                                              ;
; PKT_AWSTASHNID_H          ; 168   ; Signed Integer                                                                                                              ;
; PKT_AWSTASHNID_L          ; 158   ; Signed Integer                                                                                                              ;
; PKT_BARRIER_H             ; 126   ; Signed Integer                                                                                                              ;
; PKT_BARRIER_L             ; 125   ; Signed Integer                                                                                                              ;
; PKT_BEGIN_BURST           ; 99    ; Signed Integer                                                                                                              ;
; PKT_BURSTWRAP_H           ; 91    ; Signed Integer                                                                                                              ;
; PKT_BURSTWRAP_L           ; 85    ; Signed Integer                                                                                                              ;
; PKT_BURSTWRAP_W           ; 7     ; Signed Integer                                                                                                              ;
; PKT_BURST_SIZE_H          ; 94    ; Signed Integer                                                                                                              ;
; PKT_BURST_SIZE_L          ; 92    ; Signed Integer                                                                                                              ;
; PKT_BURST_TYPE_H          ; 96    ; Signed Integer                                                                                                              ;
; PKT_BURST_TYPE_L          ; 95    ; Signed Integer                                                                                                              ;
; PKT_BYTEEN_H              ; 35    ; Signed Integer                                                                                                              ;
; PKT_BYTEEN_L              ; 32    ; Signed Integer                                                                                                              ;
; PKT_BYTEEN_W              ; 4     ; Signed Integer                                                                                                              ;
; PKT_BYTE_CNT_H            ; 84    ; Signed Integer                                                                                                              ;
; PKT_BYTE_CNT_L            ; 74    ; Signed Integer                                                                                                              ;
; PKT_BYTE_CNT_W            ; 11    ; Signed Integer                                                                                                              ;
; PKT_CACHE_H               ; 119   ; Signed Integer                                                                                                              ;
; PKT_CACHE_L               ; 116   ; Signed Integer                                                                                                              ;
; PKT_DATACHK_H             ; 135   ; Signed Integer                                                                                                              ;
; PKT_DATACHK_L             ; 135   ; Signed Integer                                                                                                              ;
; PKT_DATALESS              ; 178   ; Signed Integer                                                                                                              ;
; PKT_DATA_H                ; 31    ; Signed Integer                                                                                                              ;
; PKT_DATA_L                ; 0     ; Signed Integer                                                                                                              ;
; PKT_DATA_SIDEBAND_H       ; 98    ; Signed Integer                                                                                                              ;
; PKT_DATA_SIDEBAND_L       ; 98    ; Signed Integer                                                                                                              ;
; PKT_DATA_W                ; 32    ; Signed Integer                                                                                                              ;
; PKT_DEST_ID_H             ; 111   ; Signed Integer                                                                                                              ;
; PKT_DEST_ID_L             ; 108   ; Signed Integer                                                                                                              ;
; PKT_DEST_ID_W             ; 4     ; Signed Integer                                                                                                              ;
; PKT_DOMAIN_H              ; 132   ; Signed Integer                                                                                                              ;
; PKT_DOMAIN_L              ; 131   ; Signed Integer                                                                                                              ;
; PKT_EOP_OOO               ; 140   ; Signed Integer                                                                                                              ;
; PKT_MMUSECSID             ; 177   ; Signed Integer                                                                                                              ;
; PKT_MMUSID_H              ; 176   ; Signed Integer                                                                                                              ;
; PKT_MMUSID_L              ; 176   ; Signed Integer                                                                                                              ;
; PKT_ORI_BURST_SIZE_H      ; 124   ; Signed Integer                                                                                                              ;
; PKT_ORI_BURST_SIZE_L      ; 122   ; Signed Integer                                                                                                              ;
; PKT_POISON_H              ; 134   ; Signed Integer                                                                                                              ;
; PKT_POISON_L              ; 134   ; Signed Integer                                                                                                              ;
; PKT_PROTECTION_H          ; 115   ; Signed Integer                                                                                                              ;
; PKT_PROTECTION_L          ; 113   ; Signed Integer                                                                                                              ;
; PKT_QOS_H                 ; 103   ; Signed Integer                                                                                                              ;
; PKT_QOS_L                 ; 100   ; Signed Integer                                                                                                              ;
; PKT_RESPONSE_STATUS_H     ; 121   ; Signed Integer                                                                                                              ;
; PKT_RESPONSE_STATUS_L     ; 120   ; Signed Integer                                                                                                              ;
; PKT_SAI_H                 ; 139   ; Signed Integer                                                                                                              ;
; PKT_SAI_L                 ; 139   ; Signed Integer                                                                                                              ;
; PKT_SNOOP_H               ; 130   ; Signed Integer                                                                                                              ;
; PKT_SNOOP_L               ; 127   ; Signed Integer                                                                                                              ;
; PKT_SOP_OOO               ; 141   ; Signed Integer                                                                                                              ;
; PKT_SRC_ID_H              ; 107   ; Signed Integer                                                                                                              ;
; PKT_SRC_ID_L              ; 104   ; Signed Integer                                                                                                              ;
; PKT_SRC_ID_W              ; 4     ; Signed Integer                                                                                                              ;
; PKT_THREAD_ID_H           ; 112   ; Signed Integer                                                                                                              ;
; PKT_THREAD_ID_L           ; 112   ; Signed Integer                                                                                                              ;
; PKT_TRACE                 ; 150   ; Signed Integer                                                                                                              ;
; PKT_TRANS_COMPRESSED_READ ; 68    ; Signed Integer                                                                                                              ;
; PKT_TRANS_EXCLUSIVE       ; 73    ; Signed Integer                                                                                                              ;
; PKT_TRANS_LOCK            ; 72    ; Signed Integer                                                                                                              ;
; PKT_TRANS_POSTED          ; 69    ; Signed Integer                                                                                                              ;
; PKT_TRANS_READ            ; 71    ; Signed Integer                                                                                                              ;
; PKT_TRANS_WRITE           ; 70    ; Signed Integer                                                                                                              ;
; PKT_USER_DATA_H           ; 136   ; Signed Integer                                                                                                              ;
; PKT_USER_DATA_L           ; 136   ; Signed Integer                                                                                                              ;
; PKT_WUNIQUE               ; 133   ; Signed Integer                                                                                                              ;
; POISON_WIDTH              ; 1     ; Signed Integer                                                                                                              ;
; RDATA_WIDTH               ; 32    ; Signed Integer                                                                                                              ;
; READ_ISSUING_CAPABILITY   ; 1     ; Signed Integer                                                                                                              ;
; RESP_USER_WIDTH           ; 1     ; Signed Integer                                                                                                              ;
; ROLE_BASED_USER           ; 0     ; Signed Integer                                                                                                              ;
; SAI_WIDTH                 ; 1     ; Signed Integer                                                                                                              ;
; SID_WIDTH                 ; 1     ; Signed Integer                                                                                                              ;
; SKIP_USER_ADDRCHK_CAL     ; 1     ; Unsigned Bit Literal                                                                                                        ;
; ST_CHANNEL_W              ; 12    ; Signed Integer                                                                                                              ;
; ST_DATA_W                 ; 179   ; Signed Integer                                                                                                              ;
; SYNC_RESET                ; 1     ; Signed Integer                                                                                                              ;
; USER_DATA_WIDTH           ; 1     ; Signed Integer                                                                                                              ;
; USE_PKT_ADDRCHK           ; 0     ; Signed Integer                                                                                                              ;
; USE_PKT_DATACHK           ; 0     ; Signed Integer                                                                                                              ;
; WDATA_WIDTH               ; 32    ; Signed Integer                                                                                                              ;
; WRITE_ISSUING_CAPABILITY  ; 1     ; Signed Integer                                                                                                              ;
+---------------------------+-------+-----------------------------------------------------------------------------------------------------------------------------+
All Instances:
qsys_top_0|mm_interconnect_0|intel_niosv_g_0_data_manager_agent



+---------------------------------------------------------------------------------------------------------------------------------------------------------------------------+
; Parameter Settings for User Entity qsys_top_altera_merlin_master_agent_1940_r3ep6da Instance: qsys_top_0|mm_interconnect_0|sys_tse_msgdma_rx_descriptor_read_master_agent ;
+---------------------------+-------+---------------------------------------------------------------------------------------------------------------------------------------+
; Parameter Name            ; Value ; Type                                                                                                                                  ;
+---------------------------+-------+---------------------------------------------------------------------------------------------------------------------------------------+
; ADDRCHK_WIDTH             ; 1     ; Signed Integer                                                                                                                        ;
; AV_BURSTCOUNT_W           ; 3     ; Signed Integer                                                                                                                        ;
; AWATOP_VALUE              ; 0     ; Signed Integer                                                                                                                        ;
; AWSTASHLPIDEN_VALUE       ; 0     ; Signed Integer                                                                                                                        ;
; AWSTASHLPID_VALUE         ; 0     ; Signed Integer                                                                                                                        ;
; AWSTASHNIDEN_VALUE        ; 0     ; Signed Integer                                                                                                                        ;
; AWSTASHNID_VALUE          ; 0     ; Signed Integer                                                                                                                        ;
; BARRIER_VALUE             ; 0     ; Signed Integer                                                                                                                        ;
; BURSTWRAP_VALUE           ; 127   ; Signed Integer                                                                                                                        ;
; CACHE_VALUE               ; 0     ; Signed Integer                                                                                                                        ;
; DATALESS_VALUE            ; 0     ; Signed Integer                                                                                                                        ;
; DOMAIN_VALUE              ; 3     ; Signed Integer                                                                                                                        ;
; ENABLE_AXI5               ; 0     ; Signed Integer                                                                                                                        ;
; ID                        ; 2     ; Signed Integer                                                                                                                        ;
; MMUSECSID_VALUE           ; 0     ; Signed Integer                                                                                                                        ;
; MMUSID_VALUE              ; 0     ; Signed Integer                                                                                                                        ;
; OPTIMIZED_READS_WITH_BE   ; 0     ; Signed Integer                                                                                                                        ;
; PADDING_ZERO              ; 1     ; Signed Integer                                                                                                                        ;
; PARITY_ADDR_WIDTH         ; 33    ; Signed Integer                                                                                                                        ;
; PKT_ADDRCHK_H             ; 138   ; Signed Integer                                                                                                                        ;
; PKT_ADDRCHK_L             ; 137   ; Signed Integer                                                                                                                        ;
; PKT_ADDR_H                ; 67    ; Signed Integer                                                                                                                        ;
; PKT_ADDR_L                ; 36    ; Signed Integer                                                                                                                        ;
; PKT_ADDR_SIDEBAND_H       ; 97    ; Signed Integer                                                                                                                        ;
; PKT_ADDR_SIDEBAND_L       ; 97    ; Signed Integer                                                                                                                        ;
; PKT_ADDR_W                ; 32    ; Signed Integer                                                                                                                        ;
; PKT_ATRACE                ; 149   ; Signed Integer                                                                                                                        ;
; PKT_AWAKEUP               ; 151   ; Signed Integer                                                                                                                        ;
; PKT_AWATOP_H              ; 157   ; Signed Integer                                                                                                                        ;
; PKT_AWATOP_L              ; 152   ; Signed Integer                                                                                                                        ;
; PKT_AWSTASHLPIDEN         ; 175   ; Signed Integer                                                                                                                        ;
; PKT_AWSTASHLPID_H         ; 174   ; Signed Integer                                                                                                                        ;
; PKT_AWSTASHLPID_L         ; 170   ; Signed Integer                                                                                                                        ;
; PKT_AWSTASHNIDEN          ; 169   ; Signed Integer                                                                                                                        ;
; PKT_AWSTASHNID_H          ; 168   ; Signed Integer                                                                                                                        ;
; PKT_AWSTASHNID_L          ; 158   ; Signed Integer                                                                                                                        ;
; PKT_BARRIER_H             ; 126   ; Signed Integer                                                                                                                        ;
; PKT_BARRIER_L             ; 125   ; Signed Integer                                                                                                                        ;
; PKT_BEGIN_BURST           ; 99    ; Signed Integer                                                                                                                        ;
; PKT_BURSTWRAP_H           ; 91    ; Signed Integer                                                                                                                        ;
; PKT_BURSTWRAP_L           ; 85    ; Signed Integer                                                                                                                        ;
; PKT_BURSTWRAP_W           ; 7     ; Signed Integer                                                                                                                        ;
; PKT_BURST_SIZE_H          ; 94    ; Signed Integer                                                                                                                        ;
; PKT_BURST_SIZE_L          ; 92    ; Signed Integer                                                                                                                        ;
; PKT_BURST_SIZE_W          ; 3     ; Signed Integer                                                                                                                        ;
; PKT_BURST_TYPE_H          ; 96    ; Signed Integer                                                                                                                        ;
; PKT_BURST_TYPE_L          ; 95    ; Signed Integer                                                                                                                        ;
; PKT_BYTEEN_H              ; 35    ; Signed Integer                                                                                                                        ;
; PKT_BYTEEN_L              ; 32    ; Signed Integer                                                                                                                        ;
; PKT_BYTEEN_W              ; 4     ; Signed Integer                                                                                                                        ;
; PKT_BYTE_CNT_H            ; 84    ; Signed Integer                                                                                                                        ;
; PKT_BYTE_CNT_L            ; 74    ; Signed Integer                                                                                                                        ;
; PKT_BYTE_CNT_W            ; 11    ; Signed Integer                                                                                                                        ;
; PKT_CACHE_H               ; 119   ; Signed Integer                                                                                                                        ;
; PKT_CACHE_L               ; 116   ; Signed Integer                                                                                                                        ;
; PKT_DATACHK_H             ; 135   ; Signed Integer                                                                                                                        ;
; PKT_DATACHK_L             ; 135   ; Signed Integer                                                                                                                        ;
; PKT_DATACHK_W             ; 4     ; Signed Integer                                                                                                                        ;
; PKT_DATALESS              ; 178   ; Signed Integer                                                                                                                        ;
; PKT_DATA_H                ; 31    ; Signed Integer                                                                                                                        ;
; PKT_DATA_L                ; 0     ; Signed Integer                                                                                                                        ;
; PKT_DATA_SIDEBAND_H       ; 98    ; Signed Integer                                                                                                                        ;
; PKT_DATA_SIDEBAND_L       ; 98    ; Signed Integer                                                                                                                        ;
; PKT_DATA_W                ; 32    ; Signed Integer                                                                                                                        ;
; PKT_DEST_ID_H             ; 111   ; Signed Integer                                                                                                                        ;
; PKT_DEST_ID_L             ; 108   ; Signed Integer                                                                                                                        ;
; PKT_DEST_ID_W             ; 4     ; Signed Integer                                                                                                                        ;
; PKT_DOMAIN_H              ; 132   ; Signed Integer                                                                                                                        ;
; PKT_DOMAIN_L              ; 131   ; Signed Integer                                                                                                                        ;
; PKT_MMUSECSID             ; 177   ; Signed Integer                                                                                                                        ;
; PKT_MMUSID_H              ; 176   ; Signed Integer                                                                                                                        ;
; PKT_MMUSID_L              ; 176   ; Signed Integer                                                                                                                        ;
; PKT_ORI_BURST_SIZE_H      ; 124   ; Signed Integer                                                                                                                        ;
; PKT_ORI_BURST_SIZE_L      ; 122   ; Signed Integer                                                                                                                        ;
; PKT_POISON_H              ; 134   ; Signed Integer                                                                                                                        ;
; PKT_POISON_L              ; 134   ; Signed Integer                                                                                                                        ;
; PKT_PROTECTION_H          ; 115   ; Signed Integer                                                                                                                        ;
; PKT_PROTECTION_L          ; 113   ; Signed Integer                                                                                                                        ;
; PKT_PROTECTION_W          ; 3     ; Signed Integer                                                                                                                        ;
; PKT_QOS_H                 ; 103   ; Signed Integer                                                                                                                        ;
; PKT_QOS_L                 ; 100   ; Signed Integer                                                                                                                        ;
; PKT_RESPONSE_STATUS_H     ; 121   ; Signed Integer                                                                                                                        ;
; PKT_RESPONSE_STATUS_L     ; 120   ; Signed Integer                                                                                                                        ;
; PKT_SAI_H                 ; 139   ; Signed Integer                                                                                                                        ;
; PKT_SAI_L                 ; 139   ; Signed Integer                                                                                                                        ;
; PKT_SNOOP_H               ; 130   ; Signed Integer                                                                                                                        ;
; PKT_SNOOP_L               ; 127   ; Signed Integer                                                                                                                        ;
; PKT_SRC_ID_H              ; 107   ; Signed Integer                                                                                                                        ;
; PKT_SRC_ID_L              ; 104   ; Signed Integer                                                                                                                        ;
; PKT_SRC_ID_W              ; 4     ; Signed Integer                                                                                                                        ;
; PKT_THREAD_ID_H           ; 112   ; Signed Integer                                                                                                                        ;
; PKT_THREAD_ID_L           ; 112   ; Signed Integer                                                                                                                        ;
; PKT_TRACE                 ; 150   ; Signed Integer                                                                                                                        ;
; PKT_TRANS_COMPRESSED_READ ; 68    ; Signed Integer                                                                                                                        ;
; PKT_TRANS_EXCLUSIVE       ; 73    ; Signed Integer                                                                                                                        ;
; PKT_TRANS_LOCK            ; 72    ; Signed Integer                                                                                                                        ;
; PKT_TRANS_POSTED          ; 69    ; Signed Integer                                                                                                                        ;
; PKT_TRANS_READ            ; 71    ; Signed Integer                                                                                                                        ;
; PKT_TRANS_WRITE           ; 70    ; Signed Integer                                                                                                                        ;
; PKT_USER_DATA_H           ; 136   ; Signed Integer                                                                                                                        ;
; PKT_USER_DATA_L           ; 136   ; Signed Integer                                                                                                                        ;
; PKT_WUNIQUE               ; 133   ; Signed Integer                                                                                                                        ;
; ROLE_BASED_USER           ; 0     ; Signed Integer                                                                                                                        ;
; SECURE_ACCESS_BIT         ; 1     ; Signed Integer                                                                                                                        ;
; SNOOP_VALUE               ; 0     ; Signed Integer                                                                                                                        ;
; ST_CHANNEL_W              ; 12    ; Signed Integer                                                                                                                        ;
; ST_DATA_W                 ; 179   ; Signed Integer                                                                                                                        ;
; SUPPRESS_0_BYTEEN_RSP     ; 0     ; Signed Integer                                                                                                                        ;
; SYNC_RESET                ; 1     ; Signed Integer                                                                                                                        ;
; USE_PKT_ADDRCHK           ; 0     ; Signed Integer                                                                                                                        ;
; USE_PKT_DATACHK           ; 0     ; Signed Integer                                                                                                                        ;
; USE_READRESPONSE          ; 0     ; Signed Integer                                                                                                                        ;
; USE_WRITERESPONSE         ; 0     ; Signed Integer                                                                                                                        ;
; WUNIQUE_VALUE             ; 0     ; Signed Integer                                                                                                                        ;
+---------------------------+-------+---------------------------------------------------------------------------------------------------------------------------------------+
All Instances:
qsys_top_0|mm_interconnect_0|sys_tse_msgdma_rx_descriptor_read_master_agent



+-----------------------------------------------------------------------------------------------------------------------------------------------------------------------------+
; Parameter Settings for User Entity qsys_top_altera_merlin_master_agent_1940_r3ep6da_1 Instance: qsys_top_0|mm_interconnect_0|sys_tse_msgdma_tx_descriptor_read_master_agent ;
+---------------------------+-------+-----------------------------------------------------------------------------------------------------------------------------------------+
; Parameter Name            ; Value ; Type                                                                                                                                    ;
+---------------------------+-------+-----------------------------------------------------------------------------------------------------------------------------------------+
; ADDRCHK_WIDTH             ; 1     ; Signed Integer                                                                                                                          ;
; AV_BURSTCOUNT_W           ; 3     ; Signed Integer                                                                                                                          ;
; AWATOP_VALUE              ; 0     ; Signed Integer                                                                                                                          ;
; AWSTASHLPIDEN_VALUE       ; 0     ; Signed Integer                                                                                                                          ;
; AWSTASHLPID_VALUE         ; 0     ; Signed Integer                                                                                                                          ;
; AWSTASHNIDEN_VALUE        ; 0     ; Signed Integer                                                                                                                          ;
; AWSTASHNID_VALUE          ; 0     ; Signed Integer                                                                                                                          ;
; BARRIER_VALUE             ; 0     ; Signed Integer                                                                                                                          ;
; BURSTWRAP_VALUE           ; 127   ; Signed Integer                                                                                                                          ;
; CACHE_VALUE               ; 0     ; Signed Integer                                                                                                                          ;
; DATALESS_VALUE            ; 0     ; Signed Integer                                                                                                                          ;
; DOMAIN_VALUE              ; 3     ; Signed Integer                                                                                                                          ;
; ENABLE_AXI5               ; 0     ; Signed Integer                                                                                                                          ;
; ID                        ; 5     ; Signed Integer                                                                                                                          ;
; MMUSECSID_VALUE           ; 0     ; Signed Integer                                                                                                                          ;
; MMUSID_VALUE              ; 0     ; Signed Integer                                                                                                                          ;
; OPTIMIZED_READS_WITH_BE   ; 0     ; Signed Integer                                                                                                                          ;
; PADDING_ZERO              ; 1     ; Signed Integer                                                                                                                          ;
; PARITY_ADDR_WIDTH         ; 33    ; Signed Integer                                                                                                                          ;
; PKT_ADDRCHK_H             ; 138   ; Signed Integer                                                                                                                          ;
; PKT_ADDRCHK_L             ; 137   ; Signed Integer                                                                                                                          ;
; PKT_ADDR_H                ; 67    ; Signed Integer                                                                                                                          ;
; PKT_ADDR_L                ; 36    ; Signed Integer                                                                                                                          ;
; PKT_ADDR_SIDEBAND_H       ; 97    ; Signed Integer                                                                                                                          ;
; PKT_ADDR_SIDEBAND_L       ; 97    ; Signed Integer                                                                                                                          ;
; PKT_ADDR_W                ; 32    ; Signed Integer                                                                                                                          ;
; PKT_ATRACE                ; 149   ; Signed Integer                                                                                                                          ;
; PKT_AWAKEUP               ; 151   ; Signed Integer                                                                                                                          ;
; PKT_AWATOP_H              ; 157   ; Signed Integer                                                                                                                          ;
; PKT_AWATOP_L              ; 152   ; Signed Integer                                                                                                                          ;
; PKT_AWSTASHLPIDEN         ; 175   ; Signed Integer                                                                                                                          ;
; PKT_AWSTASHLPID_H         ; 174   ; Signed Integer                                                                                                                          ;
; PKT_AWSTASHLPID_L         ; 170   ; Signed Integer                                                                                                                          ;
; PKT_AWSTASHNIDEN          ; 169   ; Signed Integer                                                                                                                          ;
; PKT_AWSTASHNID_H          ; 168   ; Signed Integer                                                                                                                          ;
; PKT_AWSTASHNID_L          ; 158   ; Signed Integer                                                                                                                          ;
; PKT_BARRIER_H             ; 126   ; Signed Integer                                                                                                                          ;
; PKT_BARRIER_L             ; 125   ; Signed Integer                                                                                                                          ;
; PKT_BEGIN_BURST           ; 99    ; Signed Integer                                                                                                                          ;
; PKT_BURSTWRAP_H           ; 91    ; Signed Integer                                                                                                                          ;
; PKT_BURSTWRAP_L           ; 85    ; Signed Integer                                                                                                                          ;
; PKT_BURSTWRAP_W           ; 7     ; Signed Integer                                                                                                                          ;
; PKT_BURST_SIZE_H          ; 94    ; Signed Integer                                                                                                                          ;
; PKT_BURST_SIZE_L          ; 92    ; Signed Integer                                                                                                                          ;
; PKT_BURST_SIZE_W          ; 3     ; Signed Integer                                                                                                                          ;
; PKT_BURST_TYPE_H          ; 96    ; Signed Integer                                                                                                                          ;
; PKT_BURST_TYPE_L          ; 95    ; Signed Integer                                                                                                                          ;
; PKT_BYTEEN_H              ; 35    ; Signed Integer                                                                                                                          ;
; PKT_BYTEEN_L              ; 32    ; Signed Integer                                                                                                                          ;
; PKT_BYTEEN_W              ; 4     ; Signed Integer                                                                                                                          ;
; PKT_BYTE_CNT_H            ; 84    ; Signed Integer                                                                                                                          ;
; PKT_BYTE_CNT_L            ; 74    ; Signed Integer                                                                                                                          ;
; PKT_BYTE_CNT_W            ; 11    ; Signed Integer                                                                                                                          ;
; PKT_CACHE_H               ; 119   ; Signed Integer                                                                                                                          ;
; PKT_CACHE_L               ; 116   ; Signed Integer                                                                                                                          ;
; PKT_DATACHK_H             ; 135   ; Signed Integer                                                                                                                          ;
; PKT_DATACHK_L             ; 135   ; Signed Integer                                                                                                                          ;
; PKT_DATACHK_W             ; 4     ; Signed Integer                                                                                                                          ;
; PKT_DATALESS              ; 178   ; Signed Integer                                                                                                                          ;
; PKT_DATA_H                ; 31    ; Signed Integer                                                                                                                          ;
; PKT_DATA_L                ; 0     ; Signed Integer                                                                                                                          ;
; PKT_DATA_SIDEBAND_H       ; 98    ; Signed Integer                                                                                                                          ;
; PKT_DATA_SIDEBAND_L       ; 98    ; Signed Integer                                                                                                                          ;
; PKT_DATA_W                ; 32    ; Signed Integer                                                                                                                          ;
; PKT_DEST_ID_H             ; 111   ; Signed Integer                                                                                                                          ;
; PKT_DEST_ID_L             ; 108   ; Signed Integer                                                                                                                          ;
; PKT_DEST_ID_W             ; 4     ; Signed Integer                                                                                                                          ;
; PKT_DOMAIN_H              ; 132   ; Signed Integer                                                                                                                          ;
; PKT_DOMAIN_L              ; 131   ; Signed Integer                                                                                                                          ;
; PKT_MMUSECSID             ; 177   ; Signed Integer                                                                                                                          ;
; PKT_MMUSID_H              ; 176   ; Signed Integer                                                                                                                          ;
; PKT_MMUSID_L              ; 176   ; Signed Integer                                                                                                                          ;
; PKT_ORI_BURST_SIZE_H      ; 124   ; Signed Integer                                                                                                                          ;
; PKT_ORI_BURST_SIZE_L      ; 122   ; Signed Integer                                                                                                                          ;
; PKT_POISON_H              ; 134   ; Signed Integer                                                                                                                          ;
; PKT_POISON_L              ; 134   ; Signed Integer                                                                                                                          ;
; PKT_PROTECTION_H          ; 115   ; Signed Integer                                                                                                                          ;
; PKT_PROTECTION_L          ; 113   ; Signed Integer                                                                                                                          ;
; PKT_PROTECTION_W          ; 3     ; Signed Integer                                                                                                                          ;
; PKT_QOS_H                 ; 103   ; Signed Integer                                                                                                                          ;
; PKT_QOS_L                 ; 100   ; Signed Integer                                                                                                                          ;
; PKT_RESPONSE_STATUS_H     ; 121   ; Signed Integer                                                                                                                          ;
; PKT_RESPONSE_STATUS_L     ; 120   ; Signed Integer                                                                                                                          ;
; PKT_SAI_H                 ; 139   ; Signed Integer                                                                                                                          ;
; PKT_SAI_L                 ; 139   ; Signed Integer                                                                                                                          ;
; PKT_SNOOP_H               ; 130   ; Signed Integer                                                                                                                          ;
; PKT_SNOOP_L               ; 127   ; Signed Integer                                                                                                                          ;
; PKT_SRC_ID_H              ; 107   ; Signed Integer                                                                                                                          ;
; PKT_SRC_ID_L              ; 104   ; Signed Integer                                                                                                                          ;
; PKT_SRC_ID_W              ; 4     ; Signed Integer                                                                                                                          ;
; PKT_THREAD_ID_H           ; 112   ; Signed Integer                                                                                                                          ;
; PKT_THREAD_ID_L           ; 112   ; Signed Integer                                                                                                                          ;
; PKT_TRACE                 ; 150   ; Signed Integer                                                                                                                          ;
; PKT_TRANS_COMPRESSED_READ ; 68    ; Signed Integer                                                                                                                          ;
; PKT_TRANS_EXCLUSIVE       ; 73    ; Signed Integer                                                                                                                          ;
; PKT_TRANS_LOCK            ; 72    ; Signed Integer                                                                                                                          ;
; PKT_TRANS_POSTED          ; 69    ; Signed Integer                                                                                                                          ;
; PKT_TRANS_READ            ; 71    ; Signed Integer                                                                                                                          ;
; PKT_TRANS_WRITE           ; 70    ; Signed Integer                                                                                                                          ;
; PKT_USER_DATA_H           ; 136   ; Signed Integer                                                                                                                          ;
; PKT_USER_DATA_L           ; 136   ; Signed Integer                                                                                                                          ;
; PKT_WUNIQUE               ; 133   ; Signed Integer                                                                                                                          ;
; ROLE_BASED_USER           ; 0     ; Signed Integer                                                                                                                          ;
; SECURE_ACCESS_BIT         ; 1     ; Signed Integer                                                                                                                          ;
; SNOOP_VALUE               ; 0     ; Signed Integer                                                                                                                          ;
; ST_CHANNEL_W              ; 12    ; Signed Integer                                                                                                                          ;
; ST_DATA_W                 ; 179   ; Signed Integer                                                                                                                          ;
; SUPPRESS_0_BYTEEN_RSP     ; 0     ; Signed Integer                                                                                                                          ;
; SYNC_RESET                ; 1     ; Signed Integer                                                                                                                          ;
; USE_PKT_ADDRCHK           ; 0     ; Signed Integer                                                                                                                          ;
; USE_PKT_DATACHK           ; 0     ; Signed Integer                                                                                                                          ;
; USE_READRESPONSE          ; 0     ; Signed Integer                                                                                                                          ;
; USE_WRITERESPONSE         ; 0     ; Signed Integer                                                                                                                          ;
; WUNIQUE_VALUE             ; 0     ; Signed Integer                                                                                                                          ;
+---------------------------+-------+-----------------------------------------------------------------------------------------------------------------------------------------+
All Instances:
qsys_top_0|mm_interconnect_0|sys_tse_msgdma_tx_descriptor_read_master_agent



+------------------------------------------------------------------------------------------------------------------------------------------------------------------------------+
; Parameter Settings for User Entity qsys_top_altera_merlin_master_agent_1940_r3ep6da_2 Instance: qsys_top_0|mm_interconnect_0|sys_tse_msgdma_rx_descriptor_write_master_agent ;
+---------------------------+-------+------------------------------------------------------------------------------------------------------------------------------------------+
; Parameter Name            ; Value ; Type                                                                                                                                     ;
+---------------------------+-------+------------------------------------------------------------------------------------------------------------------------------------------+
; ADDRCHK_WIDTH             ; 1     ; Signed Integer                                                                                                                           ;
; AV_BURSTCOUNT_W           ; 3     ; Signed Integer                                                                                                                           ;
; AWATOP_VALUE              ; 0     ; Signed Integer                                                                                                                           ;
; AWSTASHLPIDEN_VALUE       ; 0     ; Signed Integer                                                                                                                           ;
; AWSTASHLPID_VALUE         ; 0     ; Signed Integer                                                                                                                           ;
; AWSTASHNIDEN_VALUE        ; 0     ; Signed Integer                                                                                                                           ;
; AWSTASHNID_VALUE          ; 0     ; Signed Integer                                                                                                                           ;
; BARRIER_VALUE             ; 0     ; Signed Integer                                                                                                                           ;
; BURSTWRAP_VALUE           ; 127   ; Signed Integer                                                                                                                           ;
; CACHE_VALUE               ; 0     ; Signed Integer                                                                                                                           ;
; DATALESS_VALUE            ; 0     ; Signed Integer                                                                                                                           ;
; DOMAIN_VALUE              ; 3     ; Signed Integer                                                                                                                           ;
; ENABLE_AXI5               ; 0     ; Signed Integer                                                                                                                           ;
; ID                        ; 3     ; Signed Integer                                                                                                                           ;
; MMUSECSID_VALUE           ; 0     ; Signed Integer                                                                                                                           ;
; MMUSID_VALUE              ; 0     ; Signed Integer                                                                                                                           ;
; OPTIMIZED_READS_WITH_BE   ; 0     ; Signed Integer                                                                                                                           ;
; PADDING_ZERO              ; 1     ; Signed Integer                                                                                                                           ;
; PARITY_ADDR_WIDTH         ; 33    ; Signed Integer                                                                                                                           ;
; PKT_ADDRCHK_H             ; 138   ; Signed Integer                                                                                                                           ;
; PKT_ADDRCHK_L             ; 137   ; Signed Integer                                                                                                                           ;
; PKT_ADDR_H                ; 67    ; Signed Integer                                                                                                                           ;
; PKT_ADDR_L                ; 36    ; Signed Integer                                                                                                                           ;
; PKT_ADDR_SIDEBAND_H       ; 97    ; Signed Integer                                                                                                                           ;
; PKT_ADDR_SIDEBAND_L       ; 97    ; Signed Integer                                                                                                                           ;
; PKT_ADDR_W                ; 32    ; Signed Integer                                                                                                                           ;
; PKT_ATRACE                ; 149   ; Signed Integer                                                                                                                           ;
; PKT_AWAKEUP               ; 151   ; Signed Integer                                                                                                                           ;
; PKT_AWATOP_H              ; 157   ; Signed Integer                                                                                                                           ;
; PKT_AWATOP_L              ; 152   ; Signed Integer                                                                                                                           ;
; PKT_AWSTASHLPIDEN         ; 175   ; Signed Integer                                                                                                                           ;
; PKT_AWSTASHLPID_H         ; 174   ; Signed Integer                                                                                                                           ;
; PKT_AWSTASHLPID_L         ; 170   ; Signed Integer                                                                                                                           ;
; PKT_AWSTASHNIDEN          ; 169   ; Signed Integer                                                                                                                           ;
; PKT_AWSTASHNID_H          ; 168   ; Signed Integer                                                                                                                           ;
; PKT_AWSTASHNID_L          ; 158   ; Signed Integer                                                                                                                           ;
; PKT_BARRIER_H             ; 126   ; Signed Integer                                                                                                                           ;
; PKT_BARRIER_L             ; 125   ; Signed Integer                                                                                                                           ;
; PKT_BEGIN_BURST           ; 99    ; Signed Integer                                                                                                                           ;
; PKT_BURSTWRAP_H           ; 91    ; Signed Integer                                                                                                                           ;
; PKT_BURSTWRAP_L           ; 85    ; Signed Integer                                                                                                                           ;
; PKT_BURSTWRAP_W           ; 7     ; Signed Integer                                                                                                                           ;
; PKT_BURST_SIZE_H          ; 94    ; Signed Integer                                                                                                                           ;
; PKT_BURST_SIZE_L          ; 92    ; Signed Integer                                                                                                                           ;
; PKT_BURST_SIZE_W          ; 3     ; Signed Integer                                                                                                                           ;
; PKT_BURST_TYPE_H          ; 96    ; Signed Integer                                                                                                                           ;
; PKT_BURST_TYPE_L          ; 95    ; Signed Integer                                                                                                                           ;
; PKT_BYTEEN_H              ; 35    ; Signed Integer                                                                                                                           ;
; PKT_BYTEEN_L              ; 32    ; Signed Integer                                                                                                                           ;
; PKT_BYTEEN_W              ; 4     ; Signed Integer                                                                                                                           ;
; PKT_BYTE_CNT_H            ; 84    ; Signed Integer                                                                                                                           ;
; PKT_BYTE_CNT_L            ; 74    ; Signed Integer                                                                                                                           ;
; PKT_BYTE_CNT_W            ; 11    ; Signed Integer                                                                                                                           ;
; PKT_CACHE_H               ; 119   ; Signed Integer                                                                                                                           ;
; PKT_CACHE_L               ; 116   ; Signed Integer                                                                                                                           ;
; PKT_DATACHK_H             ; 135   ; Signed Integer                                                                                                                           ;
; PKT_DATACHK_L             ; 135   ; Signed Integer                                                                                                                           ;
; PKT_DATACHK_W             ; 4     ; Signed Integer                                                                                                                           ;
; PKT_DATALESS              ; 178   ; Signed Integer                                                                                                                           ;
; PKT_DATA_H                ; 31    ; Signed Integer                                                                                                                           ;
; PKT_DATA_L                ; 0     ; Signed Integer                                                                                                                           ;
; PKT_DATA_SIDEBAND_H       ; 98    ; Signed Integer                                                                                                                           ;
; PKT_DATA_SIDEBAND_L       ; 98    ; Signed Integer                                                                                                                           ;
; PKT_DATA_W                ; 32    ; Signed Integer                                                                                                                           ;
; PKT_DEST_ID_H             ; 111   ; Signed Integer                                                                                                                           ;
; PKT_DEST_ID_L             ; 108   ; Signed Integer                                                                                                                           ;
; PKT_DEST_ID_W             ; 4     ; Signed Integer                                                                                                                           ;
; PKT_DOMAIN_H              ; 132   ; Signed Integer                                                                                                                           ;
; PKT_DOMAIN_L              ; 131   ; Signed Integer                                                                                                                           ;
; PKT_MMUSECSID             ; 177   ; Signed Integer                                                                                                                           ;
; PKT_MMUSID_H              ; 176   ; Signed Integer                                                                                                                           ;
; PKT_MMUSID_L              ; 176   ; Signed Integer                                                                                                                           ;
; PKT_ORI_BURST_SIZE_H      ; 124   ; Signed Integer                                                                                                                           ;
; PKT_ORI_BURST_SIZE_L      ; 122   ; Signed Integer                                                                                                                           ;
; PKT_POISON_H              ; 134   ; Signed Integer                                                                                                                           ;
; PKT_POISON_L              ; 134   ; Signed Integer                                                                                                                           ;
; PKT_PROTECTION_H          ; 115   ; Signed Integer                                                                                                                           ;
; PKT_PROTECTION_L          ; 113   ; Signed Integer                                                                                                                           ;
; PKT_PROTECTION_W          ; 3     ; Signed Integer                                                                                                                           ;
; PKT_QOS_H                 ; 103   ; Signed Integer                                                                                                                           ;
; PKT_QOS_L                 ; 100   ; Signed Integer                                                                                                                           ;
; PKT_RESPONSE_STATUS_H     ; 121   ; Signed Integer                                                                                                                           ;
; PKT_RESPONSE_STATUS_L     ; 120   ; Signed Integer                                                                                                                           ;
; PKT_SAI_H                 ; 139   ; Signed Integer                                                                                                                           ;
; PKT_SAI_L                 ; 139   ; Signed Integer                                                                                                                           ;
; PKT_SNOOP_H               ; 130   ; Signed Integer                                                                                                                           ;
; PKT_SNOOP_L               ; 127   ; Signed Integer                                                                                                                           ;
; PKT_SRC_ID_H              ; 107   ; Signed Integer                                                                                                                           ;
; PKT_SRC_ID_L              ; 104   ; Signed Integer                                                                                                                           ;
; PKT_SRC_ID_W              ; 4     ; Signed Integer                                                                                                                           ;
; PKT_THREAD_ID_H           ; 112   ; Signed Integer                                                                                                                           ;
; PKT_THREAD_ID_L           ; 112   ; Signed Integer                                                                                                                           ;
; PKT_TRACE                 ; 150   ; Signed Integer                                                                                                                           ;
; PKT_TRANS_COMPRESSED_READ ; 68    ; Signed Integer                                                                                                                           ;
; PKT_TRANS_EXCLUSIVE       ; 73    ; Signed Integer                                                                                                                           ;
; PKT_TRANS_LOCK            ; 72    ; Signed Integer                                                                                                                           ;
; PKT_TRANS_POSTED          ; 69    ; Signed Integer                                                                                                                           ;
; PKT_TRANS_READ            ; 71    ; Signed Integer                                                                                                                           ;
; PKT_TRANS_WRITE           ; 70    ; Signed Integer                                                                                                                           ;
; PKT_USER_DATA_H           ; 136   ; Signed Integer                                                                                                                           ;
; PKT_USER_DATA_L           ; 136   ; Signed Integer                                                                                                                           ;
; PKT_WUNIQUE               ; 133   ; Signed Integer                                                                                                                           ;
; ROLE_BASED_USER           ; 0     ; Signed Integer                                                                                                                           ;
; SECURE_ACCESS_BIT         ; 1     ; Signed Integer                                                                                                                           ;
; SNOOP_VALUE               ; 0     ; Signed Integer                                                                                                                           ;
; ST_CHANNEL_W              ; 12    ; Signed Integer                                                                                                                           ;
; ST_DATA_W                 ; 179   ; Signed Integer                                                                                                                           ;
; SUPPRESS_0_BYTEEN_RSP     ; 0     ; Signed Integer                                                                                                                           ;
; SYNC_RESET                ; 1     ; Signed Integer                                                                                                                           ;
; USE_PKT_ADDRCHK           ; 0     ; Signed Integer                                                                                                                           ;
; USE_PKT_DATACHK           ; 0     ; Signed Integer                                                                                                                           ;
; USE_READRESPONSE          ; 1     ; Signed Integer                                                                                                                           ;
; USE_WRITERESPONSE         ; 1     ; Signed Integer                                                                                                                           ;
; WUNIQUE_VALUE             ; 0     ; Signed Integer                                                                                                                           ;
+---------------------------+-------+------------------------------------------------------------------------------------------------------------------------------------------+
All Instances:
qsys_top_0|mm_interconnect_0|sys_tse_msgdma_rx_descriptor_write_master_agent



+------------------------------------------------------------------------------------------------------------------------------------------------------------------------------+
; Parameter Settings for User Entity qsys_top_altera_merlin_master_agent_1940_r3ep6da_3 Instance: qsys_top_0|mm_interconnect_0|sys_tse_msgdma_tx_descriptor_write_master_agent ;
+---------------------------+-------+------------------------------------------------------------------------------------------------------------------------------------------+
; Parameter Name            ; Value ; Type                                                                                                                                     ;
+---------------------------+-------+------------------------------------------------------------------------------------------------------------------------------------------+
; ADDRCHK_WIDTH             ; 1     ; Signed Integer                                                                                                                           ;
; AV_BURSTCOUNT_W           ; 3     ; Signed Integer                                                                                                                           ;
; AWATOP_VALUE              ; 0     ; Signed Integer                                                                                                                           ;
; AWSTASHLPIDEN_VALUE       ; 0     ; Signed Integer                                                                                                                           ;
; AWSTASHLPID_VALUE         ; 0     ; Signed Integer                                                                                                                           ;
; AWSTASHNIDEN_VALUE        ; 0     ; Signed Integer                                                                                                                           ;
; AWSTASHNID_VALUE          ; 0     ; Signed Integer                                                                                                                           ;
; BARRIER_VALUE             ; 0     ; Signed Integer                                                                                                                           ;
; BURSTWRAP_VALUE           ; 127   ; Signed Integer                                                                                                                           ;
; CACHE_VALUE               ; 0     ; Signed Integer                                                                                                                           ;
; DATALESS_VALUE            ; 0     ; Signed Integer                                                                                                                           ;
; DOMAIN_VALUE              ; 3     ; Signed Integer                                                                                                                           ;
; ENABLE_AXI5               ; 0     ; Signed Integer                                                                                                                           ;
; ID                        ; 6     ; Signed Integer                                                                                                                           ;
; MMUSECSID_VALUE           ; 0     ; Signed Integer                                                                                                                           ;
; MMUSID_VALUE              ; 0     ; Signed Integer                                                                                                                           ;
; OPTIMIZED_READS_WITH_BE   ; 0     ; Signed Integer                                                                                                                           ;
; PADDING_ZERO              ; 1     ; Signed Integer                                                                                                                           ;
; PARITY_ADDR_WIDTH         ; 33    ; Signed Integer                                                                                                                           ;
; PKT_ADDRCHK_H             ; 138   ; Signed Integer                                                                                                                           ;
; PKT_ADDRCHK_L             ; 137   ; Signed Integer                                                                                                                           ;
; PKT_ADDR_H                ; 67    ; Signed Integer                                                                                                                           ;
; PKT_ADDR_L                ; 36    ; Signed Integer                                                                                                                           ;
; PKT_ADDR_SIDEBAND_H       ; 97    ; Signed Integer                                                                                                                           ;
; PKT_ADDR_SIDEBAND_L       ; 97    ; Signed Integer                                                                                                                           ;
; PKT_ADDR_W                ; 32    ; Signed Integer                                                                                                                           ;
; PKT_ATRACE                ; 149   ; Signed Integer                                                                                                                           ;
; PKT_AWAKEUP               ; 151   ; Signed Integer                                                                                                                           ;
; PKT_AWATOP_H              ; 157   ; Signed Integer                                                                                                                           ;
; PKT_AWATOP_L              ; 152   ; Signed Integer                                                                                                                           ;
; PKT_AWSTASHLPIDEN         ; 175   ; Signed Integer                                                                                                                           ;
; PKT_AWSTASHLPID_H         ; 174   ; Signed Integer                                                                                                                           ;
; PKT_AWSTASHLPID_L         ; 170   ; Signed Integer                                                                                                                           ;
; PKT_AWSTASHNIDEN          ; 169   ; Signed Integer                                                                                                                           ;
; PKT_AWSTASHNID_H          ; 168   ; Signed Integer                                                                                                                           ;
; PKT_AWSTASHNID_L          ; 158   ; Signed Integer                                                                                                                           ;
; PKT_BARRIER_H             ; 126   ; Signed Integer                                                                                                                           ;
; PKT_BARRIER_L             ; 125   ; Signed Integer                                                                                                                           ;
; PKT_BEGIN_BURST           ; 99    ; Signed Integer                                                                                                                           ;
; PKT_BURSTWRAP_H           ; 91    ; Signed Integer                                                                                                                           ;
; PKT_BURSTWRAP_L           ; 85    ; Signed Integer                                                                                                                           ;
; PKT_BURSTWRAP_W           ; 7     ; Signed Integer                                                                                                                           ;
; PKT_BURST_SIZE_H          ; 94    ; Signed Integer                                                                                                                           ;
; PKT_BURST_SIZE_L          ; 92    ; Signed Integer                                                                                                                           ;
; PKT_BURST_SIZE_W          ; 3     ; Signed Integer                                                                                                                           ;
; PKT_BURST_TYPE_H          ; 96    ; Signed Integer                                                                                                                           ;
; PKT_BURST_TYPE_L          ; 95    ; Signed Integer                                                                                                                           ;
; PKT_BYTEEN_H              ; 35    ; Signed Integer                                                                                                                           ;
; PKT_BYTEEN_L              ; 32    ; Signed Integer                                                                                                                           ;
; PKT_BYTEEN_W              ; 4     ; Signed Integer                                                                                                                           ;
; PKT_BYTE_CNT_H            ; 84    ; Signed Integer                                                                                                                           ;
; PKT_BYTE_CNT_L            ; 74    ; Signed Integer                                                                                                                           ;
; PKT_BYTE_CNT_W            ; 11    ; Signed Integer                                                                                                                           ;
; PKT_CACHE_H               ; 119   ; Signed Integer                                                                                                                           ;
; PKT_CACHE_L               ; 116   ; Signed Integer                                                                                                                           ;
; PKT_DATACHK_H             ; 135   ; Signed Integer                                                                                                                           ;
; PKT_DATACHK_L             ; 135   ; Signed Integer                                                                                                                           ;
; PKT_DATACHK_W             ; 4     ; Signed Integer                                                                                                                           ;
; PKT_DATALESS              ; 178   ; Signed Integer                                                                                                                           ;
; PKT_DATA_H                ; 31    ; Signed Integer                                                                                                                           ;
; PKT_DATA_L                ; 0     ; Signed Integer                                                                                                                           ;
; PKT_DATA_SIDEBAND_H       ; 98    ; Signed Integer                                                                                                                           ;
; PKT_DATA_SIDEBAND_L       ; 98    ; Signed Integer                                                                                                                           ;
; PKT_DATA_W                ; 32    ; Signed Integer                                                                                                                           ;
; PKT_DEST_ID_H             ; 111   ; Signed Integer                                                                                                                           ;
; PKT_DEST_ID_L             ; 108   ; Signed Integer                                                                                                                           ;
; PKT_DEST_ID_W             ; 4     ; Signed Integer                                                                                                                           ;
; PKT_DOMAIN_H              ; 132   ; Signed Integer                                                                                                                           ;
; PKT_DOMAIN_L              ; 131   ; Signed Integer                                                                                                                           ;
; PKT_MMUSECSID             ; 177   ; Signed Integer                                                                                                                           ;
; PKT_MMUSID_H              ; 176   ; Signed Integer                                                                                                                           ;
; PKT_MMUSID_L              ; 176   ; Signed Integer                                                                                                                           ;
; PKT_ORI_BURST_SIZE_H      ; 124   ; Signed Integer                                                                                                                           ;
; PKT_ORI_BURST_SIZE_L      ; 122   ; Signed Integer                                                                                                                           ;
; PKT_POISON_H              ; 134   ; Signed Integer                                                                                                                           ;
; PKT_POISON_L              ; 134   ; Signed Integer                                                                                                                           ;
; PKT_PROTECTION_H          ; 115   ; Signed Integer                                                                                                                           ;
; PKT_PROTECTION_L          ; 113   ; Signed Integer                                                                                                                           ;
; PKT_PROTECTION_W          ; 3     ; Signed Integer                                                                                                                           ;
; PKT_QOS_H                 ; 103   ; Signed Integer                                                                                                                           ;
; PKT_QOS_L                 ; 100   ; Signed Integer                                                                                                                           ;
; PKT_RESPONSE_STATUS_H     ; 121   ; Signed Integer                                                                                                                           ;
; PKT_RESPONSE_STATUS_L     ; 120   ; Signed Integer                                                                                                                           ;
; PKT_SAI_H                 ; 139   ; Signed Integer                                                                                                                           ;
; PKT_SAI_L                 ; 139   ; Signed Integer                                                                                                                           ;
; PKT_SNOOP_H               ; 130   ; Signed Integer                                                                                                                           ;
; PKT_SNOOP_L               ; 127   ; Signed Integer                                                                                                                           ;
; PKT_SRC_ID_H              ; 107   ; Signed Integer                                                                                                                           ;
; PKT_SRC_ID_L              ; 104   ; Signed Integer                                                                                                                           ;
; PKT_SRC_ID_W              ; 4     ; Signed Integer                                                                                                                           ;
; PKT_THREAD_ID_H           ; 112   ; Signed Integer                                                                                                                           ;
; PKT_THREAD_ID_L           ; 112   ; Signed Integer                                                                                                                           ;
; PKT_TRACE                 ; 150   ; Signed Integer                                                                                                                           ;
; PKT_TRANS_COMPRESSED_READ ; 68    ; Signed Integer                                                                                                                           ;
; PKT_TRANS_EXCLUSIVE       ; 73    ; Signed Integer                                                                                                                           ;
; PKT_TRANS_LOCK            ; 72    ; Signed Integer                                                                                                                           ;
; PKT_TRANS_POSTED          ; 69    ; Signed Integer                                                                                                                           ;
; PKT_TRANS_READ            ; 71    ; Signed Integer                                                                                                                           ;
; PKT_TRANS_WRITE           ; 70    ; Signed Integer                                                                                                                           ;
; PKT_USER_DATA_H           ; 136   ; Signed Integer                                                                                                                           ;
; PKT_USER_DATA_L           ; 136   ; Signed Integer                                                                                                                           ;
; PKT_WUNIQUE               ; 133   ; Signed Integer                                                                                                                           ;
; ROLE_BASED_USER           ; 0     ; Signed Integer                                                                                                                           ;
; SECURE_ACCESS_BIT         ; 1     ; Signed Integer                                                                                                                           ;
; SNOOP_VALUE               ; 0     ; Signed Integer                                                                                                                           ;
; ST_CHANNEL_W              ; 12    ; Signed Integer                                                                                                                           ;
; ST_DATA_W                 ; 179   ; Signed Integer                                                                                                                           ;
; SUPPRESS_0_BYTEEN_RSP     ; 0     ; Signed Integer                                                                                                                           ;
; SYNC_RESET                ; 1     ; Signed Integer                                                                                                                           ;
; USE_PKT_ADDRCHK           ; 0     ; Signed Integer                                                                                                                           ;
; USE_PKT_DATACHK           ; 0     ; Signed Integer                                                                                                                           ;
; USE_READRESPONSE          ; 1     ; Signed Integer                                                                                                                           ;
; USE_WRITERESPONSE         ; 1     ; Signed Integer                                                                                                                           ;
; WUNIQUE_VALUE             ; 0     ; Signed Integer                                                                                                                           ;
+---------------------------+-------+------------------------------------------------------------------------------------------------------------------------------------------+
All Instances:
qsys_top_0|mm_interconnect_0|sys_tse_msgdma_tx_descriptor_write_master_agent



+--------------------------------------------------------------------------------------------------------------------------------------------------------------+
; Parameter Settings for User Entity qsys_top_altera_merlin_master_agent_1940_r3ep6da_4 Instance: qsys_top_0|mm_interconnect_0|sys_tse_msgdma_tx_mm_read_agent ;
+---------------------------+-------+--------------------------------------------------------------------------------------------------------------------------+
; Parameter Name            ; Value ; Type                                                                                                                     ;
+---------------------------+-------+--------------------------------------------------------------------------------------------------------------------------+
; ADDRCHK_WIDTH             ; 1     ; Signed Integer                                                                                                           ;
; AV_BURSTCOUNT_W           ; 3     ; Signed Integer                                                                                                           ;
; AWATOP_VALUE              ; 0     ; Signed Integer                                                                                                           ;
; AWSTASHLPIDEN_VALUE       ; 0     ; Signed Integer                                                                                                           ;
; AWSTASHLPID_VALUE         ; 0     ; Signed Integer                                                                                                           ;
; AWSTASHNIDEN_VALUE        ; 0     ; Signed Integer                                                                                                           ;
; AWSTASHNID_VALUE          ; 0     ; Signed Integer                                                                                                           ;
; BARRIER_VALUE             ; 0     ; Signed Integer                                                                                                           ;
; BURSTWRAP_VALUE           ; 127   ; Signed Integer                                                                                                           ;
; CACHE_VALUE               ; 0     ; Signed Integer                                                                                                           ;
; DATALESS_VALUE            ; 0     ; Signed Integer                                                                                                           ;
; DOMAIN_VALUE              ; 3     ; Signed Integer                                                                                                           ;
; ENABLE_AXI5               ; 0     ; Signed Integer                                                                                                           ;
; ID                        ; 7     ; Signed Integer                                                                                                           ;
; MMUSECSID_VALUE           ; 0     ; Signed Integer                                                                                                           ;
; MMUSID_VALUE              ; 0     ; Signed Integer                                                                                                           ;
; OPTIMIZED_READS_WITH_BE   ; 0     ; Signed Integer                                                                                                           ;
; PADDING_ZERO              ; 1     ; Signed Integer                                                                                                           ;
; PARITY_ADDR_WIDTH         ; 33    ; Signed Integer                                                                                                           ;
; PKT_ADDRCHK_H             ; 138   ; Signed Integer                                                                                                           ;
; PKT_ADDRCHK_L             ; 137   ; Signed Integer                                                                                                           ;
; PKT_ADDR_H                ; 67    ; Signed Integer                                                                                                           ;
; PKT_ADDR_L                ; 36    ; Signed Integer                                                                                                           ;
; PKT_ADDR_SIDEBAND_H       ; 97    ; Signed Integer                                                                                                           ;
; PKT_ADDR_SIDEBAND_L       ; 97    ; Signed Integer                                                                                                           ;
; PKT_ADDR_W                ; 32    ; Signed Integer                                                                                                           ;
; PKT_ATRACE                ; 149   ; Signed Integer                                                                                                           ;
; PKT_AWAKEUP               ; 151   ; Signed Integer                                                                                                           ;
; PKT_AWATOP_H              ; 157   ; Signed Integer                                                                                                           ;
; PKT_AWATOP_L              ; 152   ; Signed Integer                                                                                                           ;
; PKT_AWSTASHLPIDEN         ; 175   ; Signed Integer                                                                                                           ;
; PKT_AWSTASHLPID_H         ; 174   ; Signed Integer                                                                                                           ;
; PKT_AWSTASHLPID_L         ; 170   ; Signed Integer                                                                                                           ;
; PKT_AWSTASHNIDEN          ; 169   ; Signed Integer                                                                                                           ;
; PKT_AWSTASHNID_H          ; 168   ; Signed Integer                                                                                                           ;
; PKT_AWSTASHNID_L          ; 158   ; Signed Integer                                                                                                           ;
; PKT_BARRIER_H             ; 126   ; Signed Integer                                                                                                           ;
; PKT_BARRIER_L             ; 125   ; Signed Integer                                                                                                           ;
; PKT_BEGIN_BURST           ; 99    ; Signed Integer                                                                                                           ;
; PKT_BURSTWRAP_H           ; 91    ; Signed Integer                                                                                                           ;
; PKT_BURSTWRAP_L           ; 85    ; Signed Integer                                                                                                           ;
; PKT_BURSTWRAP_W           ; 7     ; Signed Integer                                                                                                           ;
; PKT_BURST_SIZE_H          ; 94    ; Signed Integer                                                                                                           ;
; PKT_BURST_SIZE_L          ; 92    ; Signed Integer                                                                                                           ;
; PKT_BURST_SIZE_W          ; 3     ; Signed Integer                                                                                                           ;
; PKT_BURST_TYPE_H          ; 96    ; Signed Integer                                                                                                           ;
; PKT_BURST_TYPE_L          ; 95    ; Signed Integer                                                                                                           ;
; PKT_BYTEEN_H              ; 35    ; Signed Integer                                                                                                           ;
; PKT_BYTEEN_L              ; 32    ; Signed Integer                                                                                                           ;
; PKT_BYTEEN_W              ; 4     ; Signed Integer                                                                                                           ;
; PKT_BYTE_CNT_H            ; 84    ; Signed Integer                                                                                                           ;
; PKT_BYTE_CNT_L            ; 74    ; Signed Integer                                                                                                           ;
; PKT_BYTE_CNT_W            ; 11    ; Signed Integer                                                                                                           ;
; PKT_CACHE_H               ; 119   ; Signed Integer                                                                                                           ;
; PKT_CACHE_L               ; 116   ; Signed Integer                                                                                                           ;
; PKT_DATACHK_H             ; 135   ; Signed Integer                                                                                                           ;
; PKT_DATACHK_L             ; 135   ; Signed Integer                                                                                                           ;
; PKT_DATACHK_W             ; 4     ; Signed Integer                                                                                                           ;
; PKT_DATALESS              ; 178   ; Signed Integer                                                                                                           ;
; PKT_DATA_H                ; 31    ; Signed Integer                                                                                                           ;
; PKT_DATA_L                ; 0     ; Signed Integer                                                                                                           ;
; PKT_DATA_SIDEBAND_H       ; 98    ; Signed Integer                                                                                                           ;
; PKT_DATA_SIDEBAND_L       ; 98    ; Signed Integer                                                                                                           ;
; PKT_DATA_W                ; 32    ; Signed Integer                                                                                                           ;
; PKT_DEST_ID_H             ; 111   ; Signed Integer                                                                                                           ;
; PKT_DEST_ID_L             ; 108   ; Signed Integer                                                                                                           ;
; PKT_DEST_ID_W             ; 4     ; Signed Integer                                                                                                           ;
; PKT_DOMAIN_H              ; 132   ; Signed Integer                                                                                                           ;
; PKT_DOMAIN_L              ; 131   ; Signed Integer                                                                                                           ;
; PKT_MMUSECSID             ; 177   ; Signed Integer                                                                                                           ;
; PKT_MMUSID_H              ; 176   ; Signed Integer                                                                                                           ;
; PKT_MMUSID_L              ; 176   ; Signed Integer                                                                                                           ;
; PKT_ORI_BURST_SIZE_H      ; 124   ; Signed Integer                                                                                                           ;
; PKT_ORI_BURST_SIZE_L      ; 122   ; Signed Integer                                                                                                           ;
; PKT_POISON_H              ; 134   ; Signed Integer                                                                                                           ;
; PKT_POISON_L              ; 134   ; Signed Integer                                                                                                           ;
; PKT_PROTECTION_H          ; 115   ; Signed Integer                                                                                                           ;
; PKT_PROTECTION_L          ; 113   ; Signed Integer                                                                                                           ;
; PKT_PROTECTION_W          ; 3     ; Signed Integer                                                                                                           ;
; PKT_QOS_H                 ; 103   ; Signed Integer                                                                                                           ;
; PKT_QOS_L                 ; 100   ; Signed Integer                                                                                                           ;
; PKT_RESPONSE_STATUS_H     ; 121   ; Signed Integer                                                                                                           ;
; PKT_RESPONSE_STATUS_L     ; 120   ; Signed Integer                                                                                                           ;
; PKT_SAI_H                 ; 139   ; Signed Integer                                                                                                           ;
; PKT_SAI_L                 ; 139   ; Signed Integer                                                                                                           ;
; PKT_SNOOP_H               ; 130   ; Signed Integer                                                                                                           ;
; PKT_SNOOP_L               ; 127   ; Signed Integer                                                                                                           ;
; PKT_SRC_ID_H              ; 107   ; Signed Integer                                                                                                           ;
; PKT_SRC_ID_L              ; 104   ; Signed Integer                                                                                                           ;
; PKT_SRC_ID_W              ; 4     ; Signed Integer                                                                                                           ;
; PKT_THREAD_ID_H           ; 112   ; Signed Integer                                                                                                           ;
; PKT_THREAD_ID_L           ; 112   ; Signed Integer                                                                                                           ;
; PKT_TRACE                 ; 150   ; Signed Integer                                                                                                           ;
; PKT_TRANS_COMPRESSED_READ ; 68    ; Signed Integer                                                                                                           ;
; PKT_TRANS_EXCLUSIVE       ; 73    ; Signed Integer                                                                                                           ;
; PKT_TRANS_LOCK            ; 72    ; Signed Integer                                                                                                           ;
; PKT_TRANS_POSTED          ; 69    ; Signed Integer                                                                                                           ;
; PKT_TRANS_READ            ; 71    ; Signed Integer                                                                                                           ;
; PKT_TRANS_WRITE           ; 70    ; Signed Integer                                                                                                           ;
; PKT_USER_DATA_H           ; 136   ; Signed Integer                                                                                                           ;
; PKT_USER_DATA_L           ; 136   ; Signed Integer                                                                                                           ;
; PKT_WUNIQUE               ; 133   ; Signed Integer                                                                                                           ;
; ROLE_BASED_USER           ; 0     ; Signed Integer                                                                                                           ;
; SECURE_ACCESS_BIT         ; 1     ; Signed Integer                                                                                                           ;
; SNOOP_VALUE               ; 0     ; Signed Integer                                                                                                           ;
; ST_CHANNEL_W              ; 12    ; Signed Integer                                                                                                           ;
; ST_DATA_W                 ; 179   ; Signed Integer                                                                                                           ;
; SUPPRESS_0_BYTEEN_RSP     ; 0     ; Signed Integer                                                                                                           ;
; SYNC_RESET                ; 1     ; Signed Integer                                                                                                           ;
; USE_PKT_ADDRCHK           ; 0     ; Signed Integer                                                                                                           ;
; USE_PKT_DATACHK           ; 0     ; Signed Integer                                                                                                           ;
; USE_READRESPONSE          ; 0     ; Signed Integer                                                                                                           ;
; USE_WRITERESPONSE         ; 0     ; Signed Integer                                                                                                           ;
; WUNIQUE_VALUE             ; 0     ; Signed Integer                                                                                                           ;
+---------------------------+-------+--------------------------------------------------------------------------------------------------------------------------+
All Instances:
qsys_top_0|mm_interconnect_0|sys_tse_msgdma_tx_mm_read_agent



+---------------------------------------------------------------------------------------------------------------------------------------------------------------+
; Parameter Settings for User Entity qsys_top_altera_merlin_master_agent_1940_r3ep6da_5 Instance: qsys_top_0|mm_interconnect_0|sys_tse_msgdma_rx_mm_write_agent ;
+---------------------------+-------+---------------------------------------------------------------------------------------------------------------------------+
; Parameter Name            ; Value ; Type                                                                                                                      ;
+---------------------------+-------+---------------------------------------------------------------------------------------------------------------------------+
; ADDRCHK_WIDTH             ; 1     ; Signed Integer                                                                                                            ;
; AV_BURSTCOUNT_W           ; 3     ; Signed Integer                                                                                                            ;
; AWATOP_VALUE              ; 0     ; Signed Integer                                                                                                            ;
; AWSTASHLPIDEN_VALUE       ; 0     ; Signed Integer                                                                                                            ;
; AWSTASHLPID_VALUE         ; 0     ; Signed Integer                                                                                                            ;
; AWSTASHNIDEN_VALUE        ; 0     ; Signed Integer                                                                                                            ;
; AWSTASHNID_VALUE          ; 0     ; Signed Integer                                                                                                            ;
; BARRIER_VALUE             ; 0     ; Signed Integer                                                                                                            ;
; BURSTWRAP_VALUE           ; 127   ; Signed Integer                                                                                                            ;
; CACHE_VALUE               ; 0     ; Signed Integer                                                                                                            ;
; DATALESS_VALUE            ; 0     ; Signed Integer                                                                                                            ;
; DOMAIN_VALUE              ; 3     ; Signed Integer                                                                                                            ;
; ENABLE_AXI5               ; 0     ; Signed Integer                                                                                                            ;
; ID                        ; 4     ; Signed Integer                                                                                                            ;
; MMUSECSID_VALUE           ; 0     ; Signed Integer                                                                                                            ;
; MMUSID_VALUE              ; 0     ; Signed Integer                                                                                                            ;
; OPTIMIZED_READS_WITH_BE   ; 0     ; Signed Integer                                                                                                            ;
; PADDING_ZERO              ; 1     ; Signed Integer                                                                                                            ;
; PARITY_ADDR_WIDTH         ; 33    ; Signed Integer                                                                                                            ;
; PKT_ADDRCHK_H             ; 138   ; Signed Integer                                                                                                            ;
; PKT_ADDRCHK_L             ; 137   ; Signed Integer                                                                                                            ;
; PKT_ADDR_H                ; 67    ; Signed Integer                                                                                                            ;
; PKT_ADDR_L                ; 36    ; Signed Integer                                                                                                            ;
; PKT_ADDR_SIDEBAND_H       ; 97    ; Signed Integer                                                                                                            ;
; PKT_ADDR_SIDEBAND_L       ; 97    ; Signed Integer                                                                                                            ;
; PKT_ADDR_W                ; 32    ; Signed Integer                                                                                                            ;
; PKT_ATRACE                ; 149   ; Signed Integer                                                                                                            ;
; PKT_AWAKEUP               ; 151   ; Signed Integer                                                                                                            ;
; PKT_AWATOP_H              ; 157   ; Signed Integer                                                                                                            ;
; PKT_AWATOP_L              ; 152   ; Signed Integer                                                                                                            ;
; PKT_AWSTASHLPIDEN         ; 175   ; Signed Integer                                                                                                            ;
; PKT_AWSTASHLPID_H         ; 174   ; Signed Integer                                                                                                            ;
; PKT_AWSTASHLPID_L         ; 170   ; Signed Integer                                                                                                            ;
; PKT_AWSTASHNIDEN          ; 169   ; Signed Integer                                                                                                            ;
; PKT_AWSTASHNID_H          ; 168   ; Signed Integer                                                                                                            ;
; PKT_AWSTASHNID_L          ; 158   ; Signed Integer                                                                                                            ;
; PKT_BARRIER_H             ; 126   ; Signed Integer                                                                                                            ;
; PKT_BARRIER_L             ; 125   ; Signed Integer                                                                                                            ;
; PKT_BEGIN_BURST           ; 99    ; Signed Integer                                                                                                            ;
; PKT_BURSTWRAP_H           ; 91    ; Signed Integer                                                                                                            ;
; PKT_BURSTWRAP_L           ; 85    ; Signed Integer                                                                                                            ;
; PKT_BURSTWRAP_W           ; 7     ; Signed Integer                                                                                                            ;
; PKT_BURST_SIZE_H          ; 94    ; Signed Integer                                                                                                            ;
; PKT_BURST_SIZE_L          ; 92    ; Signed Integer                                                                                                            ;
; PKT_BURST_SIZE_W          ; 3     ; Signed Integer                                                                                                            ;
; PKT_BURST_TYPE_H          ; 96    ; Signed Integer                                                                                                            ;
; PKT_BURST_TYPE_L          ; 95    ; Signed Integer                                                                                                            ;
; PKT_BYTEEN_H              ; 35    ; Signed Integer                                                                                                            ;
; PKT_BYTEEN_L              ; 32    ; Signed Integer                                                                                                            ;
; PKT_BYTEEN_W              ; 4     ; Signed Integer                                                                                                            ;
; PKT_BYTE_CNT_H            ; 84    ; Signed Integer                                                                                                            ;
; PKT_BYTE_CNT_L            ; 74    ; Signed Integer                                                                                                            ;
; PKT_BYTE_CNT_W            ; 11    ; Signed Integer                                                                                                            ;
; PKT_CACHE_H               ; 119   ; Signed Integer                                                                                                            ;
; PKT_CACHE_L               ; 116   ; Signed Integer                                                                                                            ;
; PKT_DATACHK_H             ; 135   ; Signed Integer                                                                                                            ;
; PKT_DATACHK_L             ; 135   ; Signed Integer                                                                                                            ;
; PKT_DATACHK_W             ; 4     ; Signed Integer                                                                                                            ;
; PKT_DATALESS              ; 178   ; Signed Integer                                                                                                            ;
; PKT_DATA_H                ; 31    ; Signed Integer                                                                                                            ;
; PKT_DATA_L                ; 0     ; Signed Integer                                                                                                            ;
; PKT_DATA_SIDEBAND_H       ; 98    ; Signed Integer                                                                                                            ;
; PKT_DATA_SIDEBAND_L       ; 98    ; Signed Integer                                                                                                            ;
; PKT_DATA_W                ; 32    ; Signed Integer                                                                                                            ;
; PKT_DEST_ID_H             ; 111   ; Signed Integer                                                                                                            ;
; PKT_DEST_ID_L             ; 108   ; Signed Integer                                                                                                            ;
; PKT_DEST_ID_W             ; 4     ; Signed Integer                                                                                                            ;
; PKT_DOMAIN_H              ; 132   ; Signed Integer                                                                                                            ;
; PKT_DOMAIN_L              ; 131   ; Signed Integer                                                                                                            ;
; PKT_MMUSECSID             ; 177   ; Signed Integer                                                                                                            ;
; PKT_MMUSID_H              ; 176   ; Signed Integer                                                                                                            ;
; PKT_MMUSID_L              ; 176   ; Signed Integer                                                                                                            ;
; PKT_ORI_BURST_SIZE_H      ; 124   ; Signed Integer                                                                                                            ;
; PKT_ORI_BURST_SIZE_L      ; 122   ; Signed Integer                                                                                                            ;
; PKT_POISON_H              ; 134   ; Signed Integer                                                                                                            ;
; PKT_POISON_L              ; 134   ; Signed Integer                                                                                                            ;
; PKT_PROTECTION_H          ; 115   ; Signed Integer                                                                                                            ;
; PKT_PROTECTION_L          ; 113   ; Signed Integer                                                                                                            ;
; PKT_PROTECTION_W          ; 3     ; Signed Integer                                                                                                            ;
; PKT_QOS_H                 ; 103   ; Signed Integer                                                                                                            ;
; PKT_QOS_L                 ; 100   ; Signed Integer                                                                                                            ;
; PKT_RESPONSE_STATUS_H     ; 121   ; Signed Integer                                                                                                            ;
; PKT_RESPONSE_STATUS_L     ; 120   ; Signed Integer                                                                                                            ;
; PKT_SAI_H                 ; 139   ; Signed Integer                                                                                                            ;
; PKT_SAI_L                 ; 139   ; Signed Integer                                                                                                            ;
; PKT_SNOOP_H               ; 130   ; Signed Integer                                                                                                            ;
; PKT_SNOOP_L               ; 127   ; Signed Integer                                                                                                            ;
; PKT_SRC_ID_H              ; 107   ; Signed Integer                                                                                                            ;
; PKT_SRC_ID_L              ; 104   ; Signed Integer                                                                                                            ;
; PKT_SRC_ID_W              ; 4     ; Signed Integer                                                                                                            ;
; PKT_THREAD_ID_H           ; 112   ; Signed Integer                                                                                                            ;
; PKT_THREAD_ID_L           ; 112   ; Signed Integer                                                                                                            ;
; PKT_TRACE                 ; 150   ; Signed Integer                                                                                                            ;
; PKT_TRANS_COMPRESSED_READ ; 68    ; Signed Integer                                                                                                            ;
; PKT_TRANS_EXCLUSIVE       ; 73    ; Signed Integer                                                                                                            ;
; PKT_TRANS_LOCK            ; 72    ; Signed Integer                                                                                                            ;
; PKT_TRANS_POSTED          ; 69    ; Signed Integer                                                                                                            ;
; PKT_TRANS_READ            ; 71    ; Signed Integer                                                                                                            ;
; PKT_TRANS_WRITE           ; 70    ; Signed Integer                                                                                                            ;
; PKT_USER_DATA_H           ; 136   ; Signed Integer                                                                                                            ;
; PKT_USER_DATA_L           ; 136   ; Signed Integer                                                                                                            ;
; PKT_WUNIQUE               ; 133   ; Signed Integer                                                                                                            ;
; ROLE_BASED_USER           ; 0     ; Signed Integer                                                                                                            ;
; SECURE_ACCESS_BIT         ; 1     ; Signed Integer                                                                                                            ;
; SNOOP_VALUE               ; 0     ; Signed Integer                                                                                                            ;
; ST_CHANNEL_W              ; 12    ; Signed Integer                                                                                                            ;
; ST_DATA_W                 ; 179   ; Signed Integer                                                                                                            ;
; SUPPRESS_0_BYTEEN_RSP     ; 0     ; Signed Integer                                                                                                            ;
; SYNC_RESET                ; 1     ; Signed Integer                                                                                                            ;
; USE_PKT_ADDRCHK           ; 0     ; Signed Integer                                                                                                            ;
; USE_PKT_DATACHK           ; 0     ; Signed Integer                                                                                                            ;
; USE_READRESPONSE          ; 0     ; Signed Integer                                                                                                            ;
; USE_WRITERESPONSE         ; 0     ; Signed Integer                                                                                                            ;
; WUNIQUE_VALUE             ; 0     ; Signed Integer                                                                                                            ;
+---------------------------+-------+---------------------------------------------------------------------------------------------------------------------------+
All Instances:
qsys_top_0|mm_interconnect_0|sys_tse_msgdma_rx_mm_write_agent



+--------------------------------------------------------------------------------------------------------------------------------------------------------------------------+
; Parameter Settings for User Entity qsys_top_altera_merlin_axi_master_ni_19113_puqzalq_1 Instance: qsys_top_0|mm_interconnect_0|intel_niosv_g_0_instruction_manager_agent ;
+---------------------------+-------+--------------------------------------------------------------------------------------------------------------------------------------+
; Parameter Name            ; Value ; Type                                                                                                                                 ;
+---------------------------+-------+--------------------------------------------------------------------------------------------------------------------------------------+
; ACE5_LITE_SUPPORT         ; 0     ; Signed Integer                                                                                                                       ;
; ACE_LITE_SUPPORT          ; 0     ; Signed Integer                                                                                                                       ;
; ADDRCHK_WIDTH             ; 1     ; Signed Integer                                                                                                                       ;
; ADDR_USER_WIDTH           ; 1     ; Signed Integer                                                                                                                       ;
; ADDR_WIDTH                ; 32    ; Signed Integer                                                                                                                       ;
; AWSNOOP_WIDTH             ; 3     ; Signed Integer                                                                                                                       ;
; AXI_BURST_LENGTH_WIDTH    ; 8     ; Signed Integer                                                                                                                       ;
; AXI_LOCK_WIDTH            ; 1     ; Signed Integer                                                                                                                       ;
; AXI_VERSION               ; AXI4  ; String                                                                                                                               ;
; DATACHK_WIDTH             ; 4     ; Signed Integer                                                                                                                       ;
; DATA_USER_WIDTH           ; 1     ; Signed Integer                                                                                                                       ;
; ID                        ; 1     ; Signed Integer                                                                                                                       ;
; ID_WIDTH                  ; 1     ; Signed Integer                                                                                                                       ;
; PADDING_ZERO              ; -24   ; Untyped                                                                                                                              ;
; PARITY_ADDR_WIDTH         ; 8     ; Signed Integer                                                                                                                       ;
; PKT_ADDRCHK_H             ; 138   ; Signed Integer                                                                                                                       ;
; PKT_ADDRCHK_L             ; 137   ; Signed Integer                                                                                                                       ;
; PKT_ADDR_H                ; 67    ; Signed Integer                                                                                                                       ;
; PKT_ADDR_L                ; 36    ; Signed Integer                                                                                                                       ;
; PKT_ADDR_SIDEBAND_H       ; 97    ; Signed Integer                                                                                                                       ;
; PKT_ADDR_SIDEBAND_L       ; 97    ; Signed Integer                                                                                                                       ;
; PKT_ADDR_W                ; 32    ; Signed Integer                                                                                                                       ;
; PKT_ATRACE                ; 149   ; Signed Integer                                                                                                                       ;
; PKT_AWAKEUP               ; 151   ; Signed Integer                                                                                                                       ;
; PKT_AWATOP_H              ; 157   ; Signed Integer                                                                                                                       ;
; PKT_AWATOP_L              ; 152   ; Signed Integer                                                                                                                       ;
; PKT_AWSTASHLPIDEN         ; 175   ; Signed Integer                                                                                                                       ;
; PKT_AWSTASHLPID_H         ; 174   ; Signed Integer                                                                                                                       ;
; PKT_AWSTASHLPID_L         ; 170   ; Signed Integer                                                                                                                       ;
; PKT_AWSTASHNIDEN          ; 169   ; Signed Integer                                                                                                                       ;
; PKT_AWSTASHNID_H          ; 168   ; Signed Integer                                                                                                                       ;
; PKT_AWSTASHNID_L          ; 158   ; Signed Integer                                                                                                                       ;
; PKT_BARRIER_H             ; 126   ; Signed Integer                                                                                                                       ;
; PKT_BARRIER_L             ; 125   ; Signed Integer                                                                                                                       ;
; PKT_BEGIN_BURST           ; 99    ; Signed Integer                                                                                                                       ;
; PKT_BURSTWRAP_H           ; 91    ; Signed Integer                                                                                                                       ;
; PKT_BURSTWRAP_L           ; 85    ; Signed Integer                                                                                                                       ;
; PKT_BURSTWRAP_W           ; 7     ; Signed Integer                                                                                                                       ;
; PKT_BURST_SIZE_H          ; 94    ; Signed Integer                                                                                                                       ;
; PKT_BURST_SIZE_L          ; 92    ; Signed Integer                                                                                                                       ;
; PKT_BURST_TYPE_H          ; 96    ; Signed Integer                                                                                                                       ;
; PKT_BURST_TYPE_L          ; 95    ; Signed Integer                                                                                                                       ;
; PKT_BYTEEN_H              ; 35    ; Signed Integer                                                                                                                       ;
; PKT_BYTEEN_L              ; 32    ; Signed Integer                                                                                                                       ;
; PKT_BYTEEN_W              ; 4     ; Signed Integer                                                                                                                       ;
; PKT_BYTE_CNT_H            ; 84    ; Signed Integer                                                                                                                       ;
; PKT_BYTE_CNT_L            ; 74    ; Signed Integer                                                                                                                       ;
; PKT_BYTE_CNT_W            ; 11    ; Signed Integer                                                                                                                       ;
; PKT_CACHE_H               ; 119   ; Signed Integer                                                                                                                       ;
; PKT_CACHE_L               ; 116   ; Signed Integer                                                                                                                       ;
; PKT_DATACHK_H             ; 135   ; Signed Integer                                                                                                                       ;
; PKT_DATACHK_L             ; 135   ; Signed Integer                                                                                                                       ;
; PKT_DATALESS              ; 178   ; Signed Integer                                                                                                                       ;
; PKT_DATA_H                ; 31    ; Signed Integer                                                                                                                       ;
; PKT_DATA_L                ; 0     ; Signed Integer                                                                                                                       ;
; PKT_DATA_SIDEBAND_H       ; 98    ; Signed Integer                                                                                                                       ;
; PKT_DATA_SIDEBAND_L       ; 98    ; Signed Integer                                                                                                                       ;
; PKT_DATA_W                ; 32    ; Signed Integer                                                                                                                       ;
; PKT_DEST_ID_H             ; 111   ; Signed Integer                                                                                                                       ;
; PKT_DEST_ID_L             ; 108   ; Signed Integer                                                                                                                       ;
; PKT_DEST_ID_W             ; 4     ; Signed Integer                                                                                                                       ;
; PKT_DOMAIN_H              ; 132   ; Signed Integer                                                                                                                       ;
; PKT_DOMAIN_L              ; 131   ; Signed Integer                                                                                                                       ;
; PKT_EOP_OOO               ; 140   ; Signed Integer                                                                                                                       ;
; PKT_MMUSECSID             ; 177   ; Signed Integer                                                                                                                       ;
; PKT_MMUSID_H              ; 176   ; Signed Integer                                                                                                                       ;
; PKT_MMUSID_L              ; 176   ; Signed Integer                                                                                                                       ;
; PKT_ORI_BURST_SIZE_H      ; 124   ; Signed Integer                                                                                                                       ;
; PKT_ORI_BURST_SIZE_L      ; 122   ; Signed Integer                                                                                                                       ;
; PKT_POISON_H              ; 134   ; Signed Integer                                                                                                                       ;
; PKT_POISON_L              ; 134   ; Signed Integer                                                                                                                       ;
; PKT_PROTECTION_H          ; 115   ; Signed Integer                                                                                                                       ;
; PKT_PROTECTION_L          ; 113   ; Signed Integer                                                                                                                       ;
; PKT_QOS_H                 ; 103   ; Signed Integer                                                                                                                       ;
; PKT_QOS_L                 ; 100   ; Signed Integer                                                                                                                       ;
; PKT_RESPONSE_STATUS_H     ; 121   ; Signed Integer                                                                                                                       ;
; PKT_RESPONSE_STATUS_L     ; 120   ; Signed Integer                                                                                                                       ;
; PKT_SAI_H                 ; 139   ; Signed Integer                                                                                                                       ;
; PKT_SAI_L                 ; 139   ; Signed Integer                                                                                                                       ;
; PKT_SNOOP_H               ; 130   ; Signed Integer                                                                                                                       ;
; PKT_SNOOP_L               ; 127   ; Signed Integer                                                                                                                       ;
; PKT_SOP_OOO               ; 141   ; Signed Integer                                                                                                                       ;
; PKT_SRC_ID_H              ; 107   ; Signed Integer                                                                                                                       ;
; PKT_SRC_ID_L              ; 104   ; Signed Integer                                                                                                                       ;
; PKT_SRC_ID_W              ; 4     ; Signed Integer                                                                                                                       ;
; PKT_THREAD_ID_H           ; 112   ; Signed Integer                                                                                                                       ;
; PKT_THREAD_ID_L           ; 112   ; Signed Integer                                                                                                                       ;
; PKT_TRACE                 ; 150   ; Signed Integer                                                                                                                       ;
; PKT_TRANS_COMPRESSED_READ ; 68    ; Signed Integer                                                                                                                       ;
; PKT_TRANS_EXCLUSIVE       ; 73    ; Signed Integer                                                                                                                       ;
; PKT_TRANS_LOCK            ; 72    ; Signed Integer                                                                                                                       ;
; PKT_TRANS_POSTED          ; 69    ; Signed Integer                                                                                                                       ;
; PKT_TRANS_READ            ; 71    ; Signed Integer                                                                                                                       ;
; PKT_TRANS_WRITE           ; 70    ; Signed Integer                                                                                                                       ;
; PKT_USER_DATA_H           ; 136   ; Signed Integer                                                                                                                       ;
; PKT_USER_DATA_L           ; 136   ; Signed Integer                                                                                                                       ;
; PKT_WUNIQUE               ; 133   ; Signed Integer                                                                                                                       ;
; POISON_WIDTH              ; 1     ; Signed Integer                                                                                                                       ;
; RDATA_WIDTH               ; 32    ; Signed Integer                                                                                                                       ;
; READ_ISSUING_CAPABILITY   ; 8     ; Signed Integer                                                                                                                       ;
; RESP_USER_WIDTH           ; 1     ; Signed Integer                                                                                                                       ;
; ROLE_BASED_USER           ; 0     ; Signed Integer                                                                                                                       ;
; SAI_WIDTH                 ; 1     ; Signed Integer                                                                                                                       ;
; SID_WIDTH                 ; 1     ; Signed Integer                                                                                                                       ;
; SKIP_USER_ADDRCHK_CAL     ; 1     ; Unsigned Bit Literal                                                                                                                 ;
; ST_CHANNEL_W              ; 12    ; Signed Integer                                                                                                                       ;
; ST_DATA_W                 ; 179   ; Signed Integer                                                                                                                       ;
; SYNC_RESET                ; 1     ; Signed Integer                                                                                                                       ;
; USER_DATA_WIDTH           ; 1     ; Signed Integer                                                                                                                       ;
; USE_PKT_ADDRCHK           ; 0     ; Signed Integer                                                                                                                       ;
; USE_PKT_DATACHK           ; 0     ; Signed Integer                                                                                                                       ;
; WDATA_WIDTH               ; 32    ; Signed Integer                                                                                                                       ;
; WRITE_ISSUING_CAPABILITY  ; 1     ; Signed Integer                                                                                                                       ;
+---------------------------+-------+--------------------------------------------------------------------------------------------------------------------------------------+
All Instances:
qsys_top_0|mm_interconnect_0|intel_niosv_g_0_instruction_manager_agent



+----------------------------------------------------------------------------------------------------------------------------------------------------------------+
; Parameter Settings for User Entity qsys_top_altera_merlin_slave_agent_1930_jxauz3i Instance: qsys_top_0|mm_interconnect_0|intel_niosv_g_0_timer_sw_agent_agent ;
+---------------------------+-------+----------------------------------------------------------------------------------------------------------------------------+
; Parameter Name            ; Value ; Type                                                                                                                       ;
+---------------------------+-------+----------------------------------------------------------------------------------------------------------------------------+
; ADDR_W                    ; 32    ; Signed Integer                                                                                                             ;
; AVS_BE_W                  ; 4     ; Signed Integer                                                                                                             ;
; AVS_BURSTCOUNT_W          ; 3     ; Signed Integer                                                                                                             ;
; AVS_DATA_W                ; 32    ; Signed Integer                                                                                                             ;
; BURST_SIZE_W              ; 3     ; Signed Integer                                                                                                             ;
; ECC_ENABLE                ; 0     ; Signed Integer                                                                                                             ;
; ENABLE_AXI5               ; 0     ; Signed Integer                                                                                                             ;
; FIFO_DATA_W               ; 180   ; Signed Integer                                                                                                             ;
; PKT_ADDRCHK_H             ; 138   ; Signed Integer                                                                                                             ;
; PKT_ADDRCHK_L             ; 137   ; Signed Integer                                                                                                             ;
; PKT_ADDR_H                ; 67    ; Signed Integer                                                                                                             ;
; PKT_ADDR_L                ; 36    ; Signed Integer                                                                                                             ;
; PKT_ATRACE                ; 149   ; Signed Integer                                                                                                             ;
; PKT_AWAKEUP               ; 151   ; Signed Integer                                                                                                             ;
; PKT_AWATOP_H              ; 157   ; Signed Integer                                                                                                             ;
; PKT_AWATOP_L              ; 152   ; Signed Integer                                                                                                             ;
; PKT_AWSTASHLPIDEN         ; 175   ; Signed Integer                                                                                                             ;
; PKT_AWSTASHLPID_H         ; 174   ; Signed Integer                                                                                                             ;
; PKT_AWSTASHLPID_L         ; 170   ; Signed Integer                                                                                                             ;
; PKT_AWSTASHNIDEN          ; 169   ; Signed Integer                                                                                                             ;
; PKT_AWSTASHNID_H          ; 168   ; Signed Integer                                                                                                             ;
; PKT_AWSTASHNID_L          ; 158   ; Signed Integer                                                                                                             ;
; PKT_BEGIN_BURST           ; 99    ; Signed Integer                                                                                                             ;
; PKT_BURSTWRAP_H           ; 91    ; Signed Integer                                                                                                             ;
; PKT_BURSTWRAP_L           ; 85    ; Signed Integer                                                                                                             ;
; PKT_BURST_SIZE_H          ; 94    ; Signed Integer                                                                                                             ;
; PKT_BURST_SIZE_L          ; 92    ; Signed Integer                                                                                                             ;
; PKT_BYTEEN_H              ; 35    ; Signed Integer                                                                                                             ;
; PKT_BYTEEN_L              ; 32    ; Signed Integer                                                                                                             ;
; PKT_BYTE_CNT_H            ; 84    ; Signed Integer                                                                                                             ;
; PKT_BYTE_CNT_L            ; 74    ; Signed Integer                                                                                                             ;
; PKT_DATACHK_H             ; 135   ; Signed Integer                                                                                                             ;
; PKT_DATACHK_L             ; 135   ; Signed Integer                                                                                                             ;
; PKT_DATALESS              ; 178   ; Signed Integer                                                                                                             ;
; PKT_DATA_H                ; 31    ; Signed Integer                                                                                                             ;
; PKT_DATA_L                ; 0     ; Signed Integer                                                                                                             ;
; PKT_DEST_ID_H             ; 111   ; Signed Integer                                                                                                             ;
; PKT_DEST_ID_L             ; 108   ; Signed Integer                                                                                                             ;
; PKT_MMUSECSID             ; 177   ; Signed Integer                                                                                                             ;
; PKT_MMUSID_H              ; 176   ; Signed Integer                                                                                                             ;
; PKT_MMUSID_L              ; 176   ; Signed Integer                                                                                                             ;
; PKT_ORI_BURST_SIZE_H      ; 124   ; Signed Integer                                                                                                             ;
; PKT_ORI_BURST_SIZE_L      ; 122   ; Signed Integer                                                                                                             ;
; PKT_POISON_H              ; 134   ; Signed Integer                                                                                                             ;
; PKT_POISON_L              ; 134   ; Signed Integer                                                                                                             ;
; PKT_PROTECTION_H          ; 115   ; Signed Integer                                                                                                             ;
; PKT_PROTECTION_L          ; 113   ; Signed Integer                                                                                                             ;
; PKT_RESPONSE_STATUS_H     ; 121   ; Signed Integer                                                                                                             ;
; PKT_RESPONSE_STATUS_L     ; 120   ; Signed Integer                                                                                                             ;
; PKT_SAI_H                 ; 139   ; Signed Integer                                                                                                             ;
; PKT_SAI_L                 ; 139   ; Signed Integer                                                                                                             ;
; PKT_SRC_ID_H              ; 107   ; Signed Integer                                                                                                             ;
; PKT_SRC_ID_L              ; 104   ; Signed Integer                                                                                                             ;
; PKT_SYMBOLS               ; 4     ; Signed Integer                                                                                                             ;
; PKT_SYMBOL_W              ; 8     ; Signed Integer                                                                                                             ;
; PKT_TRACE                 ; 150   ; Signed Integer                                                                                                             ;
; PKT_TRANS_COMPRESSED_READ ; 68    ; Signed Integer                                                                                                             ;
; PKT_TRANS_LOCK            ; 72    ; Signed Integer                                                                                                             ;
; PKT_TRANS_POSTED          ; 69    ; Signed Integer                                                                                                             ;
; PKT_TRANS_READ            ; 71    ; Signed Integer                                                                                                             ;
; PKT_TRANS_WRITE           ; 70    ; Signed Integer                                                                                                             ;
; PKT_USER_DATA_H           ; 136   ; Signed Integer                                                                                                             ;
; PKT_USER_DATA_L           ; 136   ; Signed Integer                                                                                                             ;
; PREVENT_FIFO_OVERFLOW     ; 1     ; Signed Integer                                                                                                             ;
; ROLE_BASED_USER           ; 0     ; Signed Integer                                                                                                             ;
; ST_CHANNEL_W              ; 12    ; Signed Integer                                                                                                             ;
; ST_DATA_W                 ; 179   ; Signed Integer                                                                                                             ;
; SUPPRESS_0_BYTEEN_CMD     ; 1     ; Signed Integer                                                                                                             ;
; SYNC_RESET                ; 1     ; Signed Integer                                                                                                             ;
; USE_MEMORY_BLOCKS         ; 0     ; Signed Integer                                                                                                             ;
; USE_PKT_DATACHK           ; 0     ; Signed Integer                                                                                                             ;
; USE_READRESPONSE          ; 0     ; Signed Integer                                                                                                             ;
; USE_WRITERESPONSE         ; 0     ; Signed Integer                                                                                                             ;
+---------------------------+-------+----------------------------------------------------------------------------------------------------------------------------+
All Instances:
qsys_top_0|mm_interconnect_0|sys_jtag_uart_avalon_jtag_slave_agent
qsys_top_0|mm_interconnect_0|sys_tse_control_port_agent
qsys_top_0|mm_interconnect_0|sys_sysid_control_slave_agent
qsys_top_0|mm_interconnect_0|sys_tse_msgdma_rx_csr_agent
qsys_top_0|mm_interconnect_0|sys_tse_msgdma_tx_csr_agent
qsys_top_0|mm_interconnect_0|intel_niosv_g_0_dm_agent_agent
qsys_top_0|mm_interconnect_0|sys_tse_msgdma_rx_prefetcher_csr_agent
qsys_top_0|mm_interconnect_0|sys_tse_msgdma_tx_prefetcher_csr_agent
qsys_top_0|mm_interconnect_0|sys_cpu_ram_s1_agent
qsys_top_0|mm_interconnect_0|sys_desc_mem_s1_agent
qsys_top_0|mm_interconnect_0|sys_led_pio_s1_agent
qsys_top_0|mm_interconnect_0|intel_niosv_g_0_timer_sw_agent_agent



+---------------------------------------------------------------------------------------------------------------------------------------------------------------------+
; Parameter Settings for User Entity qsys_top_altera_avalon_sc_fifo_1932_22gxxgi Instance: qsys_top_0|mm_interconnect_0|intel_niosv_g_0_timer_sw_agent_agent_rsp_fifo ;
+-----------------------+-------+-------------------------------------------------------------------------------------------------------------------------------------+
; Parameter Name        ; Value ; Type                                                                                                                                ;
+-----------------------+-------+-------------------------------------------------------------------------------------------------------------------------------------+
; ALMOST_FULL_THRESHOLD ; 1     ; Signed Integer                                                                                                                      ;
; BITS_PER_SYMBOL       ; 180   ; Signed Integer                                                                                                                      ;
; CHANNEL_WIDTH         ; 0     ; Signed Integer                                                                                                                      ;
; DATA_WIDTH            ; 180   ; Signed Integer                                                                                                                      ;
; EMPTY_LATENCY         ; 1     ; Signed Integer                                                                                                                      ;
; EMPTY_WIDTH           ; 1     ; Signed Integer                                                                                                                      ;
; ERROR_WIDTH           ; 0     ; Signed Integer                                                                                                                      ;
; FIFO_DEPTH            ; 2     ; Signed Integer                                                                                                                      ;
; MEM_TYPE              ; M20K  ; String                                                                                                                              ;
; SYMBOLS_PER_BEAT      ; 1     ; Signed Integer                                                                                                                      ;
; SYNC_RESET            ; 1     ; Signed Integer                                                                                                                      ;
; USE_ALMOST_EMPTY_IF   ; 0     ; Signed Integer                                                                                                                      ;
; USE_ALMOST_FULL_IF    ; 0     ; Signed Integer                                                                                                                      ;
; USE_FILL_LEVEL        ; 0     ; Signed Integer                                                                                                                      ;
; USE_MEMORY_BLOCKS     ; 0     ; Signed Integer                                                                                                                      ;
; USE_PACKETS           ; 1     ; Signed Integer                                                                                                                      ;
; USE_STORE_FORWARD     ; 0     ; Signed Integer                                                                                                                      ;
+-----------------------+-------+-------------------------------------------------------------------------------------------------------------------------------------+
All Instances:
qsys_top_0|mm_interconnect_0|sys_jtag_uart_avalon_jtag_slave_agent_rsp_fifo
qsys_top_0|mm_interconnect_0|sys_tse_control_port_agent_rsp_fifo
qsys_top_0|mm_interconnect_0|sys_sysid_control_slave_agent_rsp_fifo
qsys_top_0|mm_interconnect_0|sys_tse_msgdma_rx_csr_agent_rsp_fifo
qsys_top_0|mm_interconnect_0|sys_tse_msgdma_tx_csr_agent_rsp_fifo
qsys_top_0|mm_interconnect_0|sys_tse_msgdma_rx_prefetcher_csr_agent_rsp_fifo
qsys_top_0|mm_interconnect_0|sys_tse_msgdma_tx_prefetcher_csr_agent_rsp_fifo
qsys_top_0|mm_interconnect_0|sys_cpu_ram_s1_agent_rsp_fifo
qsys_top_0|mm_interconnect_0|sys_desc_mem_s1_agent_rsp_fifo
qsys_top_0|mm_interconnect_0|sys_led_pio_s1_agent_rsp_fifo
qsys_top_0|mm_interconnect_0|intel_niosv_g_0_timer_sw_agent_agent_rsp_fifo



+-------------------------------------------------------------------------------------------------------------------------------------------------------------------------+
; Parameter Settings for User Entity qsys_top_altera_avalon_sc_fifo_1932_22gxxgi_1 Instance: qsys_top_0|mm_interconnect_0|intel_niosv_g_0_timer_sw_agent_agent_rdata_fifo ;
+-----------------------+-------+-----------------------------------------------------------------------------------------------------------------------------------------+
; Parameter Name        ; Value ; Type                                                                                                                                    ;
+-----------------------+-------+-----------------------------------------------------------------------------------------------------------------------------------------+
; ALMOST_FULL_THRESHOLD ; 1     ; Signed Integer                                                                                                                          ;
; BITS_PER_SYMBOL       ; 34    ; Signed Integer                                                                                                                          ;
; CHANNEL_WIDTH         ; 0     ; Signed Integer                                                                                                                          ;
; DATA_WIDTH            ; 34    ; Signed Integer                                                                                                                          ;
; EMPTY_LATENCY         ; 0     ; Signed Integer                                                                                                                          ;
; EMPTY_WIDTH           ; 1     ; Signed Integer                                                                                                                          ;
; ERROR_WIDTH           ; 0     ; Signed Integer                                                                                                                          ;
; FIFO_DEPTH            ; 2     ; Signed Integer                                                                                                                          ;
; MEM_TYPE              ; M20K  ; String                                                                                                                                  ;
; SYMBOLS_PER_BEAT      ; 1     ; Signed Integer                                                                                                                          ;
; SYNC_RESET            ; 1     ; Signed Integer                                                                                                                          ;
; USE_ALMOST_EMPTY_IF   ; 0     ; Signed Integer                                                                                                                          ;
; USE_ALMOST_FULL_IF    ; 0     ; Signed Integer                                                                                                                          ;
; USE_FILL_LEVEL        ; 0     ; Signed Integer                                                                                                                          ;
; USE_MEMORY_BLOCKS     ; 0     ; Signed Integer                                                                                                                          ;
; USE_PACKETS           ; 0     ; Signed Integer                                                                                                                          ;
; USE_STORE_FORWARD     ; 0     ; Signed Integer                                                                                                                          ;
+-----------------------+-------+-----------------------------------------------------------------------------------------------------------------------------------------+
All Instances:
qsys_top_0|mm_interconnect_0|sys_jtag_uart_avalon_jtag_slave_agent_rdata_fifo
qsys_top_0|mm_interconnect_0|sys_tse_control_port_agent_rdata_fifo
qsys_top_0|mm_interconnect_0|sys_sysid_control_slave_agent_rdata_fifo
qsys_top_0|mm_interconnect_0|sys_tse_msgdma_rx_csr_agent_rdata_fifo
qsys_top_0|mm_interconnect_0|sys_tse_msgdma_tx_csr_agent_rdata_fifo
qsys_top_0|mm_interconnect_0|sys_tse_msgdma_rx_prefetcher_csr_agent_rdata_fifo
qsys_top_0|mm_interconnect_0|sys_tse_msgdma_tx_prefetcher_csr_agent_rdata_fifo
qsys_top_0|mm_interconnect_0|sys_cpu_ram_s1_agent_rdata_fifo
qsys_top_0|mm_interconnect_0|sys_desc_mem_s1_agent_rdata_fifo
qsys_top_0|mm_interconnect_0|sys_led_pio_s1_agent_rdata_fifo
qsys_top_0|mm_interconnect_0|intel_niosv_g_0_timer_sw_agent_agent_rdata_fifo



+-----------------------------------------------------------------------------------------------------------------------------------------------------------------+
; Parameter Settings for User Entity qsys_top_altera_avalon_sc_fifo_1932_22gxxgi_2 Instance: qsys_top_0|mm_interconnect_0|intel_niosv_g_0_dm_agent_agent_rsp_fifo ;
+-----------------------+-------+---------------------------------------------------------------------------------------------------------------------------------+
; Parameter Name        ; Value ; Type                                                                                                                            ;
+-----------------------+-------+---------------------------------------------------------------------------------------------------------------------------------+
; ALMOST_FULL_THRESHOLD ; 2     ; Signed Integer                                                                                                                  ;
; BITS_PER_SYMBOL       ; 180   ; Signed Integer                                                                                                                  ;
; CHANNEL_WIDTH         ; 0     ; Signed Integer                                                                                                                  ;
; DATA_WIDTH            ; 180   ; Signed Integer                                                                                                                  ;
; EMPTY_LATENCY         ; 1     ; Signed Integer                                                                                                                  ;
; EMPTY_WIDTH           ; 1     ; Signed Integer                                                                                                                  ;
; ERROR_WIDTH           ; 0     ; Signed Integer                                                                                                                  ;
; FIFO_DEPTH            ; 3     ; Signed Integer                                                                                                                  ;
; MEM_TYPE              ; M20K  ; String                                                                                                                          ;
; SYMBOLS_PER_BEAT      ; 1     ; Signed Integer                                                                                                                  ;
; SYNC_RESET            ; 1     ; Signed Integer                                                                                                                  ;
; USE_ALMOST_EMPTY_IF   ; 0     ; Signed Integer                                                                                                                  ;
; USE_ALMOST_FULL_IF    ; 0     ; Signed Integer                                                                                                                  ;
; USE_FILL_LEVEL        ; 0     ; Signed Integer                                                                                                                  ;
; USE_MEMORY_BLOCKS     ; 0     ; Signed Integer                                                                                                                  ;
; USE_PACKETS           ; 1     ; Signed Integer                                                                                                                  ;
; USE_STORE_FORWARD     ; 0     ; Signed Integer                                                                                                                  ;
+-----------------------+-------+---------------------------------------------------------------------------------------------------------------------------------+
All Instances:
qsys_top_0|mm_interconnect_0|intel_niosv_g_0_dm_agent_agent_rsp_fifo



+-------------------------------------------------------------------------------------------------------------------------------------------------------------------+
; Parameter Settings for User Entity qsys_top_altera_avalon_sc_fifo_1932_22gxxgi_3 Instance: qsys_top_0|mm_interconnect_0|intel_niosv_g_0_dm_agent_agent_rdata_fifo ;
+-----------------------+-------+-----------------------------------------------------------------------------------------------------------------------------------+
; Parameter Name        ; Value ; Type                                                                                                                              ;
+-----------------------+-------+-----------------------------------------------------------------------------------------------------------------------------------+
; ALMOST_FULL_THRESHOLD ; 2     ; Signed Integer                                                                                                                    ;
; BITS_PER_SYMBOL       ; 34    ; Signed Integer                                                                                                                    ;
; CHANNEL_WIDTH         ; 0     ; Signed Integer                                                                                                                    ;
; DATA_WIDTH            ; 34    ; Signed Integer                                                                                                                    ;
; EMPTY_LATENCY         ; 0     ; Signed Integer                                                                                                                    ;
; EMPTY_WIDTH           ; 1     ; Signed Integer                                                                                                                    ;
; ERROR_WIDTH           ; 0     ; Signed Integer                                                                                                                    ;
; FIFO_DEPTH            ; 3     ; Signed Integer                                                                                                                    ;
; MEM_TYPE              ; M20K  ; String                                                                                                                            ;
; SYMBOLS_PER_BEAT      ; 1     ; Signed Integer                                                                                                                    ;
; SYNC_RESET            ; 1     ; Signed Integer                                                                                                                    ;
; USE_ALMOST_EMPTY_IF   ; 0     ; Signed Integer                                                                                                                    ;
; USE_ALMOST_FULL_IF    ; 0     ; Signed Integer                                                                                                                    ;
; USE_FILL_LEVEL        ; 0     ; Signed Integer                                                                                                                    ;
; USE_MEMORY_BLOCKS     ; 0     ; Signed Integer                                                                                                                    ;
; USE_PACKETS           ; 0     ; Signed Integer                                                                                                                    ;
; USE_STORE_FORWARD     ; 0     ; Signed Integer                                                                                                                    ;
+-----------------------+-------+-----------------------------------------------------------------------------------------------------------------------------------+
All Instances:
qsys_top_0|mm_interconnect_0|intel_niosv_g_0_dm_agent_agent_rdata_fifo



+-----------------------------------------------------------------------------------------------------------------------------------------------------------------+
; Parameter Settings for User Entity qsys_top_altera_merlin_traffic_limiter_1921_ihobvti Instance: qsys_top_0|mm_interconnect_0|sys_tse_msgdma_tx_mm_read_limiter ;
+--------------------------------------+-------+------------------------------------------------------------------------------------------------------------------+
; Parameter Name                       ; Value ; Type                                                                                                             ;
+--------------------------------------+-------+------------------------------------------------------------------------------------------------------------------+
; ENABLE_CONCURRENT_SUBORDINATE_ACCESS ; 0     ; Signed Integer                                                                                                   ;
; ENABLE_OOO                           ; 0     ; Signed Integer                                                                                                   ;
; ENFORCE_ORDER                        ; 1     ; Signed Integer                                                                                                   ;
; MAX_OUTSTANDING_RESPONSES            ; 4     ; Signed Integer                                                                                                   ;
; NO_REPEATED_IDS_BETWEEN_SUBORDINATES ; 0     ; Signed Integer                                                                                                   ;
; PIPELINED                            ; 0     ; Signed Integer                                                                                                   ;
; PKT_BYTEEN_H                         ; 35    ; Signed Integer                                                                                                   ;
; PKT_BYTEEN_L                         ; 32    ; Signed Integer                                                                                                   ;
; PKT_BYTE_CNT_H                       ; 84    ; Signed Integer                                                                                                   ;
; PKT_BYTE_CNT_L                       ; 74    ; Signed Integer                                                                                                   ;
; PKT_DEST_ID_H                        ; 111   ; Signed Integer                                                                                                   ;
; PKT_DEST_ID_L                        ; 108   ; Signed Integer                                                                                                   ;
; PKT_SRC_ID_H                         ; 107   ; Signed Integer                                                                                                   ;
; PKT_SRC_ID_L                         ; 104   ; Signed Integer                                                                                                   ;
; PKT_THREAD_ID_H                      ; 0     ; Signed Integer                                                                                                   ;
; PKT_THREAD_ID_L                      ; 0     ; Signed Integer                                                                                                   ;
; PKT_TRANS_POSTED                     ; 69    ; Signed Integer                                                                                                   ;
; PKT_TRANS_READ                       ; 0     ; Signed Integer                                                                                                   ;
; PKT_TRANS_SEQ_H                      ; 148   ; Signed Integer                                                                                                   ;
; PKT_TRANS_SEQ_L                      ; 142   ; Signed Integer                                                                                                   ;
; PKT_TRANS_WRITE                      ; 70    ; Signed Integer                                                                                                   ;
; PREVENT_HAZARDS                      ; 0     ; Signed Integer                                                                                                   ;
; REORDER                              ; 0     ; Signed Integer                                                                                                   ;
; ST_CHANNEL_W                         ; 12    ; Signed Integer                                                                                                   ;
; ST_DATA_W                            ; 179   ; Signed Integer                                                                                                   ;
; SUPPORTS_NONPOSTED_WRITES            ; 0     ; Signed Integer                                                                                                   ;
; SUPPORTS_POSTED_WRITES               ; 1     ; Signed Integer                                                                                                   ;
; SYNC_RESET                           ; 1     ; Signed Integer                                                                                                   ;
; USE_FIFO                             ; 0     ; Signed Integer                                                                                                   ;
; VALID_WIDTH                          ; 12    ; Signed Integer                                                                                                   ;
+--------------------------------------+-------+------------------------------------------------------------------------------------------------------------------+
All Instances:
qsys_top_0|mm_interconnect_0|sys_tse_msgdma_rx_descriptor_read_master_limiter
qsys_top_0|mm_interconnect_0|sys_tse_msgdma_tx_descriptor_read_master_limiter
qsys_top_0|mm_interconnect_0|sys_tse_msgdma_tx_mm_read_limiter



+------------------------------------------------------------------------------------------------------------------------------------------------------------------------------+
; Parameter Settings for User Entity qsys_top_altera_merlin_traffic_limiter_1921_5pm4apa Instance: qsys_top_0|mm_interconnect_0|intel_niosv_g_0_instruction_manager_rd_limiter ;
+--------------------------------------+-------+-------------------------------------------------------------------------------------------------------------------------------+
; Parameter Name                       ; Value ; Type                                                                                                                          ;
+--------------------------------------+-------+-------------------------------------------------------------------------------------------------------------------------------+
; ENABLE_CONCURRENT_SUBORDINATE_ACCESS ; 0     ; Signed Integer                                                                                                                ;
; ENABLE_OOO                           ; 0     ; Signed Integer                                                                                                                ;
; ENFORCE_ORDER                        ; 1     ; Signed Integer                                                                                                                ;
; MAX_OUTSTANDING_RESPONSES            ; 5     ; Signed Integer                                                                                                                ;
; NO_REPEATED_IDS_BETWEEN_SUBORDINATES ; 0     ; Signed Integer                                                                                                                ;
; PIPELINED                            ; 0     ; Signed Integer                                                                                                                ;
; PKT_BYTEEN_H                         ; 35    ; Signed Integer                                                                                                                ;
; PKT_BYTEEN_L                         ; 32    ; Signed Integer                                                                                                                ;
; PKT_BYTE_CNT_H                       ; 84    ; Signed Integer                                                                                                                ;
; PKT_BYTE_CNT_L                       ; 74    ; Signed Integer                                                                                                                ;
; PKT_DEST_ID_H                        ; 111   ; Signed Integer                                                                                                                ;
; PKT_DEST_ID_L                        ; 108   ; Signed Integer                                                                                                                ;
; PKT_SRC_ID_H                         ; 107   ; Signed Integer                                                                                                                ;
; PKT_SRC_ID_L                         ; 104   ; Signed Integer                                                                                                                ;
; PKT_THREAD_ID_H                      ; 0     ; Signed Integer                                                                                                                ;
; PKT_THREAD_ID_L                      ; 0     ; Signed Integer                                                                                                                ;
; PKT_TRANS_POSTED                     ; 69    ; Signed Integer                                                                                                                ;
; PKT_TRANS_READ                       ; 0     ; Signed Integer                                                                                                                ;
; PKT_TRANS_SEQ_H                      ; 148   ; Signed Integer                                                                                                                ;
; PKT_TRANS_SEQ_L                      ; 142   ; Signed Integer                                                                                                                ;
; PKT_TRANS_WRITE                      ; 70    ; Signed Integer                                                                                                                ;
; PREVENT_HAZARDS                      ; 0     ; Signed Integer                                                                                                                ;
; REORDER                              ; 0     ; Signed Integer                                                                                                                ;
; ST_CHANNEL_W                         ; 12    ; Signed Integer                                                                                                                ;
; ST_DATA_W                            ; 179   ; Signed Integer                                                                                                                ;
; SUPPORTS_NONPOSTED_WRITES            ; 0     ; Signed Integer                                                                                                                ;
; SUPPORTS_POSTED_WRITES               ; 1     ; Signed Integer                                                                                                                ;
; SYNC_RESET                           ; 1     ; Signed Integer                                                                                                                ;
; USE_FIFO                             ; 0     ; Signed Integer                                                                                                                ;
; VALID_WIDTH                          ; 12    ; Signed Integer                                                                                                                ;
+--------------------------------------+-------+-------------------------------------------------------------------------------------------------------------------------------+
All Instances:
qsys_top_0|mm_interconnect_0|intel_niosv_g_0_instruction_manager_wr_limiter
qsys_top_0|mm_interconnect_0|intel_niosv_g_0_instruction_manager_rd_limiter



+--------------------------------------------------------------------------------------------------------------------------------------------------------------------------+
; Parameter Settings for User Entity qsys_top_altera_merlin_burst_adapter_1940_jaal53a Instance: qsys_top_0|mm_interconnect_0|intel_niosv_g_0_timer_sw_agent_burst_adapter ;
+---------------------------+-------+--------------------------------------------------------------------------------------------------------------------------------------+
; Parameter Name            ; Value ; Type                                                                                                                                 ;
+---------------------------+-------+--------------------------------------------------------------------------------------------------------------------------------------+
; ADAPTER_VERSION           ; 13.1  ; String                                                                                                                               ;
; BURSTWRAP_CONST_MASK      ; 0     ; Signed Integer                                                                                                                       ;
; BURSTWRAP_CONST_VALUE     ; 0     ; Signed Integer                                                                                                                       ;
; BYTEENABLE_SYNTHESIS      ; 1     ; Signed Integer                                                                                                                       ;
; COMPRESSED_READ_SUPPORT   ; 1     ; Signed Integer                                                                                                                       ;
; ENABLE_AXI5               ; 0     ; Signed Integer                                                                                                                       ;
; ENABLE_OOO                ; 0     ; Signed Integer                                                                                                                       ;
; INCOMPLETE_WRAP_SUPPORT   ; 0     ; Signed Integer                                                                                                                       ;
; IN_NARROW_SIZE            ; 1     ; Signed Integer                                                                                                                       ;
; NO_WRAP_SUPPORT           ; 0     ; Signed Integer                                                                                                                       ;
; OUT_BURSTWRAP_H           ; 91    ; Signed Integer                                                                                                                       ;
; OUT_BYTE_CNT_H            ; 76    ; Signed Integer                                                                                                                       ;
; OUT_COMPLETE_WRAP         ; 0     ; Signed Integer                                                                                                                       ;
; OUT_FIXED                 ; 0     ; Signed Integer                                                                                                                       ;
; OUT_NARROW_SIZE           ; 0     ; Signed Integer                                                                                                                       ;
; PIPE_INPUTS               ; 0     ; Signed Integer                                                                                                                       ;
; PKT_ADDR_H                ; 67    ; Signed Integer                                                                                                                       ;
; PKT_ADDR_L                ; 36    ; Signed Integer                                                                                                                       ;
; PKT_BEGIN_BURST           ; 99    ; Signed Integer                                                                                                                       ;
; PKT_BURSTWRAP_H           ; 91    ; Signed Integer                                                                                                                       ;
; PKT_BURSTWRAP_L           ; 85    ; Signed Integer                                                                                                                       ;
; PKT_BURST_SIZE_H          ; 94    ; Signed Integer                                                                                                                       ;
; PKT_BURST_SIZE_L          ; 92    ; Signed Integer                                                                                                                       ;
; PKT_BURST_TYPE_H          ; 96    ; Signed Integer                                                                                                                       ;
; PKT_BURST_TYPE_L          ; 95    ; Signed Integer                                                                                                                       ;
; PKT_BYTEEN_H              ; 35    ; Signed Integer                                                                                                                       ;
; PKT_BYTEEN_L              ; 32    ; Signed Integer                                                                                                                       ;
; PKT_BYTE_CNT_H            ; 84    ; Signed Integer                                                                                                                       ;
; PKT_BYTE_CNT_L            ; 74    ; Signed Integer                                                                                                                       ;
; PKT_EOP_OOO               ; 89    ; Signed Integer                                                                                                                       ;
; PKT_SAI_H                 ; 139   ; Signed Integer                                                                                                                       ;
; PKT_SAI_L                 ; 139   ; Signed Integer                                                                                                                       ;
; PKT_SOP_OOO               ; 90    ; Signed Integer                                                                                                                       ;
; PKT_TRANS_COMPRESSED_READ ; 68    ; Signed Integer                                                                                                                       ;
; PKT_TRANS_READ            ; 71    ; Signed Integer                                                                                                                       ;
; PKT_TRANS_WRITE           ; 70    ; Signed Integer                                                                                                                       ;
; ROLE_BASED_USER           ; 0     ; Signed Integer                                                                                                                       ;
; ST_CHANNEL_W              ; 12    ; Signed Integer                                                                                                                       ;
; ST_DATA_W                 ; 179   ; Signed Integer                                                                                                                       ;
; SYNC_RESET                ; 1     ; Signed Integer                                                                                                                       ;
+---------------------------+-------+--------------------------------------------------------------------------------------------------------------------------------------+
All Instances:
qsys_top_0|mm_interconnect_0|sys_jtag_uart_avalon_jtag_slave_burst_adapter
qsys_top_0|mm_interconnect_0|sys_tse_control_port_burst_adapter
qsys_top_0|mm_interconnect_0|sys_sysid_control_slave_burst_adapter
qsys_top_0|mm_interconnect_0|sys_tse_msgdma_rx_csr_burst_adapter
qsys_top_0|mm_interconnect_0|sys_tse_msgdma_tx_csr_burst_adapter
qsys_top_0|mm_interconnect_0|intel_niosv_g_0_dm_agent_burst_adapter
qsys_top_0|mm_interconnect_0|sys_tse_msgdma_rx_prefetcher_csr_burst_adapter
qsys_top_0|mm_interconnect_0|sys_tse_msgdma_tx_prefetcher_csr_burst_adapter
qsys_top_0|mm_interconnect_0|sys_cpu_ram_s1_burst_adapter
qsys_top_0|mm_interconnect_0|sys_desc_mem_s1_burst_adapter
qsys_top_0|mm_interconnect_0|sys_led_pio_s1_burst_adapter
qsys_top_0|mm_interconnect_0|intel_niosv_g_0_timer_sw_agent_burst_adapter



+---------------------------------------------------------------------------------------------------------------------------------+
; Parameter Settings for User Entity qsys_top_timing_adapter_1950_4blnw3y Instance: qsys_top_0|avalon_st_adapter|timing_adapter_0 ;
+----------------+-------+--------------------------------------------------------------------------------------------------------+
; Parameter Name ; Value ; Type                                                                                                   ;
+----------------+-------+--------------------------------------------------------------------------------------------------------+
; FIFO_MEM_TYPE  ; 0     ; Signed Integer                                                                                         ;
; SYNC_RESET     ; 0     ; Signed Integer                                                                                         ;
+----------------+-------+--------------------------------------------------------------------------------------------------------+
All Instances:
qsys_top_0|avalon_st_adapter|timing_adapter_0



+-------------------------------------------------------------------------------------------------------------------+
; Parameter Settings for User Entity altera_reset_synchronizer Instance: qsys_top_0|rst_controller|alt_rst_sync_uq1 ;
+----------------+-------+------------------------------------------------------------------------------------------+
; Parameter Name ; Value ; Type                                                                                     ;
+----------------+-------+------------------------------------------------------------------------------------------+
; ASYNC_RESET    ; 1     ; Unsigned Bit Literal                                                                     ;
; DEPTH          ; 2     ; Signed Integer                                                                           ;
+----------------+-------+------------------------------------------------------------------------------------------+
All Instances:
qsys_top_0|rst_controller|alt_rst_sync_uq1



+-----------------------------------------------------------------------------------------------------------------------------+
; Parameter Settings for User Entity altera_reset_synchronizer_1 Instance: qsys_top_0|rst_controller_001|alt_rst_req_sync_uq1 ;
+----------------+-------+----------------------------------------------------------------------------------------------------+
; Parameter Name ; Value ; Type                                                                                               ;
+----------------+-------+----------------------------------------------------------------------------------------------------+
; ASYNC_RESET    ; 0     ; Signed Integer                                                                                     ;
; DEPTH          ; 2     ; Signed Integer                                                                                     ;
+----------------+-------+----------------------------------------------------------------------------------------------------+
All Instances:
qsys_top_0|rst_controller|alt_rst_req_sync_uq1
qsys_top_0|rst_controller_001|alt_rst_req_sync_uq1



+-------------------------------------------------------------------------------------------------------------------------+
; Parameter Settings for User Entity altera_reset_synchronizer_2 Instance: qsys_top_0|rst_controller_001|alt_rst_sync_uq1 ;
+----------------+-------+------------------------------------------------------------------------------------------------+
; Parameter Name ; Value ; Type                                                                                           ;
+----------------+-------+------------------------------------------------------------------------------------------------+
; ASYNC_RESET    ; 0     ; Unsigned Bit Literal                                                                           ;
; DEPTH          ; 2     ; Signed Integer                                                                                 ;
+----------------+-------+------------------------------------------------------------------------------------------------+
All Instances:
qsys_top_0|rst_controller_001|alt_rst_sync_uq1



+------------------------------------------------------------------------------------------------------------------------------------------------------+
; Parameter Settings for User Entity qsys_top_intel_niosv_g_0_intel_niosv_g_unit_400_25ilc6y Instance: qsys_top_0|intel_niosv_g_0|intel_niosv_g_0|hart ;
+--------------------------+----------------------------------+----------------------------------------------------------------------------------------+
; Parameter Name           ; Value                            ; Type                                                                                   ;
+--------------------------+----------------------------------+----------------------------------------------------------------------------------------+
; BLIND_WINDOW_PERIOD      ; 1000                             ; Signed Integer                                                                         ;
; BRANCHPREDICTION_EN      ; 1                                ; Signed Integer                                                                         ;
; CLIC_EDGE_TRIGGER_EN     ; 0                                ; Signed Integer                                                                         ;
; CLIC_EN                  ; 0                                ; Signed Integer                                                                         ;
; CLIC_NUM_DEBUG_TRIGGERS  ; 0                                ; Signed Integer                                                                         ;
; CLIC_NUM_LEVELS          ; 2                                ; Signed Integer                                                                         ;
; CLIC_NUM_PRIORITIES      ; 8                                ; Signed Integer                                                                         ;
; CLIC_SHV_EN              ; 0                                ; Signed Integer                                                                         ;
; CLIC_TRIGGER_POLARITY_EN ; 0                                ; Signed Integer                                                                         ;
; CLIC_VT_ALIGN            ; 8                                ; Signed Integer                                                                         ;
; CORE_EXTN                ; 4352                             ; Signed Integer                                                                         ;
; DATA_CACHE_SIZE          ; 4096                             ; Signed Integer                                                                         ;
; DBG_DATA_S_BASE          ; 00000000001000000000000000000000 ; Unsigned Binary                                                                        ;
; DBG_EXPN_VECTOR          ; 00000000001000000000000000000000 ; Unsigned Binary                                                                        ;
; DBG_PARK_LOOP_OFFSET     ; 00000000000000000000000000011000 ; Unsigned Binary                                                                        ;
; DCLS_EXTRST_IF_ACTIVE    ; 0                                ; Signed Integer                                                                         ;
; DEBUG_ENABLED            ; 1                                ; Signed Integer                                                                         ;
; DEFAULT_TIMEOUT_PERIOD   ; 255                              ; Signed Integer                                                                         ;
; DEVICE_FAMILY            ; Agilex 5                         ; String                                                                                 ;
; DISABLE_FSQRT_FDIV       ; 0                                ; Signed Integer                                                                         ;
; DTCM1_BASE               ; 00000000000000000000000000000000 ; Unsigned Binary                                                                        ;
; DTCM1_INIT_FILE          ;                                  ; String                                                                                 ;
; DTCM1_SIZE               ; 0                                ; Signed Integer                                                                         ;
; DTCM2_BASE               ; 00000000000000000000000000000000 ; Unsigned Binary                                                                        ;
; DTCM2_INIT_FILE          ;                                  ; String                                                                                 ;
; DTCM2_SIZE               ; 0                                ; Signed Integer                                                                         ;
; DTCS1_ADDR_WIDTH         ; 10                               ; Signed Integer                                                                         ;
; DTCS2_ADDR_WIDTH         ; 10                               ; Signed Integer                                                                         ;
; ECC_EN                   ; 0                                ; Signed Integer                                                                         ;
; ECC_FULL                 ; 0                                ; Signed Integer                                                                         ;
; HARTID                   ; 00000000000000000000000000000000 ; Unsigned Binary                                                                        ;
; INST_CACHE_SIZE          ; 4096                             ; Signed Integer                                                                         ;
; ITCM1_BASE               ; 00000000000000000000000000000000 ; Unsigned Binary                                                                        ;
; ITCM1_INIT_FILE          ;                                  ; String                                                                                 ;
; ITCM1_SIZE               ; 0                                ; Signed Integer                                                                         ;
; ITCM2_BASE               ; 00000000000000000000000000000000 ; Unsigned Binary                                                                        ;
; ITCM2_INIT_FILE          ;                                  ; String                                                                                 ;
; ITCM2_SIZE               ; 0                                ; Signed Integer                                                                         ;
; ITCS1_ADDR_WIDTH         ; 10                               ; Signed Integer                                                                         ;
; ITCS2_ADDR_WIDTH         ; 10                               ; Signed Integer                                                                         ;
; NUM_PLATFORM_INTERRUPTS  ; 16                               ; Signed Integer                                                                         ;
; NUM_SRF_BANKS            ; 1                                ; Signed Integer                                                                         ;
; PERIPHERAL_REGION_A_BASE ; 00000000001000010000000000000000 ; Unsigned Binary                                                                        ;
; PERIPHERAL_REGION_A_SIZE ; 65536                            ; Signed Integer                                                                         ;
; PERIPHERAL_REGION_B_BASE ; 00000000000000000000000000000000 ; Unsigned Binary                                                                        ;
; PERIPHERAL_REGION_B_SIZE ; 0                                ; Signed Integer                                                                         ;
; PLAT_IRQ_VEC_W           ; 16                               ; Signed Integer                                                                         ;
; REMOVE_TIME_DIVERSITY    ; 0                                ; Signed Integer                                                                         ;
; RESET_VECTOR             ; 00000000000000000000000000000000 ; Unsigned Binary                                                                        ;
; TIMER_MSIP_DATA_S_BASE   ; 00000000001000010010010000000000 ; Unsigned Binary                                                                        ;
; USE_RESET_REQ            ; 0                                ; Signed Integer                                                                         ;
+--------------------------+----------------------------------+----------------------------------------------------------------------------------------+
All Instances:
qsys_top_0|intel_niosv_g_0|intel_niosv_g_0|hart



+------------------------------------------------------------------------------------------------------------------------------------------------------------------------------------------------+
; Parameter Settings for User Entity altera_syncram Instance: qsys_top_0|sys_cpu_ram|sys_cpu_ram|altera_syncram_component                                                                        ;
+------------------------------------------------------------+------------------------------------------------------------------------------------------------------------------+----------------+
; Parameter Name                                             ; Value                                                                                                            ; Type           ;
+------------------------------------------------------------+------------------------------------------------------------------------------------------------------------------+----------------+
; ACF_BLOCK_RAM_AND_MLAB_EQUIVALENT_PAUSED_READ_CAPABILITIES ; DONT CARE                                                                                                        ; Untyped        ;
; ACF_BLOCK_RAM_AND_MLAB_EQUIVALENT_POWER_UP_CONDITIONS      ; AUTO                                                                                                             ; Untyped        ;
; ACF_DISABLE_MLAB_RAM_USE                                   ; FALSE                                                                                                            ; Untyped        ;
; ACF_IMPLEMENT_MLAB_IN_16_BIT_DEEP_MODE                     ; FALSE                                                                                                            ; Untyped        ;
; ADDRESS_ACLR_A                                             ; UNUSED                                                                                                           ; Untyped        ;
; ADDRESS_ACLR_B                                             ; NONE                                                                                                             ; Untyped        ;
; ADDRESS_REG_B                                              ; CLOCK1                                                                                                           ; Untyped        ;
; BYTEENA_REG_B                                              ; CLOCK1                                                                                                           ; Untyped        ;
; BYTE_SIZE                                                  ; 8                                                                                                                ; Signed Integer ;
; CBXI_PARAMETER                                             ; altera_syncram_sm34                                                                                              ; Untyped        ;
; CLKEN_POWER_OPTIMIZATION                                   ; OFF                                                                                                              ; Untyped        ;
; CLOCK_DUTY_CYCLE_DEPENDENCE                                ; AUTO                                                                                                             ; Untyped        ;
; CLOCK_ENABLE_CORE_A                                        ; USE_INPUT_CLKEN                                                                                                  ; Untyped        ;
; CLOCK_ENABLE_CORE_B                                        ; USE_INPUT_CLKEN                                                                                                  ; Untyped        ;
; CLOCK_ENABLE_INPUT_A                                       ; NORMAL                                                                                                           ; String         ;
; CLOCK_ENABLE_INPUT_B                                       ; NORMAL                                                                                                           ; Untyped        ;
; CLOCK_ENABLE_OUTPUT_A                                      ; BYPASS                                                                                                           ; String         ;
; CLOCK_ENABLE_OUTPUT_B                                      ; NORMAL                                                                                                           ; Untyped        ;
; ECC_PIPELINE_STAGE_ENABLED                                 ; FALSE                                                                                                            ; Untyped        ;
; ENABLE_COHERENT_READ                                       ; FALSE                                                                                                            ; Untyped        ;
; ENABLE_ECC                                                 ; FALSE                                                                                                            ; Untyped        ;
; ENABLE_ECC_ENCODER_BYPASS                                  ; FALSE                                                                                                            ; Untyped        ;
; ENABLE_FORCE_TO_ZERO                                       ; FALSE                                                                                                            ; Untyped        ;
; ENABLE_RUNTIME_MOD                                         ; NO                                                                                                               ; Untyped        ;
; IMPLEMENT_IN_LES                                           ; OFF                                                                                                              ; Untyped        ;
; INDATA_REG_B                                               ; CLOCK1                                                                                                           ; Untyped        ;
; INIT_FILE                                                  ; ip/qsys_top/qsys_top_intel_onchip_memory_1/intel_onchip_memory_1410/synth/qsys_top_intel_onchip_memo <truncated> ; Untyped        ;
; INIT_FILE_LAYOUT                                           ; Port_A                                                                                                           ; String         ;
; INSTANCE_NAME                                              ; UNUSED                                                                                                           ; Untyped        ;
; LOW_POWER_MODE                                             ; AUTO                                                                                                             ; Untyped        ;
; MAXIMUM_DEPTH                                              ; 0                                                                                                                ; Untyped        ;
; NUMWORDS_A                                                 ; 500000                                                                                                           ; Signed Integer ;
; NUMWORDS_B                                                 ; 0                                                                                                                ; Untyped        ;
; OPERATION_MODE                                             ; SINGLE_PORT                                                                                                      ; String         ;
; OPTIMIZATION_OPTION                                        ; AUTO                                                                                                             ; Untyped        ;
; OUTDATA_ACLR_A                                             ; NONE                                                                                                             ; String         ;
; OUTDATA_ACLR_B                                             ; NONE                                                                                                             ; Untyped        ;
; OUTDATA_REG_A                                              ; UNREGISTERED                                                                                                     ; String         ;
; OUTDATA_REG_B                                              ; UNREGISTERED                                                                                                     ; Untyped        ;
; OUTDATA_SCLR_A                                             ; NONE                                                                                                             ; String         ;
; OUTDATA_SCLR_B                                             ; NONE                                                                                                             ; Untyped        ;
; POWER_UP_UNINITIALIZED                                     ; FALSE                                                                                                            ; Untyped        ;
; RAM_BLOCK_TYPE                                             ; AUTO                                                                                                             ; String         ;
; RDCONTROL_REG_B                                            ; CLOCK1                                                                                                           ; Untyped        ;
; RDEN_POWER_OPTIMIZATION                                    ; OFF                                                                                                              ; Untyped        ;
; READ_DURING_WRITE_MODE_MIXED_PORTS                         ; DONT_CARE                                                                                                        ; Untyped        ;
; READ_DURING_WRITE_MODE_PORT_A                              ; DONT_CARE                                                                                                        ; String         ;
; READ_DURING_WRITE_MODE_PORT_B                              ; NEW_DATA_NO_NBE_READ                                                                                             ; Untyped        ;
; WIDTHAD2_A                                                 ; 1                                                                                                                ; Untyped        ;
; WIDTHAD2_B                                                 ; 1                                                                                                                ; Untyped        ;
; WIDTHAD_A                                                  ; 19                                                                                                               ; Signed Integer ;
; WIDTHAD_B                                                  ; 1                                                                                                                ; Untyped        ;
; WIDTH_A                                                    ; 32                                                                                                               ; Signed Integer ;
; WIDTH_B                                                    ; 1                                                                                                                ; Untyped        ;
; WIDTH_BYTEENA_A                                            ; 4                                                                                                                ; Signed Integer ;
; WIDTH_BYTEENA_B                                            ; 1                                                                                                                ; Untyped        ;
; WIDTH_ECCENCPARITY                                         ; 8                                                                                                                ; Untyped        ;
; WIDTH_ECCSTATUS                                            ; 3                                                                                                                ; Untyped        ;
; WREN_POWER_OPTIMIZATION                                    ; OFF                                                                                                              ; Untyped        ;
; init_file_restructured                                     ; UNUSED                                                                                                           ; Untyped        ;
; intended_device_family                                     ; Agilex 5                                                                                                         ; String         ;
; lpm_type                                                   ; altera_syncram                                                                                                   ; String         ;
+------------------------------------------------------------+------------------------------------------------------------------------------------------------------------------+----------------+
All Instances:
qsys_top_0|sys_cpu_ram|sys_cpu_ram|altera_syncram_component



+------------------------------------------------------------------------------------------------------------------------------------------------------------------------------------------------+
; Parameter Settings for User Entity altera_syncram_1 Instance: qsys_top_0|sys_desc_mem|sys_desc_mem|altera_syncram_component                                                                    ;
+------------------------------------------------------------+------------------------------------------------------------------------------------------------------------------+----------------+
; Parameter Name                                             ; Value                                                                                                            ; Type           ;
+------------------------------------------------------------+------------------------------------------------------------------------------------------------------------------+----------------+
; ACF_BLOCK_RAM_AND_MLAB_EQUIVALENT_PAUSED_READ_CAPABILITIES ; DONT CARE                                                                                                        ; Untyped        ;
; ACF_BLOCK_RAM_AND_MLAB_EQUIVALENT_POWER_UP_CONDITIONS      ; AUTO                                                                                                             ; Untyped        ;
; ACF_DISABLE_MLAB_RAM_USE                                   ; FALSE                                                                                                            ; Untyped        ;
; ACF_IMPLEMENT_MLAB_IN_16_BIT_DEEP_MODE                     ; FALSE                                                                                                            ; Untyped        ;
; ADDRESS_ACLR_A                                             ; UNUSED                                                                                                           ; Untyped        ;
; ADDRESS_ACLR_B                                             ; NONE                                                                                                             ; Untyped        ;
; ADDRESS_REG_B                                              ; CLOCK1                                                                                                           ; Untyped        ;
; BYTEENA_REG_B                                              ; CLOCK1                                                                                                           ; Untyped        ;
; BYTE_SIZE                                                  ; 8                                                                                                                ; Signed Integer ;
; CBXI_PARAMETER                                             ; altera_syncram_j774                                                                                              ; Untyped        ;
; CLKEN_POWER_OPTIMIZATION                                   ; OFF                                                                                                              ; Untyped        ;
; CLOCK_DUTY_CYCLE_DEPENDENCE                                ; AUTO                                                                                                             ; Untyped        ;
; CLOCK_ENABLE_CORE_A                                        ; USE_INPUT_CLKEN                                                                                                  ; Untyped        ;
; CLOCK_ENABLE_CORE_B                                        ; USE_INPUT_CLKEN                                                                                                  ; Untyped        ;
; CLOCK_ENABLE_INPUT_A                                       ; NORMAL                                                                                                           ; String         ;
; CLOCK_ENABLE_INPUT_B                                       ; NORMAL                                                                                                           ; Untyped        ;
; CLOCK_ENABLE_OUTPUT_A                                      ; BYPASS                                                                                                           ; String         ;
; CLOCK_ENABLE_OUTPUT_B                                      ; NORMAL                                                                                                           ; Untyped        ;
; ECC_PIPELINE_STAGE_ENABLED                                 ; FALSE                                                                                                            ; Untyped        ;
; ENABLE_COHERENT_READ                                       ; FALSE                                                                                                            ; Untyped        ;
; ENABLE_ECC                                                 ; FALSE                                                                                                            ; Untyped        ;
; ENABLE_ECC_ENCODER_BYPASS                                  ; FALSE                                                                                                            ; Untyped        ;
; ENABLE_FORCE_TO_ZERO                                       ; FALSE                                                                                                            ; Untyped        ;
; ENABLE_RUNTIME_MOD                                         ; NO                                                                                                               ; Untyped        ;
; IMPLEMENT_IN_LES                                           ; OFF                                                                                                              ; Untyped        ;
; INDATA_REG_B                                               ; CLOCK1                                                                                                           ; Untyped        ;
; INIT_FILE                                                  ; ip/qsys_top/qsys_top_intel_onchip_memory_0/intel_onchip_memory_1410/synth/qsys_top_intel_onchip_memo <truncated> ; Untyped        ;
; INIT_FILE_LAYOUT                                           ; Port_A                                                                                                           ; String         ;
; INSTANCE_NAME                                              ; UNUSED                                                                                                           ; Untyped        ;
; LOW_POWER_MODE                                             ; AUTO                                                                                                             ; Untyped        ;
; MAXIMUM_DEPTH                                              ; 0                                                                                                                ; Untyped        ;
; NUMWORDS_A                                                 ; 2048                                                                                                             ; Signed Integer ;
; NUMWORDS_B                                                 ; 0                                                                                                                ; Untyped        ;
; OPERATION_MODE                                             ; SINGLE_PORT                                                                                                      ; String         ;
; OPTIMIZATION_OPTION                                        ; AUTO                                                                                                             ; Untyped        ;
; OUTDATA_ACLR_A                                             ; NONE                                                                                                             ; String         ;
; OUTDATA_ACLR_B                                             ; NONE                                                                                                             ; Untyped        ;
; OUTDATA_REG_A                                              ; UNREGISTERED                                                                                                     ; String         ;
; OUTDATA_REG_B                                              ; UNREGISTERED                                                                                                     ; Untyped        ;
; OUTDATA_SCLR_A                                             ; NONE                                                                                                             ; String         ;
; OUTDATA_SCLR_B                                             ; NONE                                                                                                             ; Untyped        ;
; POWER_UP_UNINITIALIZED                                     ; FALSE                                                                                                            ; Untyped        ;
; RAM_BLOCK_TYPE                                             ; AUTO                                                                                                             ; String         ;
; RDCONTROL_REG_B                                            ; CLOCK1                                                                                                           ; Untyped        ;
; RDEN_POWER_OPTIMIZATION                                    ; OFF                                                                                                              ; Untyped        ;
; READ_DURING_WRITE_MODE_MIXED_PORTS                         ; DONT_CARE                                                                                                        ; Untyped        ;
; READ_DURING_WRITE_MODE_PORT_A                              ; DONT_CARE                                                                                                        ; String         ;
; READ_DURING_WRITE_MODE_PORT_B                              ; NEW_DATA_NO_NBE_READ                                                                                             ; Untyped        ;
; WIDTHAD2_A                                                 ; 1                                                                                                                ; Untyped        ;
; WIDTHAD2_B                                                 ; 1                                                                                                                ; Untyped        ;
; WIDTHAD_A                                                  ; 11                                                                                                               ; Signed Integer ;
; WIDTHAD_B                                                  ; 1                                                                                                                ; Untyped        ;
; WIDTH_A                                                    ; 32                                                                                                               ; Signed Integer ;
; WIDTH_B                                                    ; 1                                                                                                                ; Untyped        ;
; WIDTH_BYTEENA_A                                            ; 4                                                                                                                ; Signed Integer ;
; WIDTH_BYTEENA_B                                            ; 1                                                                                                                ; Untyped        ;
; WIDTH_ECCENCPARITY                                         ; 8                                                                                                                ; Untyped        ;
; WIDTH_ECCSTATUS                                            ; 3                                                                                                                ; Untyped        ;
; WREN_POWER_OPTIMIZATION                                    ; OFF                                                                                                              ; Untyped        ;
; init_file_restructured                                     ; UNUSED                                                                                                           ; Untyped        ;
; intended_device_family                                     ; Agilex 5                                                                                                         ; String         ;
; lpm_type                                                   ; altera_syncram                                                                                                   ; String         ;
+------------------------------------------------------------+------------------------------------------------------------------------------------------------------------------+----------------+
All Instances:
qsys_top_0|sys_desc_mem|sys_desc_mem|altera_syncram_component



+-------------------------------------------------------------------------------------------------------------------------------------------------------+
; Parameter Settings for User Entity altera_avalon_jtag_uart_scfifo_w Instance: qsys_top_0|sys_jtag_uart|sys_jtag_uart|altera_avalon_jtag_uart_scfifo_w ;
+------------------+-------+----------------------------------------------------------------------------------------------------------------------------+
; Parameter Name   ; Value ; Type                                                                                                                       ;
+------------------+-------+----------------------------------------------------------------------------------------------------------------------------+
; FIFO_WIDTH       ; 8     ; Signed Integer                                                                                                             ;
; WR_WIDTHU        ; 6     ; Signed Integer                                                                                                             ;
; printingMethod   ; 0     ; Signed Integer                                                                                                             ;
; writeBufferDepth ; 64    ; Signed Integer                                                                                                             ;
; write_le         ; ON    ; String                                                                                                                     ;
+------------------+-------+----------------------------------------------------------------------------------------------------------------------------+
All Instances:
qsys_top_0|sys_jtag_uart|sys_jtag_uart|altera_avalon_jtag_uart_scfifo_w



+-------------------------------------------------------------------------------------------------------------------------------------------------------+
; Parameter Settings for User Entity altera_avalon_jtag_uart_scfifo_r Instance: qsys_top_0|sys_jtag_uart|sys_jtag_uart|altera_avalon_jtag_uart_scfifo_r ;
+--------------------+-------+--------------------------------------------------------------------------------------------------------------------------+
; Parameter Name     ; Value ; Type                                                                                                                     ;
+--------------------+-------+--------------------------------------------------------------------------------------------------------------------------+
; FIFO_WIDTH         ; 8     ; Signed Integer                                                                                                           ;
; HEX_READ_DEPTH_STR ; 64    ; Signed Integer                                                                                                           ;
; RD_WIDTHU          ; 6     ; Signed Integer                                                                                                           ;
; readBufferDepth    ; 64    ; Signed Integer                                                                                                           ;
; read_le            ; ON    ; String                                                                                                                   ;
+--------------------+-------+--------------------------------------------------------------------------------------------------------------------------+
All Instances:
qsys_top_0|sys_jtag_uart|sys_jtag_uart|altera_avalon_jtag_uart_scfifo_r



+-------------------------------------------------------------------------------------------------------------------+
; Parameter Settings for User Entity dispatcher Instance: qsys_top_0|sys_tse_msgdma_rx|msgdma_1|dispatcher_internal ;
+-------------------------------+----------+------------------------------------------------------------------------+
; Parameter Name                ; Value    ; Type                                                                   ;
+-------------------------------+----------+------------------------------------------------------------------------+
; BURST_ENABLE                  ; 0        ; Signed Integer                                                         ;
; BURST_WRAPPING_SUPPORT        ; 0        ; Signed Integer                                                         ;
; CHANNEL_ENABLE                ; 0        ; Signed Integer                                                         ;
; CHANNEL_WIDTH_DERIVED         ; 7        ; Signed Integer                                                         ;
; CSR_ADDRESS_WIDTH             ; 3        ; Signed Integer                                                         ;
; DATA_FIFO_DEPTH_DERIVED       ; 7        ; Signed Integer                                                         ;
; DATA_WIDTH_DERIVED            ; 2        ; Signed Integer                                                         ;
; DESCRIPTOR_BYTEENABLE_WIDTH   ; 16       ; Signed Integer                                                         ;
; DESCRIPTOR_FIFO_DEPTH         ; 128      ; Signed Integer                                                         ;
; DESCRIPTOR_FIFO_DEPTH_DERIVED ; 4        ; Signed Integer                                                         ;
; DESCRIPTOR_INTERFACE          ; 1        ; Signed Integer                                                         ;
; DESCRIPTOR_WIDTH              ; 128      ; Signed Integer                                                         ;
; DEVICE_FAMILY                 ; Agilex 5 ; String                                                                 ;
; ENHANCED_FEATURES             ; 0        ; Signed Integer                                                         ;
; ERROR_ENABLE                  ; 1        ; Signed Integer                                                         ;
; ERROR_WIDTH_DERIVED           ; 5        ; Signed Integer                                                         ;
; MAX_BURST_COUNT_DERIVED       ; 0        ; Signed Integer                                                         ;
; MAX_BYTE_DERIVED              ; 8        ; Signed Integer                                                         ;
; MAX_STRIDE_DERIVED            ; 0        ; Signed Integer                                                         ;
; MODE                          ; 2        ; Signed Integer                                                         ;
; PACKET_ENABLE                 ; 1        ; Signed Integer                                                         ;
; PREFETCHER_USE_CASE           ; 1        ; Signed Integer                                                         ;
; PROGRAMMABLE_BURST_ENABLE     ; 0        ; Signed Integer                                                         ;
; RESPONSE_PORT                 ; 1        ; Signed Integer                                                         ;
; SIDEBAND_ENABLE               ; 0        ; Signed Integer                                                         ;
; STRIDE_ENABLE_DERIVED         ; 0        ; Signed Integer                                                         ;
; TRANSFER_TYPE_DERIVED         ; 2        ; Signed Integer                                                         ;
+-------------------------------+----------+------------------------------------------------------------------------+
All Instances:
qsys_top_0|sys_tse_msgdma_rx|msgdma_1|dispatcher_internal



+---------------------------------------------------------------------------------------------------------------------------------+
; Parameter Settings for User Entity altera_msgdma_prefetcher Instance: qsys_top_0|sys_tse_msgdma_rx|msgdma_1|prefetcher_internal ;
+----------------------------+----------+-----------------------------------------------------------------------------------------+
; Parameter Name             ; Value    ; Type                                                                                    ;
+----------------------------+----------+-----------------------------------------------------------------------------------------+
; ADDRESS_WIDTH              ; 32       ; Signed Integer                                                                          ;
; DATA_BYTEENABLE_WIDTH      ; 4        ; Signed Integer                                                                          ;
; DATA_WIDTH                 ; 32       ; Signed Integer                                                                          ;
; DESCRIPTOR_WIDTH           ; 128      ; Signed Integer                                                                          ;
; DEVICE_FAMILY              ; Agilex 5 ; String                                                                                  ;
; ENABLE_READ_BURST          ; 0        ; Signed Integer                                                                          ;
; ENHANCED_FEATURES          ; 0        ; Signed Integer                                                                          ;
; MAX_READ_BURST_COUNT       ; 1        ; Signed Integer                                                                          ;
; MAX_READ_BURST_COUNT_WIDTH ; 1        ; Signed Integer                                                                          ;
; RESPONSE_FIFO_DEPTH        ; 256      ; Signed Integer                                                                          ;
; RESPONSE_FIFO_DEPTH_LOG2   ; 8        ; Signed Integer                                                                          ;
; SIDEBAND_ENABLE            ; 0        ; Signed Integer                                                                          ;
+----------------------------+----------+-----------------------------------------------------------------------------------------+
All Instances:
qsys_top_0|sys_tse_msgdma_tx|sys_tse_msgdma_tx|prefetcher_internal
qsys_top_0|sys_tse_msgdma_rx|msgdma_1|prefetcher_internal



+---------------------------------------------------------------------------------------------------------------------+
; Parameter Settings for User Entity write_master Instance: qsys_top_0|sys_tse_msgdma_rx|msgdma_1|write_mstr_internal ;
+--------------------------------+----------+-------------------------------------------------------------------------+
; Parameter Name                 ; Value    ; Type                                                                    ;
+--------------------------------+----------+-------------------------------------------------------------------------+
; ACTUAL_BYTES_TRANSFERRED_WIDTH ; 20       ; Signed Integer                                                          ;
; ADDRESS_WIDTH                  ; 32       ; Signed Integer                                                          ;
; BURST_ENABLE                   ; 0        ; Signed Integer                                                          ;
; BURST_WRAPPING_SUPPORT         ; 0        ; Signed Integer                                                          ;
; BYTE_ENABLE_WIDTH              ; 4        ; Signed Integer                                                          ;
; BYTE_ENABLE_WIDTH_LOG2         ; 2        ; Signed Integer                                                          ;
; DATA_WIDTH                     ; 32       ; Signed Integer                                                          ;
; DEVICE_FAMILY                  ; Agilex 5 ; String                                                                  ;
; ERROR_ENABLE                   ; 1        ; Signed Integer                                                          ;
; ERROR_WIDTH                    ; 6        ; Signed Integer                                                          ;
; FIFO_DEPTH                     ; 2048     ; Signed Integer                                                          ;
; FIFO_DEPTH_LOG2                ; 11       ; Signed Integer                                                          ;
; FIFO_SPEED_OPTIMIZATION        ; 1        ; Signed Integer                                                          ;
; LENGTH_WIDTH                   ; 19       ; Signed Integer                                                          ;
; MAX_BURST_COUNT                ; 1        ; Signed Integer                                                          ;
; MAX_BURST_COUNT_WIDTH          ; 1        ; Signed Integer                                                          ;
; NO_BYTEENABLES                 ; 0        ; Signed Integer                                                          ;
; NUMBER_OF_SYMBOLS              ; 4        ; Signed Integer                                                          ;
; NUMBER_OF_SYMBOLS_LOG2         ; 2        ; Signed Integer                                                          ;
; ONLY_FULL_ACCESS_ENABLE        ; 0        ; Signed Integer                                                          ;
; PACKET_ENABLE                  ; 1        ; Signed Integer                                                          ;
; PROGRAMMABLE_BURST_ENABLE      ; 0        ; Signed Integer                                                          ;
; STRIDE_ENABLE                  ; 0        ; Signed Integer                                                          ;
; STRIDE_WIDTH                   ; 1        ; Signed Integer                                                          ;
; SYMBOL_WIDTH                   ; 8        ; Signed Integer                                                          ;
; UNALIGNED_ACCESSES_ENABLE      ; 1        ; Signed Integer                                                          ;
; WRITE_RESPONSE_ENABLE          ; 0        ; Signed Integer                                                          ;
+--------------------------------+----------+-------------------------------------------------------------------------+
All Instances:
qsys_top_0|sys_tse_msgdma_rx|msgdma_1|write_mstr_internal



+------------------------------------------------------------------------------------------------------------------------------+
; Parameter Settings for User Entity dispatcher_1 Instance: qsys_top_0|sys_tse_msgdma_tx|sys_tse_msgdma_tx|dispatcher_internal ;
+-------------------------------+----------+-----------------------------------------------------------------------------------+
; Parameter Name                ; Value    ; Type                                                                              ;
+-------------------------------+----------+-----------------------------------------------------------------------------------+
; BURST_ENABLE                  ; 0        ; Signed Integer                                                                    ;
; BURST_WRAPPING_SUPPORT        ; 0        ; Signed Integer                                                                    ;
; CHANNEL_ENABLE                ; 0        ; Signed Integer                                                                    ;
; CHANNEL_WIDTH_DERIVED         ; 7        ; Signed Integer                                                                    ;
; CSR_ADDRESS_WIDTH             ; 3        ; Signed Integer                                                                    ;
; DATA_FIFO_DEPTH_DERIVED       ; 7        ; Signed Integer                                                                    ;
; DATA_WIDTH_DERIVED            ; 2        ; Signed Integer                                                                    ;
; DESCRIPTOR_BYTEENABLE_WIDTH   ; 16       ; Signed Integer                                                                    ;
; DESCRIPTOR_FIFO_DEPTH         ; 128      ; Signed Integer                                                                    ;
; DESCRIPTOR_FIFO_DEPTH_DERIVED ; 4        ; Signed Integer                                                                    ;
; DESCRIPTOR_INTERFACE          ; 1        ; Signed Integer                                                                    ;
; DESCRIPTOR_WIDTH              ; 128      ; Signed Integer                                                                    ;
; DEVICE_FAMILY                 ; Agilex 5 ; String                                                                            ;
; ENHANCED_FEATURES             ; 0        ; Signed Integer                                                                    ;
; ERROR_ENABLE                  ; 1        ; Signed Integer                                                                    ;
; ERROR_WIDTH_DERIVED           ; 0        ; Signed Integer                                                                    ;
; MAX_BURST_COUNT_DERIVED       ; 0        ; Signed Integer                                                                    ;
; MAX_BYTE_DERIVED              ; 8        ; Signed Integer                                                                    ;
; MAX_STRIDE_DERIVED            ; 0        ; Signed Integer                                                                    ;
; MODE                          ; 1        ; Signed Integer                                                                    ;
; PACKET_ENABLE                 ; 1        ; Signed Integer                                                                    ;
; PREFETCHER_USE_CASE           ; 1        ; Signed Integer                                                                    ;
; PROGRAMMABLE_BURST_ENABLE     ; 0        ; Signed Integer                                                                    ;
; RESPONSE_PORT                 ; 1        ; Signed Integer                                                                    ;
; SIDEBAND_ENABLE               ; 0        ; Signed Integer                                                                    ;
; STRIDE_ENABLE_DERIVED         ; 0        ; Signed Integer                                                                    ;
; TRANSFER_TYPE_DERIVED         ; 2        ; Signed Integer                                                                    ;
+-------------------------------+----------+-----------------------------------------------------------------------------------+
All Instances:
qsys_top_0|sys_tse_msgdma_tx|sys_tse_msgdma_tx|dispatcher_internal



+----------------------------------------------------------------------------------------------------------------------------+
; Parameter Settings for User Entity read_master Instance: qsys_top_0|sys_tse_msgdma_tx|sys_tse_msgdma_tx|read_mstr_internal ;
+---------------------------+----------+-------------------------------------------------------------------------------------+
; Parameter Name            ; Value    ; Type                                                                                ;
+---------------------------+----------+-------------------------------------------------------------------------------------+
; ADDRESS_WIDTH             ; 32       ; Signed Integer                                                                      ;
; BURST_ENABLE              ; 0        ; Signed Integer                                                                      ;
; BURST_WRAPPING_SUPPORT    ; 0        ; Signed Integer                                                                      ;
; BYTE_ENABLE_WIDTH         ; 4        ; Signed Integer                                                                      ;
; BYTE_ENABLE_WIDTH_LOG2    ; 2        ; Signed Integer                                                                      ;
; CHANNEL_ENABLE            ; 0        ; Signed Integer                                                                      ;
; CHANNEL_WIDTH             ; 8        ; Signed Integer                                                                      ;
; DATA_WIDTH                ; 32       ; Signed Integer                                                                      ;
; DEVICE_FAMILY             ; Agilex 5 ; String                                                                              ;
; ERROR_ENABLE              ; 1        ; Signed Integer                                                                      ;
; ERROR_WIDTH               ; 1        ; Signed Integer                                                                      ;
; FIFO_DEPTH                ; 2048     ; Signed Integer                                                                      ;
; FIFO_DEPTH_LOG2           ; 11       ; Signed Integer                                                                      ;
; FIFO_SPEED_OPTIMIZATION   ; 1        ; Signed Integer                                                                      ;
; LENGTH_WIDTH              ; 19       ; Signed Integer                                                                      ;
; MAX_BURST_COUNT           ; 1        ; Signed Integer                                                                      ;
; MAX_BURST_COUNT_WIDTH     ; 1        ; Signed Integer                                                                      ;
; NUMBER_OF_SYMBOLS         ; 4        ; Signed Integer                                                                      ;
; NUMBER_OF_SYMBOLS_LOG2    ; 2        ; Signed Integer                                                                      ;
; ONLY_FULL_ACCESS_ENABLE   ; 0        ; Signed Integer                                                                      ;
; PACKET_ENABLE             ; 1        ; Signed Integer                                                                      ;
; PROGRAMMABLE_BURST_ENABLE ; 0        ; Signed Integer                                                                      ;
; STRIDE_ENABLE             ; 0        ; Signed Integer                                                                      ;
; STRIDE_WIDTH              ; 1        ; Signed Integer                                                                      ;
; SYMBOL_WIDTH              ; 8        ; Signed Integer                                                                      ;
; UNALIGNED_ACCESSES_ENABLE ; 1        ; Signed Integer                                                                      ;
+---------------------------+----------+-------------------------------------------------------------------------------------+
All Instances:
qsys_top_0|sys_tse_msgdma_tx|sys_tse_msgdma_tx|read_mstr_internal



+---------------------------------------------------------------------------------------------------------------------------------------------------------------------------+
; Parameter Settings for User Entity altera_merlin_address_alignment Instance: qsys_top_0|mm_interconnect_0|intel_niosv_g_0_instruction_manager_agent|align_address_to_size ;
+-------------------+-------+-----------------------------------------------------------------------------------------------------------------------------------------------+
; Parameter Name    ; Value ; Type                                                                                                                                          ;
+-------------------+-------+-----------------------------------------------------------------------------------------------------------------------------------------------+
; ADDR_W            ; 32    ; Signed Integer                                                                                                                                ;
; BURSTWRAP_W       ; 7     ; Signed Integer                                                                                                                                ;
; INCREMENT_ADDRESS ; 1     ; Signed Integer                                                                                                                                ;
; IN_DATA_W         ; 43    ; Signed Integer                                                                                                                                ;
; NUMSYMBOLS        ; 4     ; Signed Integer                                                                                                                                ;
; OUT_DATA_W        ; 34    ; Signed Integer                                                                                                                                ;
; SELECT_BITS       ; 2     ; Signed Integer                                                                                                                                ;
; SIZE_W            ; 3     ; Signed Integer                                                                                                                                ;
; SYNC_RESET        ; 1     ; Signed Integer                                                                                                                                ;
; TYPE_W            ; 2     ; Signed Integer                                                                                                                                ;
+-------------------+-------+-----------------------------------------------------------------------------------------------------------------------------------------------+
All Instances:
qsys_top_0|mm_interconnect_0|intel_niosv_g_0_data_manager_agent|align_address_to_size
qsys_top_0|mm_interconnect_0|intel_niosv_g_0_instruction_manager_agent|align_address_to_size



+--------------------------------------------------------------------------------------------------------------------------------------------------------------+
; Parameter Settings for User Entity altera_merlin_burst_uncompressor Instance: qsys_top_0|mm_interconnect_0|intel_niosv_g_0_timer_sw_agent_agent|uncompressor ;
+----------------+-------+-------------------------------------------------------------------------------------------------------------------------------------+
; Parameter Name ; Value ; Type                                                                                                                                ;
+----------------+-------+-------------------------------------------------------------------------------------------------------------------------------------+
; ADDR_W         ; 32    ; Signed Integer                                                                                                                      ;
; BURSTWRAP_W    ; 7     ; Signed Integer                                                                                                                      ;
; BURST_SIZE_W   ; 3     ; Signed Integer                                                                                                                      ;
; BYTE_CNT_W     ; 11    ; Signed Integer                                                                                                                      ;
; PKT_SYMBOLS    ; 4     ; Signed Integer                                                                                                                      ;
; SYNC_RESET     ; 1     ; Signed Integer                                                                                                                      ;
+----------------+-------+-------------------------------------------------------------------------------------------------------------------------------------+
All Instances:
qsys_top_0|mm_interconnect_0|sys_jtag_uart_avalon_jtag_slave_agent|uncompressor
qsys_top_0|mm_interconnect_0|sys_tse_control_port_agent|uncompressor
qsys_top_0|mm_interconnect_0|sys_sysid_control_slave_agent|uncompressor
qsys_top_0|mm_interconnect_0|sys_tse_msgdma_rx_csr_agent|uncompressor
qsys_top_0|mm_interconnect_0|sys_tse_msgdma_tx_csr_agent|uncompressor
qsys_top_0|mm_interconnect_0|intel_niosv_g_0_dm_agent_agent|uncompressor
qsys_top_0|mm_interconnect_0|sys_tse_msgdma_rx_prefetcher_csr_agent|uncompressor
qsys_top_0|mm_interconnect_0|sys_tse_msgdma_tx_prefetcher_csr_agent|uncompressor
qsys_top_0|mm_interconnect_0|sys_cpu_ram_s1_agent|uncompressor
qsys_top_0|mm_interconnect_0|sys_desc_mem_s1_agent|uncompressor
qsys_top_0|mm_interconnect_0|sys_led_pio_s1_agent|uncompressor
qsys_top_0|mm_interconnect_0|intel_niosv_g_0_timer_sw_agent_agent|uncompressor



+-------------------------------------------------------------------------------------------------------------------------------------------------------------------+
; Parameter Settings for User Entity qsys_top_altera_merlin_router_1921_k42z6hy_default_decode Instance: qsys_top_0|mm_interconnect_0|router_001|the_default_decode ;
+--------------------+-------+--------------------------------------------------------------------------------------------------------------------------------------+
; Parameter Name     ; Value ; Type                                                                                                                                 ;
+--------------------+-------+--------------------------------------------------------------------------------------------------------------------------------------+
; DEFAULT_CHANNEL    ; 8     ; Signed Integer                                                                                                                       ;
; DEFAULT_DESTID     ; 2     ; Signed Integer                                                                                                                       ;
; DEFAULT_RD_CHANNEL ; -1    ; Untyped                                                                                                                              ;
; DEFAULT_WR_CHANNEL ; -1    ; Untyped                                                                                                                              ;
+--------------------+-------+--------------------------------------------------------------------------------------------------------------------------------------+
All Instances:
qsys_top_0|mm_interconnect_0|router|the_default_decode
qsys_top_0|mm_interconnect_0|router_001|the_default_decode



+-------------------------------------------------------------------------------------------------------------------------------------------------------------------+
; Parameter Settings for User Entity qsys_top_altera_merlin_router_1921_u2e7pmi_default_decode Instance: qsys_top_0|mm_interconnect_0|router_007|the_default_decode ;
+--------------------+-------+--------------------------------------------------------------------------------------------------------------------------------------+
; Parameter Name     ; Value ; Type                                                                                                                                 ;
+--------------------+-------+--------------------------------------------------------------------------------------------------------------------------------------+
; DEFAULT_CHANNEL    ; 0     ; Signed Integer                                                                                                                       ;
; DEFAULT_DESTID     ; 2     ; Signed Integer                                                                                                                       ;
; DEFAULT_RD_CHANNEL ; -1    ; Untyped                                                                                                                              ;
; DEFAULT_WR_CHANNEL ; -1    ; Untyped                                                                                                                              ;
+--------------------+-------+--------------------------------------------------------------------------------------------------------------------------------------+
All Instances:
qsys_top_0|mm_interconnect_0|router_002|the_default_decode
qsys_top_0|mm_interconnect_0|router_003|the_default_decode
qsys_top_0|mm_interconnect_0|router_004|the_default_decode
qsys_top_0|mm_interconnect_0|router_005|the_default_decode
qsys_top_0|mm_interconnect_0|router_006|the_default_decode
qsys_top_0|mm_interconnect_0|router_007|the_default_decode



+-------------------------------------------------------------------------------------------------------------------------------------------------------------------+
; Parameter Settings for User Entity qsys_top_altera_merlin_router_1921_rr6gq2i_default_decode Instance: qsys_top_0|mm_interconnect_0|router_009|the_default_decode ;
+--------------------+-------+--------------------------------------------------------------------------------------------------------------------------------------+
; Parameter Name     ; Value ; Type                                                                                                                                 ;
+--------------------+-------+--------------------------------------------------------------------------------------------------------------------------------------+
; DEFAULT_CHANNEL    ; 1     ; Signed Integer                                                                                                                       ;
; DEFAULT_DESTID     ; 2     ; Signed Integer                                                                                                                       ;
; DEFAULT_RD_CHANNEL ; -1    ; Untyped                                                                                                                              ;
; DEFAULT_WR_CHANNEL ; -1    ; Untyped                                                                                                                              ;
+--------------------+-------+--------------------------------------------------------------------------------------------------------------------------------------+
All Instances:
qsys_top_0|mm_interconnect_0|router_008|the_default_decode
qsys_top_0|mm_interconnect_0|router_009|the_default_decode



+-------------------------------------------------------------------------------------------------------------------------------------------------------------------+
; Parameter Settings for User Entity qsys_top_altera_merlin_router_1921_punipba_default_decode Instance: qsys_top_0|mm_interconnect_0|router_021|the_default_decode ;
+--------------------+-------+--------------------------------------------------------------------------------------------------------------------------------------+
; Parameter Name     ; Value ; Type                                                                                                                                 ;
+--------------------+-------+--------------------------------------------------------------------------------------------------------------------------------------+
; DEFAULT_CHANNEL    ; -1    ; Untyped                                                                                                                              ;
; DEFAULT_DESTID     ; 0     ; Signed Integer                                                                                                                       ;
; DEFAULT_RD_CHANNEL ; 1     ; Signed Integer                                                                                                                       ;
; DEFAULT_WR_CHANNEL ; 0     ; Signed Integer                                                                                                                       ;
+--------------------+-------+--------------------------------------------------------------------------------------------------------------------------------------+
All Instances:
qsys_top_0|mm_interconnect_0|router_010|the_default_decode
qsys_top_0|mm_interconnect_0|router_011|the_default_decode
qsys_top_0|mm_interconnect_0|router_012|the_default_decode
qsys_top_0|mm_interconnect_0|router_013|the_default_decode
qsys_top_0|mm_interconnect_0|router_014|the_default_decode
qsys_top_0|mm_interconnect_0|router_016|the_default_decode
qsys_top_0|mm_interconnect_0|router_017|the_default_decode
qsys_top_0|mm_interconnect_0|router_020|the_default_decode
qsys_top_0|mm_interconnect_0|router_021|the_default_decode



+-------------------------------------------------------------------------------------------------------------------------------------------------------------------+
; Parameter Settings for User Entity qsys_top_altera_merlin_router_1921_nqooitq_default_decode Instance: qsys_top_0|mm_interconnect_0|router_015|the_default_decode ;
+--------------------+-------+--------------------------------------------------------------------------------------------------------------------------------------+
; Parameter Name     ; Value ; Type                                                                                                                                 ;
+--------------------+-------+--------------------------------------------------------------------------------------------------------------------------------------+
; DEFAULT_CHANNEL    ; -1    ; Untyped                                                                                                                              ;
; DEFAULT_DESTID     ; 0     ; Signed Integer                                                                                                                       ;
; DEFAULT_RD_CHANNEL ; 1     ; Signed Integer                                                                                                                       ;
; DEFAULT_WR_CHANNEL ; 0     ; Signed Integer                                                                                                                       ;
+--------------------+-------+--------------------------------------------------------------------------------------------------------------------------------------+
All Instances:
qsys_top_0|mm_interconnect_0|router_015|the_default_decode



+-------------------------------------------------------------------------------------------------------------------------------------------------------------------+
; Parameter Settings for User Entity qsys_top_altera_merlin_router_1921_d3xlnpy_default_decode Instance: qsys_top_0|mm_interconnect_0|router_018|the_default_decode ;
+--------------------+-------+--------------------------------------------------------------------------------------------------------------------------------------+
; Parameter Name     ; Value ; Type                                                                                                                                 ;
+--------------------+-------+--------------------------------------------------------------------------------------------------------------------------------------+
; DEFAULT_CHANNEL    ; -1    ; Untyped                                                                                                                              ;
; DEFAULT_DESTID     ; 0     ; Signed Integer                                                                                                                       ;
; DEFAULT_RD_CHANNEL ; 1     ; Signed Integer                                                                                                                       ;
; DEFAULT_WR_CHANNEL ; 0     ; Signed Integer                                                                                                                       ;
+--------------------+-------+--------------------------------------------------------------------------------------------------------------------------------------+
All Instances:
qsys_top_0|mm_interconnect_0|router_018|the_default_decode



+-------------------------------------------------------------------------------------------------------------------------------------------------------------------+
; Parameter Settings for User Entity qsys_top_altera_merlin_router_1921_4x3zc6y_default_decode Instance: qsys_top_0|mm_interconnect_0|router_019|the_default_decode ;
+--------------------+-------+--------------------------------------------------------------------------------------------------------------------------------------+
; Parameter Name     ; Value ; Type                                                                                                                                 ;
+--------------------+-------+--------------------------------------------------------------------------------------------------------------------------------------+
; DEFAULT_CHANNEL    ; -1    ; Untyped                                                                                                                              ;
; DEFAULT_DESTID     ; 0     ; Signed Integer                                                                                                                       ;
; DEFAULT_RD_CHANNEL ; 1     ; Signed Integer                                                                                                                       ;
; DEFAULT_WR_CHANNEL ; 0     ; Signed Integer                                                                                                                       ;
+--------------------+-------+--------------------------------------------------------------------------------------------------------------------------------------+
All Instances:
qsys_top_0|mm_interconnect_0|router_019|the_default_decode



+--------------------------------------------------------------------------------------------------------------------------------------------------------------------------------------------------------+
; Parameter Settings for User Entity altera_merlin_burst_adapter_13_1 Instance: qsys_top_0|mm_interconnect_0|intel_niosv_g_0_timer_sw_agent_burst_adapter|altera_merlin_burst_adapter_13_1.burst_adapter ;
+---------------------------+-------+--------------------------------------------------------------------------------------------------------------------------------------------------------------------+
; Parameter Name            ; Value ; Type                                                                                                                                                               ;
+---------------------------+-------+--------------------------------------------------------------------------------------------------------------------------------------------------------------------+
; BURSTWRAP_CONST_MASK      ; 0     ; Signed Integer                                                                                                                                                     ;
; BURSTWRAP_CONST_VALUE     ; 0     ; Signed Integer                                                                                                                                                     ;
; BYTEENABLE_SYNTHESIS      ; 1     ; Signed Integer                                                                                                                                                     ;
; ENABLE_AXI5               ; 0     ; Signed Integer                                                                                                                                                     ;
; ENABLE_OOO                ; 0     ; Signed Integer                                                                                                                                                     ;
; IN_NARROW_SIZE            ; 1     ; Signed Integer                                                                                                                                                     ;
; NO_WRAP_SUPPORT           ; 0     ; Signed Integer                                                                                                                                                     ;
; OUT_BURSTWRAP_H           ; 91    ; Signed Integer                                                                                                                                                     ;
; OUT_BYTE_CNT_H            ; 76    ; Signed Integer                                                                                                                                                     ;
; OUT_COMPLETE_WRAP         ; 0     ; Signed Integer                                                                                                                                                     ;
; OUT_FIXED                 ; 0     ; Signed Integer                                                                                                                                                     ;
; OUT_NARROW_SIZE           ; 0     ; Signed Integer                                                                                                                                                     ;
; PIPE_INPUTS               ; 0     ; Signed Integer                                                                                                                                                     ;
; PKT_ADDR_H                ; 67    ; Signed Integer                                                                                                                                                     ;
; PKT_ADDR_L                ; 36    ; Signed Integer                                                                                                                                                     ;
; PKT_BEGIN_BURST           ; 99    ; Signed Integer                                                                                                                                                     ;
; PKT_BURSTWRAP_H           ; 91    ; Signed Integer                                                                                                                                                     ;
; PKT_BURSTWRAP_L           ; 85    ; Signed Integer                                                                                                                                                     ;
; PKT_BURST_SIZE_H          ; 94    ; Signed Integer                                                                                                                                                     ;
; PKT_BURST_SIZE_L          ; 92    ; Signed Integer                                                                                                                                                     ;
; PKT_BURST_TYPE_H          ; 96    ; Signed Integer                                                                                                                                                     ;
; PKT_BURST_TYPE_L          ; 95    ; Signed Integer                                                                                                                                                     ;
; PKT_BYTEEN_H              ; 35    ; Signed Integer                                                                                                                                                     ;
; PKT_BYTEEN_L              ; 32    ; Signed Integer                                                                                                                                                     ;
; PKT_BYTE_CNT_H            ; 84    ; Signed Integer                                                                                                                                                     ;
; PKT_BYTE_CNT_L            ; 74    ; Signed Integer                                                                                                                                                     ;
; PKT_EOP_OOO               ; 89    ; Signed Integer                                                                                                                                                     ;
; PKT_SAI_H                 ; 139   ; Signed Integer                                                                                                                                                     ;
; PKT_SAI_L                 ; 139   ; Signed Integer                                                                                                                                                     ;
; PKT_SOP_OOO               ; 90    ; Signed Integer                                                                                                                                                     ;
; PKT_TRANS_COMPRESSED_READ ; 68    ; Signed Integer                                                                                                                                                     ;
; PKT_TRANS_READ            ; 71    ; Signed Integer                                                                                                                                                     ;
; PKT_TRANS_WRITE           ; 70    ; Signed Integer                                                                                                                                                     ;
; ROLE_BASED_USER           ; 0     ; Signed Integer                                                                                                                                                     ;
; ST_CHANNEL_W              ; 12    ; Signed Integer                                                                                                                                                     ;
; ST_DATA_W                 ; 179   ; Signed Integer                                                                                                                                                     ;
; SYNC_RESET                ; 1     ; Signed Integer                                                                                                                                                     ;
+---------------------------+-------+--------------------------------------------------------------------------------------------------------------------------------------------------------------------+
All Instances:
qsys_top_0|mm_interconnect_0|sys_jtag_uart_avalon_jtag_slave_burst_adapter|altera_merlin_burst_adapter_13_1.burst_adapter
qsys_top_0|mm_interconnect_0|sys_tse_control_port_burst_adapter|altera_merlin_burst_adapter_13_1.burst_adapter
qsys_top_0|mm_interconnect_0|sys_sysid_control_slave_burst_adapter|altera_merlin_burst_adapter_13_1.burst_adapter
qsys_top_0|mm_interconnect_0|sys_tse_msgdma_rx_csr_burst_adapter|altera_merlin_burst_adapter_13_1.burst_adapter
qsys_top_0|mm_interconnect_0|sys_tse_msgdma_tx_csr_burst_adapter|altera_merlin_burst_adapter_13_1.burst_adapter
qsys_top_0|mm_interconnect_0|intel_niosv_g_0_dm_agent_burst_adapter|altera_merlin_burst_adapter_13_1.burst_adapter
qsys_top_0|mm_interconnect_0|sys_tse_msgdma_rx_prefetcher_csr_burst_adapter|altera_merlin_burst_adapter_13_1.burst_adapter
qsys_top_0|mm_interconnect_0|sys_tse_msgdma_tx_prefetcher_csr_burst_adapter|altera_merlin_burst_adapter_13_1.burst_adapter
qsys_top_0|mm_interconnect_0|sys_cpu_ram_s1_burst_adapter|altera_merlin_burst_adapter_13_1.burst_adapter
qsys_top_0|mm_interconnect_0|sys_desc_mem_s1_burst_adapter|altera_merlin_burst_adapter_13_1.burst_adapter
qsys_top_0|mm_interconnect_0|sys_led_pio_s1_burst_adapter|altera_merlin_burst_adapter_13_1.burst_adapter
qsys_top_0|mm_interconnect_0|intel_niosv_g_0_timer_sw_agent_burst_adapter|altera_merlin_burst_adapter_13_1.burst_adapter



+--------------------------------------------------------------------------------------------------------------------+
; Parameter Settings for User Entity altera_merlin_arbitrator Instance: qsys_top_0|mm_interconnect_0|cmd_mux_011|arb ;
+----------------+-------------+-------------------------------------------------------------------------------------+
; Parameter Name ; Value       ; Type                                                                                ;
+----------------+-------------+-------------------------------------------------------------------------------------+
; NUM_REQUESTERS ; 2           ; Signed Integer                                                                      ;
; PIPELINE       ; 1           ; Signed Integer                                                                      ;
; SCHEME         ; round-robin ; String                                                                              ;
; SYNC_RESET     ; 1           ; Signed Integer                                                                      ;
+----------------+-------------+-------------------------------------------------------------------------------------+
All Instances:
qsys_top_0|mm_interconnect_0|cmd_mux|arb
qsys_top_0|mm_interconnect_0|cmd_mux_001|arb
qsys_top_0|mm_interconnect_0|cmd_mux_002|arb
qsys_top_0|mm_interconnect_0|cmd_mux_003|arb
qsys_top_0|mm_interconnect_0|cmd_mux_004|arb
qsys_top_0|mm_interconnect_0|cmd_mux_006|arb
qsys_top_0|mm_interconnect_0|cmd_mux_007|arb
qsys_top_0|mm_interconnect_0|cmd_mux_010|arb
qsys_top_0|mm_interconnect_0|cmd_mux_011|arb



+----------------------------------------------------------------------------------------------------------------------+
; Parameter Settings for User Entity altera_merlin_arbitrator_1 Instance: qsys_top_0|mm_interconnect_0|cmd_mux_005|arb ;
+----------------+-------------+---------------------------------------------------------------------------------------+
; Parameter Name ; Value       ; Type                                                                                  ;
+----------------+-------------+---------------------------------------------------------------------------------------+
; NUM_REQUESTERS ; 4           ; Signed Integer                                                                        ;
; PIPELINE       ; 1           ; Signed Integer                                                                        ;
; SCHEME         ; round-robin ; String                                                                                ;
; SYNC_RESET     ; 1           ; Signed Integer                                                                        ;
+----------------+-------------+---------------------------------------------------------------------------------------+
All Instances:
qsys_top_0|mm_interconnect_0|cmd_mux_005|arb



+----------------------------------------------------------------------------------------------------------------------+
; Parameter Settings for User Entity altera_merlin_arbitrator_2 Instance: qsys_top_0|mm_interconnect_0|cmd_mux_008|arb ;
+----------------+-------------+---------------------------------------------------------------------------------------+
; Parameter Name ; Value       ; Type                                                                                  ;
+----------------+-------------+---------------------------------------------------------------------------------------+
; NUM_REQUESTERS ; 10          ; Signed Integer                                                                        ;
; PIPELINE       ; 1           ; Signed Integer                                                                        ;
; SCHEME         ; round-robin ; String                                                                                ;
; SYNC_RESET     ; 1           ; Signed Integer                                                                        ;
+----------------+-------------+---------------------------------------------------------------------------------------+
All Instances:
qsys_top_0|mm_interconnect_0|cmd_mux_008|arb



+----------------------------------------------------------------------------------------------------------------------+
; Parameter Settings for User Entity altera_merlin_arbitrator_3 Instance: qsys_top_0|mm_interconnect_0|cmd_mux_009|arb ;
+----------------+-------------+---------------------------------------------------------------------------------------+
; Parameter Name ; Value       ; Type                                                                                  ;
+----------------+-------------+---------------------------------------------------------------------------------------+
; NUM_REQUESTERS ; 8           ; Signed Integer                                                                        ;
; PIPELINE       ; 1           ; Signed Integer                                                                        ;
; SCHEME         ; round-robin ; String                                                                                ;
; SYNC_RESET     ; 1           ; Signed Integer                                                                        ;
+----------------+-------------+---------------------------------------------------------------------------------------+
All Instances:
qsys_top_0|mm_interconnect_0|cmd_mux_009|arb



+----------------------------------------------------------------------------------------------------------------------+
; Parameter Settings for User Entity altera_merlin_arbitrator_4 Instance: qsys_top_0|mm_interconnect_0|rsp_mux_001|arb ;
+----------------+--------+--------------------------------------------------------------------------------------------+
; Parameter Name ; Value  ; Type                                                                                       ;
+----------------+--------+--------------------------------------------------------------------------------------------+
; NUM_REQUESTERS ; 12     ; Signed Integer                                                                             ;
; PIPELINE       ; 0      ; Signed Integer                                                                             ;
; SCHEME         ; no-arb ; String                                                                                     ;
; SYNC_RESET     ; 1      ; Signed Integer                                                                             ;
+----------------+--------+--------------------------------------------------------------------------------------------+
All Instances:
qsys_top_0|mm_interconnect_0|rsp_mux|arb
qsys_top_0|mm_interconnect_0|rsp_mux_001|arb



+----------------------------------------------------------------------------------------------------------------------+
; Parameter Settings for User Entity altera_merlin_arbitrator_5 Instance: qsys_top_0|mm_interconnect_0|rsp_mux_009|arb ;
+----------------+--------+--------------------------------------------------------------------------------------------+
; Parameter Name ; Value  ; Type                                                                                       ;
+----------------+--------+--------------------------------------------------------------------------------------------+
; NUM_REQUESTERS ; 2      ; Signed Integer                                                                             ;
; PIPELINE       ; 0      ; Signed Integer                                                                             ;
; SCHEME         ; no-arb ; String                                                                                     ;
; SYNC_RESET     ; 1      ; Signed Integer                                                                             ;
+----------------+--------+--------------------------------------------------------------------------------------------+
All Instances:
qsys_top_0|mm_interconnect_0|rsp_mux_002|arb
qsys_top_0|mm_interconnect_0|rsp_mux_003|arb
qsys_top_0|mm_interconnect_0|rsp_mux_004|arb
qsys_top_0|mm_interconnect_0|rsp_mux_005|arb
qsys_top_0|mm_interconnect_0|rsp_mux_006|arb
qsys_top_0|mm_interconnect_0|rsp_mux_007|arb
qsys_top_0|mm_interconnect_0|rsp_mux_008|arb
qsys_top_0|mm_interconnect_0|rsp_mux_009|arb



+--------------------------------------------------------------------------------------------------------------------------------------------------------------------------------+
; Parameter Settings for User Entity qsys_top_timing_adapter_1950_4blnw3y_fifo Instance: qsys_top_0|avalon_st_adapter|timing_adapter_0|qsys_top_timing_adapter_1950_4blnw3y_fifo ;
+----------------+-------+-------------------------------------------------------------------------------------------------------------------------------------------------------+
; Parameter Name ; Value ; Type                                                                                                                                                  ;
+----------------+-------+-------------------------------------------------------------------------------------------------------------------------------------------------------+
; ADDR_WIDTH     ; 3     ; Signed Integer                                                                                                                                        ;
; DATA_WIDTH     ; 42    ; Signed Integer                                                                                                                                        ;
; DEPTH          ; 8     ; Signed Integer                                                                                                                                        ;
+----------------+-------+-------------------------------------------------------------------------------------------------------------------------------------------------------+
All Instances:
qsys_top_0|avalon_st_adapter|timing_adapter_0|qsys_top_timing_adapter_1950_4blnw3y_fifo



+-----------------------------------------------------------------------------------------------------------------------------------------------------------------------------+
; Parameter Settings for User Entity niosv_g_core_qsys_top_intel_niosv_g_0_intel_niosv_g_unit_400_25ilc6y Instance: qsys_top_0|intel_niosv_g_0|intel_niosv_g_0|hart|core_inst ;
+--------------------------+----------------------------------+---------------------------------------------------------------------------------------------------------------+
; Parameter Name           ; Value                            ; Type                                                                                                          ;
+--------------------------+----------------------------------+---------------------------------------------------------------------------------------------------------------+
; BRANCHPREDICTION_EN      ; 1                                ; Signed Integer                                                                                                ;
; CLIC_EDGE_TRIGGER_EN     ; 0                                ; Signed Integer                                                                                                ;
; CLIC_EN                  ; 0                                ; Signed Integer                                                                                                ;
; CLIC_NUM_DEBUG_TRIGGERS  ; 0                                ; Signed Integer                                                                                                ;
; CLIC_NUM_LEVELS          ; 2                                ; Signed Integer                                                                                                ;
; CLIC_NUM_PRIORITIES      ; 8                                ; Signed Integer                                                                                                ;
; CLIC_SHV_EN              ; 0                                ; Signed Integer                                                                                                ;
; CLIC_TRIGGER_POLARITY_EN ; 0                                ; Signed Integer                                                                                                ;
; CLIC_VT_ALIGN            ; 8                                ; Signed Integer                                                                                                ;
; CORE_EXTN                ; 4352                             ; Signed Integer                                                                                                ;
; DATA_CACHE_SIZE          ; 4096                             ; Signed Integer                                                                                                ;
; DBG_DATA_S_BASE          ; 00000000001000000000000000000000 ; Unsigned Binary                                                                                               ;
; DBG_EXPN_VECTOR          ; 00000000001000000000000000000000 ; Unsigned Binary                                                                                               ;
; DBG_PARK_LOOP_OFFSET     ; 00000000000000000000000000011000 ; Unsigned Binary                                                                                               ;
; DEBUG_ENABLED            ; 1                                ; Signed Integer                                                                                                ;
; DEVICE_FAMILY            ; Agilex 5                         ; String                                                                                                        ;
; DISABLE_FSQRT_FDIV       ; 0                                ; Signed Integer                                                                                                ;
; DTCM1_BASE               ; 00000000000000000000000000000000 ; Unsigned Binary                                                                                               ;
; DTCM1_INIT_FILE          ;                                  ; String                                                                                                        ;
; DTCM1_SIZE               ; 0                                ; Signed Integer                                                                                                ;
; DTCM2_BASE               ; 00000000000000000000000000000000 ; Unsigned Binary                                                                                               ;
; DTCM2_INIT_FILE          ;                                  ; String                                                                                                        ;
; DTCM2_SIZE               ; 0                                ; Signed Integer                                                                                                ;
; DTCS1_ADDR_WIDTH         ; 10                               ; Signed Integer                                                                                                ;
; DTCS2_ADDR_WIDTH         ; 10                               ; Signed Integer                                                                                                ;
; ECC_EN                   ; 0                                ; Signed Integer                                                                                                ;
; ECC_FULL                 ; 0                                ; Signed Integer                                                                                                ;
; HARTID                   ; 00000000000000000000000000000000 ; Unsigned Binary                                                                                               ;
; INST_CACHE_SIZE          ; 4096                             ; Signed Integer                                                                                                ;
; ITCM1_BASE               ; 00000000000000000000000000000000 ; Unsigned Binary                                                                                               ;
; ITCM1_INIT_FILE          ;                                  ; String                                                                                                        ;
; ITCM1_SIZE               ; 0                                ; Signed Integer                                                                                                ;
; ITCM2_BASE               ; 00000000000000000000000000000000 ; Unsigned Binary                                                                                               ;
; ITCM2_INIT_FILE          ;                                  ; String                                                                                                        ;
; ITCM2_SIZE               ; 0                                ; Signed Integer                                                                                                ;
; ITCS1_ADDR_WIDTH         ; 10                               ; Signed Integer                                                                                                ;
; ITCS2_ADDR_WIDTH         ; 10                               ; Signed Integer                                                                                                ;
; NUM_PLATFORM_INTERRUPTS  ; 16                               ; Signed Integer                                                                                                ;
; NUM_SRF_BANKS            ; 1                                ; Signed Integer                                                                                                ;
; OPTIMIZE_ALU_AREA        ; 1                                ; Unsigned Bit Literal                                                                                          ;
; PERIPHERAL_REGION_A_BASE ; 00000000001000010000000000000000 ; Unsigned Binary                                                                                               ;
; PERIPHERAL_REGION_A_SIZE ; 65536                            ; Signed Integer                                                                                                ;
; PERIPHERAL_REGION_B_BASE ; 00000000000000000000000000000000 ; Unsigned Binary                                                                                               ;
; PERIPHERAL_REGION_B_SIZE ; 0                                ; Signed Integer                                                                                                ;
; PLAT_IRQ_VEC_W           ; 16                               ; Signed Integer                                                                                                ;
; RESET_VECTOR             ; 00000000000000000000000000000000 ; Unsigned Binary                                                                                               ;
; TIMER_MSIP_DATA_S_BASE   ; 00000000001000010010010000000000 ; Unsigned Binary                                                                                               ;
; USE_RESET_REQ            ; 0                                ; Signed Integer                                                                                                ;
; csrind_if.MXLEN          ; 32                               ; Signed Integer                                                                                                ;
; csrind_if.NUM_XIREGS     ; 1                                ; Signed Integer                                                                                                ;
; csrind_if.PRIV_S_EN      ; 0                                ; Signed Integer                                                                                                ;
+--------------------------+----------------------------------+---------------------------------------------------------------------------------------------------------------+
All Instances:
qsys_top_0|intel_niosv_g_0|intel_niosv_g_0|hart|core_inst



+-----------------------------------------------------------------------------------------------------------------------------------+
; Parameter Settings for User Entity scfifo Instance: qsys_top_0|sys_jtag_uart|sys_jtag_uart|altera_avalon_jtag_uart_scfifo_w|wfifo ;
+-------------------------+---------------------+-----------------------------------------------------------------------------------+
; Parameter Name          ; Value               ; Type                                                                              ;
+-------------------------+---------------------+-----------------------------------------------------------------------------------+
; ADD_RAM_OUTPUT_REGISTER ; OFF                 ; Untyped                                                                           ;
; ALLOW_RWCYCLE_WHEN_FULL ; OFF                 ; Untyped                                                                           ;
; ALMOST_EMPTY_VALUE      ; 0                   ; Untyped                                                                           ;
; ALMOST_FULL_VALUE       ; 0                   ; Untyped                                                                           ;
; AUTO_CARRY_CHAINS       ; ON                  ; Untyped                                                                           ;
; AUTO_CASCADE_CHAINS     ; ON                  ; Untyped                                                                           ;
; CBXI_PARAMETER          ; scfifo_v1n72        ; Untyped                                                                           ;
; ENABLE_ECC              ; FALSE               ; Untyped                                                                           ;
; IGNORE_CARRY_BUFFERS    ; OFF                 ; Untyped                                                                           ;
; IGNORE_CASCADE_BUFFERS  ; OFF                 ; Untyped                                                                           ;
; LPM_NUMWORDS            ; 64                  ; Signed Integer                                                                    ;
; LPM_SHOWAHEAD           ; OFF                 ; String                                                                            ;
; LPM_WIDTHU              ; 6                   ; Signed Integer                                                                    ;
; MAXIMIZE_SPEED          ; 5                   ; Untyped                                                                           ;
; OVERFLOW_CHECKING       ; OFF                 ; String                                                                            ;
; RAM_BLOCK_TYPE          ; AUTO                ; Untyped                                                                           ;
; UNDERFLOW_CHECKING      ; OFF                 ; String                                                                            ;
; USE_EAB                 ; ON                  ; String                                                                            ;
; lpm_hint                ; RAM_BLOCK_TYPE=AUTO ; String                                                                            ;
; lpm_type                ; scfifo              ; String                                                                            ;
; lpm_width               ; 8                   ; Signed Integer                                                                    ;
+-------------------------+---------------------+-----------------------------------------------------------------------------------+
All Instances:
qsys_top_0|sys_jtag_uart|sys_jtag_uart|altera_avalon_jtag_uart_scfifo_r|rfifo
qsys_top_0|sys_jtag_uart|sys_jtag_uart|altera_avalon_jtag_uart_scfifo_w|wfifo



+--------------------------------------------------------------------------------------------------------------------------------------------------+
; Parameter Settings for User Entity descriptor_buffers Instance: qsys_top_0|sys_tse_msgdma_rx|msgdma_1|dispatcher_internal|the_descriptor_buffers ;
+-------------------+----------+-------------------------------------------------------------------------------------------------------------------+
; Parameter Name    ; Value    ; Type                                                                                                              ;
+-------------------+----------+-------------------------------------------------------------------------------------------------------------------+
; BYTE_ENABLE_WIDTH ; 16       ; Signed Integer                                                                                                    ;
; DATA_WIDTH        ; 128      ; Signed Integer                                                                                                    ;
; DEVICE_FAMILY     ; Agilex 5 ; String                                                                                                            ;
; FIFO_DEPTH        ; 128      ; Signed Integer                                                                                                    ;
; FIFO_DEPTH_LOG2   ; 7        ; Signed Integer                                                                                                    ;
; MODE              ; 2        ; Signed Integer                                                                                                    ;
+-------------------+----------+-------------------------------------------------------------------------------------------------------------------+
All Instances:
qsys_top_0|sys_tse_msgdma_rx|msgdma_1|dispatcher_internal|the_descriptor_buffers



+--------------------------------------------------------------------------------------------------------------------------------+
; Parameter Settings for User Entity csr_block Instance: qsys_top_0|sys_tse_msgdma_rx|msgdma_1|dispatcher_internal|the_csr_block ;
+-------------------------------+-------+----------------------------------------------------------------------------------------+
; Parameter Name                ; Value ; Type                                                                                   ;
+-------------------------------+-------+----------------------------------------------------------------------------------------+
; ADDRESS_WIDTH                 ; 3     ; Signed Integer                                                                         ;
; BURST_ENABLE                  ; 0     ; Signed Integer                                                                         ;
; BURST_WRAPPING_SUPPORT        ; 0     ; Signed Integer                                                                         ;
; CHANNEL_ENABLE                ; 0     ; Signed Integer                                                                         ;
; CHANNEL_WIDTH_DERIVED         ; 7     ; Signed Integer                                                                         ;
; DATA_FIFO_DEPTH_DERIVED       ; 7     ; Signed Integer                                                                         ;
; DATA_WIDTH_DERIVED            ; 2     ; Signed Integer                                                                         ;
; DESCRIPTOR_FIFO_DEPTH_DERIVED ; 4     ; Signed Integer                                                                         ;
; ENHANCED_FEATURES             ; 0     ; Signed Integer                                                                         ;
; ERROR_ENABLE                  ; 1     ; Signed Integer                                                                         ;
; ERROR_WIDTH_DERIVED           ; 5     ; Signed Integer                                                                         ;
; MAX_BURST_COUNT_DERIVED       ; 0     ; Signed Integer                                                                         ;
; MAX_BYTE_DERIVED              ; 8     ; Signed Integer                                                                         ;
; MAX_STRIDE_DERIVED            ; 0     ; Signed Integer                                                                         ;
; MODE                          ; 2     ; Signed Integer                                                                         ;
; PACKET_ENABLE                 ; 1     ; Signed Integer                                                                         ;
; PREFETCHER_USE_CASE           ; 1     ; Signed Integer                                                                         ;
; PROGRAMMABLE_BURST_ENABLE     ; 0     ; Signed Integer                                                                         ;
; RESPONSE_PORT                 ; 1     ; Signed Integer                                                                         ;
; SIDEBAND_ENABLE               ; 0     ; Signed Integer                                                                         ;
; STRIDE_ENABLE_DERIVED         ; 0     ; Signed Integer                                                                         ;
; TRANSFER_TYPE_DERIVED         ; 2     ; Signed Integer                                                                         ;
+-------------------------------+-------+----------------------------------------------------------------------------------------+
All Instances:
qsys_top_0|sys_tse_msgdma_rx|msgdma_1|dispatcher_internal|the_csr_block



+---------------------------------------------------------------------------------------------------------------------------------------------------+
; Parameter Settings for User Entity response_block Instance: qsys_top_0|sys_tse_msgdma_tx|sys_tse_msgdma_tx|dispatcher_internal|the_response_block ;
+-----------------+----------+----------------------------------------------------------------------------------------------------------------------+
; Parameter Name  ; Value    ; Type                                                                                                                 ;
+-----------------+----------+----------------------------------------------------------------------------------------------------------------------+
; DEVICE_FAMILY   ; Agilex 5 ; String                                                                                                               ;
; FIFO_DEPTH      ; 256      ; Signed Integer                                                                                                       ;
; FIFO_DEPTH_LOG2 ; 8        ; Signed Integer                                                                                                       ;
; RESPONSE_PORT   ; 1        ; Signed Integer                                                                                                       ;
+-----------------+----------+----------------------------------------------------------------------------------------------------------------------+
All Instances:
qsys_top_0|sys_tse_msgdma_rx|msgdma_1|dispatcher_internal|the_response_block
qsys_top_0|sys_tse_msgdma_tx|sys_tse_msgdma_tx|dispatcher_internal|the_response_block



+--------------------------------------------------------------------------------------------------------------------------------------------------------+
; Parameter Settings for User Entity altera_msgdma_prefetcher_read Instance: qsys_top_0|sys_tse_msgdma_rx|msgdma_1|prefetcher_internal|u_prefetcher_read ;
+----------------------------+-------+-------------------------------------------------------------------------------------------------------------------+
; Parameter Name             ; Value ; Type                                                                                                              ;
+----------------------------+-------+-------------------------------------------------------------------------------------------------------------------+
; ADDRESS_WIDTH              ; 32    ; Signed Integer                                                                                                    ;
; DATA_WIDTH                 ; 32    ; Signed Integer                                                                                                    ;
; DESCRIPTOR_WIDTH           ; 128   ; Signed Integer                                                                                                    ;
; ENABLE_READ_BURST          ; 0     ; Signed Integer                                                                                                    ;
; ENHANCED_FEATURES          ; 0     ; Signed Integer                                                                                                    ;
; MAX_READ_BURST_COUNT       ; 1     ; Signed Integer                                                                                                    ;
; MAX_READ_BURST_COUNT_WIDTH ; 1     ; Signed Integer                                                                                                    ;
; RESPONSE_FIFO_WIDTH        ; 64    ; Signed Integer                                                                                                    ;
+----------------------------+-------+-------------------------------------------------------------------------------------------------------------------+
All Instances:
qsys_top_0|sys_tse_msgdma_tx|sys_tse_msgdma_tx|prefetcher_internal|u_prefetcher_read
qsys_top_0|sys_tse_msgdma_rx|msgdma_1|prefetcher_internal|u_prefetcher_read



+--------------------------------------------------------------------------------------------------------------------------------------------------------------------+
; Parameter Settings for User Entity altera_msgdma_prefetcher_write_back Instance: qsys_top_0|sys_tse_msgdma_rx|msgdma_1|prefetcher_internal|u_prefetcher_write_back ;
+-----------------------+-------+------------------------------------------------------------------------------------------------------------------------------------+
; Parameter Name        ; Value ; Type                                                                                                                               ;
+-----------------------+-------+------------------------------------------------------------------------------------------------------------------------------------+
; ADDRESS_WIDTH         ; 32    ; Signed Integer                                                                                                                     ;
; DATA_BYTEENABLE_WIDTH ; 4     ; Signed Integer                                                                                                                     ;
; DATA_WIDTH            ; 32    ; Signed Integer                                                                                                                     ;
; ENHANCED_FEATURES     ; 0     ; Signed Integer                                                                                                                     ;
; RESPONSE_FIFO_WIDTH   ; 64    ; Signed Integer                                                                                                                     ;
; SIDEBAND_ENABLE       ; 0     ; Signed Integer                                                                                                                     ;
+-----------------------+-------+------------------------------------------------------------------------------------------------------------------------------------+
All Instances:
qsys_top_0|sys_tse_msgdma_tx|sys_tse_msgdma_tx|prefetcher_internal|u_prefetcher_write_back
qsys_top_0|sys_tse_msgdma_rx|msgdma_1|prefetcher_internal|u_prefetcher_write_back



+--------------------------------------------------------------------------------------------------------------------------------------------------------+
; Parameter Settings for User Entity altera_msgdma_prefetcher_fifo Instance: qsys_top_0|sys_tse_msgdma_rx|msgdma_1|prefetcher_internal|u_prefetcher_fifo ;
+--------------------------+----------+------------------------------------------------------------------------------------------------------------------+
; Parameter Name           ; Value    ; Type                                                                                                             ;
+--------------------------+----------+------------------------------------------------------------------------------------------------------------------+
; DEVICE_FAMILY            ; Agilex 5 ; String                                                                                                           ;
; LATENCY                  ; 2        ; Signed Integer                                                                                                   ;
; RESPONSE_FIFO_DEPTH      ; 256      ; Signed Integer                                                                                                   ;
; RESPONSE_FIFO_DEPTH_LOG2 ; 8        ; Signed Integer                                                                                                   ;
; RESPONSE_FIFO_WIDTH      ; 64       ; Signed Integer                                                                                                   ;
+--------------------------+----------+------------------------------------------------------------------------------------------------------------------+
All Instances:
qsys_top_0|sys_tse_msgdma_tx|sys_tse_msgdma_tx|prefetcher_internal|u_prefetcher_fifo
qsys_top_0|sys_tse_msgdma_rx|msgdma_1|prefetcher_internal|u_prefetcher_fifo



+---------------------------------------------------------------------------------------------------------------------------------------+
; Parameter Settings for User Entity scfifo_1 Instance: qsys_top_0|sys_tse_msgdma_rx|msgdma_1|write_mstr_internal|the_st_to_master_fifo ;
+-------------------------+-------------+-----------------------------------------------------------------------------------------------+
; Parameter Name          ; Value       ; Type                                                                                          ;
+-------------------------+-------------+-----------------------------------------------------------------------------------------------+
; ADD_RAM_OUTPUT_REGISTER ; ON          ; String                                                                                        ;
; ALLOW_RWCYCLE_WHEN_FULL ; OFF         ; Untyped                                                                                       ;
; ALMOST_EMPTY_VALUE      ; 0           ; Untyped                                                                                       ;
; ALMOST_FULL_VALUE       ; 0           ; Untyped                                                                                       ;
; AUTO_CARRY_CHAINS       ; ON          ; Untyped                                                                                       ;
; AUTO_CASCADE_CHAINS     ; ON          ; Untyped                                                                                       ;
; CBXI_PARAMETER          ; scfifo_cm6d ; Untyped                                                                                       ;
; ENABLE_ECC              ; FALSE       ; Untyped                                                                                       ;
; IGNORE_CARRY_BUFFERS    ; OFF         ; Untyped                                                                                       ;
; IGNORE_CASCADE_BUFFERS  ; OFF         ; Untyped                                                                                       ;
; LPM_NUMWORDS            ; 2048        ; Signed Integer                                                                                ;
; LPM_SHOWAHEAD           ; ON          ; String                                                                                        ;
; LPM_WIDTHU              ; 11          ; Signed Integer                                                                                ;
; MAXIMIZE_SPEED          ; 5           ; Untyped                                                                                       ;
; OVERFLOW_CHECKING       ; OFF         ; String                                                                                        ;
; UNDERFLOW_CHECKING      ; OFF         ; String                                                                                        ;
; USE_EAB                 ; ON          ; String                                                                                        ;
; intended_device_family  ; Agilex 5    ; String                                                                                        ;
; lpm_width               ; 42          ; Signed Integer                                                                                ;
+-------------------------+-------------+-----------------------------------------------------------------------------------------------+
All Instances:
qsys_top_0|sys_tse_msgdma_rx|msgdma_1|write_mstr_internal|the_st_to_master_fifo



+----------------------------------------------------------------------------------------------------------------------------------------------+
; Parameter Settings for User Entity ST_to_MM_Adapter Instance: qsys_top_0|sys_tse_msgdma_rx|msgdma_1|write_mstr_internal|the_ST_to_MM_Adapter ;
+-------------------------+-------+------------------------------------------------------------------------------------------------------------+
; Parameter Name          ; Value ; Type                                                                                                       ;
+-------------------------+-------+------------------------------------------------------------------------------------------------------------+
; ADDRESS_WIDTH           ; 32    ; Signed Integer                                                                                             ;
; BYTEENABLE_WIDTH_LOG2   ; 2     ; Signed Integer                                                                                             ;
; DATA_WIDTH              ; 32    ; Signed Integer                                                                                             ;
; UNALIGNED_ACCESS_ENABLE ; 1     ; Signed Integer                                                                                             ;
+-------------------------+-------+------------------------------------------------------------------------------------------------------------+
All Instances:
qsys_top_0|sys_tse_msgdma_rx|msgdma_1|write_mstr_internal|the_ST_to_MM_Adapter



+--------------------------------------------------------------------------------------------------------------------------------------------------------+
; Parameter Settings for User Entity byte_enable_generator Instance: qsys_top_0|sys_tse_msgdma_rx|msgdma_1|write_mstr_internal|the_byte_enable_generator ;
+------------------+-------+-----------------------------------------------------------------------------------------------------------------------------+
; Parameter Name   ; Value ; Type                                                                                                                        ;
+------------------+-------+-----------------------------------------------------------------------------------------------------------------------------+
; BYTEENABLE_WIDTH ; 4     ; Signed Integer                                                                                                              ;
+------------------+-------+-----------------------------------------------------------------------------------------------------------------------------+
All Instances:
qsys_top_0|sys_tse_msgdma_rx|msgdma_1|write_mstr_internal|the_byte_enable_generator



+----------------------------------------------------------------------------------------------------------------------------------------------------+
; Parameter Settings for User Entity write_burst_control Instance: qsys_top_0|sys_tse_msgdma_rx|msgdma_1|write_mstr_internal|the_write_burst_control ;
+------------------------+-------+-------------------------------------------------------------------------------------------------------------------+
; Parameter Name         ; Value ; Type                                                                                                              ;
+------------------------+-------+-------------------------------------------------------------------------------------------------------------------+
; ADDRESS_WIDTH          ; 32    ; Signed Integer                                                                                                    ;
; BURST_COUNT_WIDTH      ; 1     ; Signed Integer                                                                                                    ;
; BURST_ENABLE           ; 0     ; Signed Integer                                                                                                    ;
; BURST_WRAPPING_SUPPORT ; 0     ; Signed Integer                                                                                                    ;
; LENGTH_WIDTH           ; 19    ; Signed Integer                                                                                                    ;
; WORD_SIZE              ; 4     ; Signed Integer                                                                                                    ;
; WORD_SIZE_LOG2         ; 2     ; Signed Integer                                                                                                    ;
; WRITE_FIFO_USED_WIDTH  ; 11    ; Signed Integer                                                                                                    ;
; WRITE_RESPONSE_ENABLE  ; 0     ; Signed Integer                                                                                                    ;
+------------------------+-------+-------------------------------------------------------------------------------------------------------------------+
All Instances:
qsys_top_0|sys_tse_msgdma_rx|msgdma_1|write_mstr_internal|the_write_burst_control



+-------------------------------------------------------------------------------------------------------------------------------------------------------------+
; Parameter Settings for User Entity descriptor_buffers_1 Instance: qsys_top_0|sys_tse_msgdma_tx|sys_tse_msgdma_tx|dispatcher_internal|the_descriptor_buffers ;
+-------------------+----------+------------------------------------------------------------------------------------------------------------------------------+
; Parameter Name    ; Value    ; Type                                                                                                                         ;
+-------------------+----------+------------------------------------------------------------------------------------------------------------------------------+
; BYTE_ENABLE_WIDTH ; 16       ; Signed Integer                                                                                                               ;
; DATA_WIDTH        ; 128      ; Signed Integer                                                                                                               ;
; DEVICE_FAMILY     ; Agilex 5 ; String                                                                                                                       ;
; FIFO_DEPTH        ; 128      ; Signed Integer                                                                                                               ;
; FIFO_DEPTH_LOG2   ; 7        ; Signed Integer                                                                                                               ;
; MODE              ; 1        ; Signed Integer                                                                                                               ;
+-------------------+----------+------------------------------------------------------------------------------------------------------------------------------+
All Instances:
qsys_top_0|sys_tse_msgdma_tx|sys_tse_msgdma_tx|dispatcher_internal|the_descriptor_buffers



+-------------------------------------------------------------------------------------------------------------------------------------------+
; Parameter Settings for User Entity csr_block_1 Instance: qsys_top_0|sys_tse_msgdma_tx|sys_tse_msgdma_tx|dispatcher_internal|the_csr_block ;
+-------------------------------+-------+---------------------------------------------------------------------------------------------------+
; Parameter Name                ; Value ; Type                                                                                              ;
+-------------------------------+-------+---------------------------------------------------------------------------------------------------+
; ADDRESS_WIDTH                 ; 3     ; Signed Integer                                                                                    ;
; BURST_ENABLE                  ; 0     ; Signed Integer                                                                                    ;
; BURST_WRAPPING_SUPPORT        ; 0     ; Signed Integer                                                                                    ;
; CHANNEL_ENABLE                ; 0     ; Signed Integer                                                                                    ;
; CHANNEL_WIDTH_DERIVED         ; 7     ; Signed Integer                                                                                    ;
; DATA_FIFO_DEPTH_DERIVED       ; 7     ; Signed Integer                                                                                    ;
; DATA_WIDTH_DERIVED            ; 2     ; Signed Integer                                                                                    ;
; DESCRIPTOR_FIFO_DEPTH_DERIVED ; 4     ; Signed Integer                                                                                    ;
; ENHANCED_FEATURES             ; 0     ; Signed Integer                                                                                    ;
; ERROR_ENABLE                  ; 1     ; Signed Integer                                                                                    ;
; ERROR_WIDTH_DERIVED           ; 0     ; Signed Integer                                                                                    ;
; MAX_BURST_COUNT_DERIVED       ; 0     ; Signed Integer                                                                                    ;
; MAX_BYTE_DERIVED              ; 8     ; Signed Integer                                                                                    ;
; MAX_STRIDE_DERIVED            ; 0     ; Signed Integer                                                                                    ;
; MODE                          ; 1     ; Signed Integer                                                                                    ;
; PACKET_ENABLE                 ; 1     ; Signed Integer                                                                                    ;
; PREFETCHER_USE_CASE           ; 1     ; Signed Integer                                                                                    ;
; PROGRAMMABLE_BURST_ENABLE     ; 0     ; Signed Integer                                                                                    ;
; RESPONSE_PORT                 ; 1     ; Signed Integer                                                                                    ;
; SIDEBAND_ENABLE               ; 0     ; Signed Integer                                                                                    ;
; STRIDE_ENABLE_DERIVED         ; 0     ; Signed Integer                                                                                    ;
; TRANSFER_TYPE_DERIVED         ; 2     ; Signed Integer                                                                                    ;
+-------------------------------+-------+---------------------------------------------------------------------------------------------------+
All Instances:
qsys_top_0|sys_tse_msgdma_tx|sys_tse_msgdma_tx|dispatcher_internal|the_csr_block



+------------------------------------------------------------------------------------------------------------------------------------------------------+
; Parameter Settings for User Entity MM_to_ST_Adapter Instance: qsys_top_0|sys_tse_msgdma_tx|sys_tse_msgdma_tx|read_mstr_internal|the_MM_to_ST_adapter ;
+-------------------------+-------+--------------------------------------------------------------------------------------------------------------------+
; Parameter Name          ; Value ; Type                                                                                                               ;
+-------------------------+-------+--------------------------------------------------------------------------------------------------------------------+
; ADDRESS_WIDTH           ; 32    ; Signed Integer                                                                                                     ;
; BYTE_ADDRESS_WIDTH      ; 2     ; Signed Integer                                                                                                     ;
; DATA_WIDTH              ; 32    ; Signed Integer                                                                                                     ;
; EMPTY_WIDTH             ; 2     ; Signed Integer                                                                                                     ;
; FULL_WORD_ACCESS_ONLY   ; 0     ; Signed Integer                                                                                                     ;
; LENGTH_WIDTH            ; 19    ; Signed Integer                                                                                                     ;
; PACKET_SUPPORT          ; 1     ; Signed Integer                                                                                                     ;
; READS_PENDING_WIDTH     ; 12    ; Signed Integer                                                                                                     ;
; UNALIGNED_ACCESS_ENABLE ; 1     ; Signed Integer                                                                                                     ;
+-------------------------+-------+--------------------------------------------------------------------------------------------------------------------+
All Instances:
qsys_top_0|sys_tse_msgdma_tx|sys_tse_msgdma_tx|read_mstr_internal|the_MM_to_ST_adapter



+-----------------------------------------------------------------------------------------------------------------------------------------------+
; Parameter Settings for User Entity scfifo_2 Instance: qsys_top_0|sys_tse_msgdma_tx|sys_tse_msgdma_tx|read_mstr_internal|the_master_to_st_fifo ;
+-------------------------+-------------+-------------------------------------------------------------------------------------------------------+
; Parameter Name          ; Value       ; Type                                                                                                  ;
+-------------------------+-------------+-------------------------------------------------------------------------------------------------------+
; ADD_RAM_OUTPUT_REGISTER ; ON          ; String                                                                                                ;
; ALLOW_RWCYCLE_WHEN_FULL ; OFF         ; Untyped                                                                                               ;
; ALMOST_EMPTY_VALUE      ; 0           ; Untyped                                                                                               ;
; ALMOST_FULL_VALUE       ; 0           ; Untyped                                                                                               ;
; AUTO_CARRY_CHAINS       ; ON          ; Untyped                                                                                               ;
; AUTO_CASCADE_CHAINS     ; ON          ; Untyped                                                                                               ;
; CBXI_PARAMETER          ; scfifo_cvfp ; Untyped                                                                                               ;
; ENABLE_ECC              ; FALSE       ; Untyped                                                                                               ;
; IGNORE_CARRY_BUFFERS    ; OFF         ; Untyped                                                                                               ;
; IGNORE_CASCADE_BUFFERS  ; OFF         ; Untyped                                                                                               ;
; LPM_NUMWORDS            ; 2048        ; Signed Integer                                                                                        ;
; LPM_SHOWAHEAD           ; ON          ; String                                                                                                ;
; LPM_WIDTHU              ; 11          ; Signed Integer                                                                                        ;
; MAXIMIZE_SPEED          ; 5           ; Untyped                                                                                               ;
; OVERFLOW_CHECKING       ; OFF         ; String                                                                                                ;
; UNDERFLOW_CHECKING      ; OFF         ; String                                                                                                ;
; USE_EAB                 ; ON          ; String                                                                                                ;
; intended_device_family  ; Agilex 5    ; String                                                                                                ;
; lpm_width               ; 45          ; Signed Integer                                                                                        ;
+-------------------------+-------------+-------------------------------------------------------------------------------------------------------+
All Instances:
qsys_top_0|sys_tse_msgdma_tx|sys_tse_msgdma_tx|read_mstr_internal|the_master_to_st_fifo



+----------------------------------------------------------------------------------------------------------------------------------------------------------+
; Parameter Settings for User Entity read_burst_control Instance: qsys_top_0|sys_tse_msgdma_tx|sys_tse_msgdma_tx|read_mstr_internal|the_read_burst_control ;
+------------------------+-------+-------------------------------------------------------------------------------------------------------------------------+
; Parameter Name         ; Value ; Type                                                                                                                    ;
+------------------------+-------+-------------------------------------------------------------------------------------------------------------------------+
; ADDRESS_WIDTH          ; 32    ; Signed Integer                                                                                                          ;
; BURST_COUNT_WIDTH      ; 1     ; Signed Integer                                                                                                          ;
; BURST_ENABLE           ; 0     ; Signed Integer                                                                                                          ;
; BURST_WRAPPING_SUPPORT ; 0     ; Signed Integer                                                                                                          ;
; LENGTH_WIDTH           ; 19    ; Signed Integer                                                                                                          ;
; WORD_SIZE_LOG2         ; 2     ; Signed Integer                                                                                                          ;
+------------------------+-------+-------------------------------------------------------------------------------------------------------------------------+
All Instances:
qsys_top_0|sys_tse_msgdma_tx|sys_tse_msgdma_tx|read_mstr_internal|the_read_burst_control



+-------------------------------------------------------------------------------------------------------------------------------------------------------------------------------------------------------------------------------+
; Parameter Settings for User Entity altera_merlin_address_alignment_1 Instance: qsys_top_0|mm_interconnect_0|intel_niosv_g_0_timer_sw_agent_burst_adapter|altera_merlin_burst_adapter_13_1.burst_adapter|align_address_to_size ;
+-------------------+-------+---------------------------------------------------------------------------------------------------------------------------------------------------------------------------------------------------+
; Parameter Name    ; Value ; Type                                                                                                                                                                                              ;
+-------------------+-------+---------------------------------------------------------------------------------------------------------------------------------------------------------------------------------------------------+
; ADDR_W            ; 32    ; Signed Integer                                                                                                                                                                                    ;
; BURSTWRAP_W       ; 1     ; Signed Integer                                                                                                                                                                                    ;
; INCREMENT_ADDRESS ; 0     ; Signed Integer                                                                                                                                                                                    ;
; IN_DATA_W         ; 35    ; Signed Integer                                                                                                                                                                                    ;
; NUMSYMBOLS        ; 4     ; Signed Integer                                                                                                                                                                                    ;
; OUT_DATA_W        ; 34    ; Signed Integer                                                                                                                                                                                    ;
; SELECT_BITS       ; 2     ; Signed Integer                                                                                                                                                                                    ;
; SIZE_W            ; 3     ; Signed Integer                                                                                                                                                                                    ;
; SYNC_RESET        ; 1     ; Signed Integer                                                                                                                                                                                    ;
; TYPE_W            ; 0     ; Signed Integer                                                                                                                                                                                    ;
+-------------------+-------+---------------------------------------------------------------------------------------------------------------------------------------------------------------------------------------------------+
All Instances:
qsys_top_0|mm_interconnect_0|sys_jtag_uart_avalon_jtag_slave_burst_adapter|altera_merlin_burst_adapter_13_1.burst_adapter|align_address_to_size
qsys_top_0|mm_interconnect_0|sys_tse_control_port_burst_adapter|altera_merlin_burst_adapter_13_1.burst_adapter|align_address_to_size
qsys_top_0|mm_interconnect_0|sys_sysid_control_slave_burst_adapter|altera_merlin_burst_adapter_13_1.burst_adapter|align_address_to_size
qsys_top_0|mm_interconnect_0|sys_tse_msgdma_rx_csr_burst_adapter|altera_merlin_burst_adapter_13_1.burst_adapter|align_address_to_size
qsys_top_0|mm_interconnect_0|sys_tse_msgdma_tx_csr_burst_adapter|altera_merlin_burst_adapter_13_1.burst_adapter|align_address_to_size
qsys_top_0|mm_interconnect_0|intel_niosv_g_0_dm_agent_burst_adapter|altera_merlin_burst_adapter_13_1.burst_adapter|align_address_to_size
qsys_top_0|mm_interconnect_0|sys_tse_msgdma_rx_prefetcher_csr_burst_adapter|altera_merlin_burst_adapter_13_1.burst_adapter|align_address_to_size
qsys_top_0|mm_interconnect_0|sys_tse_msgdma_tx_prefetcher_csr_burst_adapter|altera_merlin_burst_adapter_13_1.burst_adapter|align_address_to_size
qsys_top_0|mm_interconnect_0|sys_cpu_ram_s1_burst_adapter|altera_merlin_burst_adapter_13_1.burst_adapter|align_address_to_size
qsys_top_0|mm_interconnect_0|sys_desc_mem_s1_burst_adapter|altera_merlin_burst_adapter_13_1.burst_adapter|align_address_to_size
qsys_top_0|mm_interconnect_0|sys_led_pio_s1_burst_adapter|altera_merlin_burst_adapter_13_1.burst_adapter|align_address_to_size
qsys_top_0|mm_interconnect_0|intel_niosv_g_0_timer_sw_agent_burst_adapter|altera_merlin_burst_adapter_13_1.burst_adapter|align_address_to_size



+-----------------------------------------------------------------------------------------------------------------------------------------------------------------------------------------------------------------------------------------------+
; Parameter Settings for User Entity altera_merlin_burst_adapter_burstwrap_increment Instance: qsys_top_0|mm_interconnect_0|intel_niosv_g_0_timer_sw_agent_burst_adapter|altera_merlin_burst_adapter_13_1.burst_adapter|the_burstwrap_increment ;
+----------------+-------+----------------------------------------------------------------------------------------------------------------------------------------------------------------------------------------------------------------------+
; Parameter Name ; Value ; Type                                                                                                                                                                                                                 ;
+----------------+-------+----------------------------------------------------------------------------------------------------------------------------------------------------------------------------------------------------------------------+
; WIDTH          ; 7     ; Signed Integer                                                                                                                                                                                                       ;
+----------------+-------+----------------------------------------------------------------------------------------------------------------------------------------------------------------------------------------------------------------------+
All Instances:
qsys_top_0|mm_interconnect_0|sys_jtag_uart_avalon_jtag_slave_burst_adapter|altera_merlin_burst_adapter_13_1.burst_adapter|the_burstwrap_increment
qsys_top_0|mm_interconnect_0|sys_tse_control_port_burst_adapter|altera_merlin_burst_adapter_13_1.burst_adapter|the_burstwrap_increment
qsys_top_0|mm_interconnect_0|sys_sysid_control_slave_burst_adapter|altera_merlin_burst_adapter_13_1.burst_adapter|the_burstwrap_increment
qsys_top_0|mm_interconnect_0|sys_tse_msgdma_rx_csr_burst_adapter|altera_merlin_burst_adapter_13_1.burst_adapter|the_burstwrap_increment
qsys_top_0|mm_interconnect_0|sys_tse_msgdma_tx_csr_burst_adapter|altera_merlin_burst_adapter_13_1.burst_adapter|the_burstwrap_increment
qsys_top_0|mm_interconnect_0|intel_niosv_g_0_dm_agent_burst_adapter|altera_merlin_burst_adapter_13_1.burst_adapter|the_burstwrap_increment
qsys_top_0|mm_interconnect_0|sys_tse_msgdma_rx_prefetcher_csr_burst_adapter|altera_merlin_burst_adapter_13_1.burst_adapter|the_burstwrap_increment
qsys_top_0|mm_interconnect_0|sys_tse_msgdma_tx_prefetcher_csr_burst_adapter|altera_merlin_burst_adapter_13_1.burst_adapter|the_burstwrap_increment
qsys_top_0|mm_interconnect_0|sys_cpu_ram_s1_burst_adapter|altera_merlin_burst_adapter_13_1.burst_adapter|the_burstwrap_increment
qsys_top_0|mm_interconnect_0|sys_desc_mem_s1_burst_adapter|altera_merlin_burst_adapter_13_1.burst_adapter|the_burstwrap_increment
qsys_top_0|mm_interconnect_0|sys_led_pio_s1_burst_adapter|altera_merlin_burst_adapter_13_1.burst_adapter|the_burstwrap_increment
qsys_top_0|mm_interconnect_0|intel_niosv_g_0_timer_sw_agent_burst_adapter|altera_merlin_burst_adapter_13_1.burst_adapter|the_burstwrap_increment



+---------------------------------------------------------------------------------------------------------------------------------------------------------------------------------------------------------------+
; Parameter Settings for User Entity altera_merlin_burst_adapter_min Instance: qsys_top_0|mm_interconnect_0|intel_niosv_g_0_timer_sw_agent_burst_adapter|altera_merlin_burst_adapter_13_1.burst_adapter|the_min ;
+-------------------+-------+-----------------------------------------------------------------------------------------------------------------------------------------------------------------------------------+
; Parameter Name    ; Value ; Type                                                                                                                                                                              ;
+-------------------+-------+-----------------------------------------------------------------------------------------------------------------------------------------------------------------------------------+
; PIPELINE_POSITION ; 2     ; Signed Integer                                                                                                                                                                    ;
; PKT_BURSTWRAP_W   ; 7     ; Signed Integer                                                                                                                                                                    ;
; PKT_BYTE_CNT_W    ; 11    ; Signed Integer                                                                                                                                                                    ;
+-------------------+-------+-----------------------------------------------------------------------------------------------------------------------------------------------------------------------------------+
All Instances:
qsys_top_0|mm_interconnect_0|sys_jtag_uart_avalon_jtag_slave_burst_adapter|altera_merlin_burst_adapter_13_1.burst_adapter|the_min
qsys_top_0|mm_interconnect_0|sys_tse_control_port_burst_adapter|altera_merlin_burst_adapter_13_1.burst_adapter|the_min
qsys_top_0|mm_interconnect_0|sys_sysid_control_slave_burst_adapter|altera_merlin_burst_adapter_13_1.burst_adapter|the_min
qsys_top_0|mm_interconnect_0|sys_tse_msgdma_rx_csr_burst_adapter|altera_merlin_burst_adapter_13_1.burst_adapter|the_min
qsys_top_0|mm_interconnect_0|sys_tse_msgdma_tx_csr_burst_adapter|altera_merlin_burst_adapter_13_1.burst_adapter|the_min
qsys_top_0|mm_interconnect_0|intel_niosv_g_0_dm_agent_burst_adapter|altera_merlin_burst_adapter_13_1.burst_adapter|the_min
qsys_top_0|mm_interconnect_0|sys_tse_msgdma_rx_prefetcher_csr_burst_adapter|altera_merlin_burst_adapter_13_1.burst_adapter|the_min
qsys_top_0|mm_interconnect_0|sys_tse_msgdma_tx_prefetcher_csr_burst_adapter|altera_merlin_burst_adapter_13_1.burst_adapter|the_min
qsys_top_0|mm_interconnect_0|sys_cpu_ram_s1_burst_adapter|altera_merlin_burst_adapter_13_1.burst_adapter|the_min
qsys_top_0|mm_interconnect_0|sys_desc_mem_s1_burst_adapter|altera_merlin_burst_adapter_13_1.burst_adapter|the_min
qsys_top_0|mm_interconnect_0|sys_led_pio_s1_burst_adapter|altera_merlin_burst_adapter_13_1.burst_adapter|the_min
qsys_top_0|mm_interconnect_0|intel_niosv_g_0_timer_sw_agent_burst_adapter|altera_merlin_burst_adapter_13_1.burst_adapter|the_min



+-------------------------------------------------------------------------------------------------------------------------+
; Parameter Settings for User Entity altera_merlin_arb_adder Instance: qsys_top_0|mm_interconnect_0|rsp_mux_009|arb|adder ;
+----------------+-------+------------------------------------------------------------------------------------------------+
; Parameter Name ; Value ; Type                                                                                           ;
+----------------+-------+------------------------------------------------------------------------------------------------+
; WIDTH          ; 4     ; Signed Integer                                                                                 ;
+----------------+-------+------------------------------------------------------------------------------------------------+
All Instances:
qsys_top_0|mm_interconnect_0|cmd_mux|arb|adder
qsys_top_0|mm_interconnect_0|cmd_mux_001|arb|adder
qsys_top_0|mm_interconnect_0|cmd_mux_002|arb|adder
qsys_top_0|mm_interconnect_0|cmd_mux_003|arb|adder
qsys_top_0|mm_interconnect_0|cmd_mux_004|arb|adder
qsys_top_0|mm_interconnect_0|cmd_mux_006|arb|adder
qsys_top_0|mm_interconnect_0|cmd_mux_007|arb|adder
qsys_top_0|mm_interconnect_0|cmd_mux_010|arb|adder
qsys_top_0|mm_interconnect_0|cmd_mux_011|arb|adder
qsys_top_0|mm_interconnect_0|rsp_mux_002|arb|adder
qsys_top_0|mm_interconnect_0|rsp_mux_003|arb|adder
qsys_top_0|mm_interconnect_0|rsp_mux_004|arb|adder
qsys_top_0|mm_interconnect_0|rsp_mux_005|arb|adder
qsys_top_0|mm_interconnect_0|rsp_mux_006|arb|adder
qsys_top_0|mm_interconnect_0|rsp_mux_007|arb|adder
qsys_top_0|mm_interconnect_0|rsp_mux_008|arb|adder
qsys_top_0|mm_interconnect_0|rsp_mux_009|arb|adder



+---------------------------------------------------------------------------------------------------------------------------+
; Parameter Settings for User Entity altera_merlin_arb_adder_1 Instance: qsys_top_0|mm_interconnect_0|cmd_mux_005|arb|adder ;
+----------------+-------+--------------------------------------------------------------------------------------------------+
; Parameter Name ; Value ; Type                                                                                             ;
+----------------+-------+--------------------------------------------------------------------------------------------------+
; WIDTH          ; 8     ; Signed Integer                                                                                   ;
+----------------+-------+--------------------------------------------------------------------------------------------------+
All Instances:
qsys_top_0|mm_interconnect_0|cmd_mux_005|arb|adder



+---------------------------------------------------------------------------------------------------------------------------+
; Parameter Settings for User Entity altera_merlin_arb_adder_2 Instance: qsys_top_0|mm_interconnect_0|cmd_mux_008|arb|adder ;
+----------------+-------+--------------------------------------------------------------------------------------------------+
; Parameter Name ; Value ; Type                                                                                             ;
+----------------+-------+--------------------------------------------------------------------------------------------------+
; WIDTH          ; 20    ; Signed Integer                                                                                   ;
+----------------+-------+--------------------------------------------------------------------------------------------------+
All Instances:
qsys_top_0|mm_interconnect_0|cmd_mux_008|arb|adder



+---------------------------------------------------------------------------------------------------------------------------+
; Parameter Settings for User Entity altera_merlin_arb_adder_3 Instance: qsys_top_0|mm_interconnect_0|cmd_mux_009|arb|adder ;
+----------------+-------+--------------------------------------------------------------------------------------------------+
; Parameter Name ; Value ; Type                                                                                             ;
+----------------+-------+--------------------------------------------------------------------------------------------------+
; WIDTH          ; 16    ; Signed Integer                                                                                   ;
+----------------+-------+--------------------------------------------------------------------------------------------------+
All Instances:
qsys_top_0|mm_interconnect_0|cmd_mux_009|arb|adder



+---------------------------------------------------------------------------------------------------------------------------+
; Parameter Settings for User Entity altera_merlin_arb_adder_4 Instance: qsys_top_0|mm_interconnect_0|rsp_mux_001|arb|adder ;
+----------------+-------+--------------------------------------------------------------------------------------------------+
; Parameter Name ; Value ; Type                                                                                             ;
+----------------+-------+--------------------------------------------------------------------------------------------------+
; WIDTH          ; 24    ; Signed Integer                                                                                   ;
+----------------+-------+--------------------------------------------------------------------------------------------------+
All Instances:
qsys_top_0|mm_interconnect_0|rsp_mux|arb|adder
qsys_top_0|mm_interconnect_0|rsp_mux_001|arb|adder



+-------------------------------------------------------------------------------------------------------------------------------------------------------------------------------------------------+
; Parameter Settings for User Entity instr_decoder_qsys_top_intel_niosv_g_0_intel_niosv_g_unit_400_25ilc6y Instance: qsys_top_0|intel_niosv_g_0|intel_niosv_g_0|hart|core_inst|instr_decoder_inst ;
+--------------------+-------+--------------------------------------------------------------------------------------------------------------------------------------------------------------------+
; Parameter Name     ; Value ; Type                                                                                                                                                               ;
+--------------------+-------+--------------------------------------------------------------------------------------------------------------------------------------------------------------------+
; ATOMIC_ENABLED     ; 0     ; Unsigned Bit Literal                                                                                                                                               ;
; DISABLE_FSQRT_FDIV ; 0     ; Signed Integer                                                                                                                                                     ;
; ECC_EN             ; 0     ; Signed Integer                                                                                                                                                     ;
; FLOAT_ENABLED      ; 0     ; Unsigned Bit Literal                                                                                                                                               ;
; MULDIV_ENABLED     ; 1     ; Unsigned Bit Literal                                                                                                                                               ;
; OPTIMIZE_ALU_AREA  ; 1     ; Unsigned Bit Literal                                                                                                                                               ;
+--------------------+-------+--------------------------------------------------------------------------------------------------------------------------------------------------------------------+
All Instances:
qsys_top_0|intel_niosv_g_0|intel_niosv_g_0|hart|core_inst|instr_decoder_inst



+----------------------------------------------------------------------------------------------------------------------------------------------------------------------------------------+
; Parameter Settings for User Entity write_signal_breakout Instance: qsys_top_0|sys_tse_msgdma_tx|sys_tse_msgdma_tx|dispatcher_internal|the_descriptor_buffers|the_write_signal_breakout ;
+----------------+-------+---------------------------------------------------------------------------------------------------------------------------------------------------------------+
; Parameter Name ; Value ; Type                                                                                                                                                          ;
+----------------+-------+---------------------------------------------------------------------------------------------------------------------------------------------------------------+
; DATA_WIDTH     ; 128   ; Signed Integer                                                                                                                                                ;
+----------------+-------+---------------------------------------------------------------------------------------------------------------------------------------------------------------+
All Instances:
qsys_top_0|sys_tse_msgdma_rx|msgdma_1|dispatcher_internal|the_descriptor_buffers|the_write_signal_breakout
qsys_top_0|sys_tse_msgdma_tx|sys_tse_msgdma_tx|dispatcher_internal|the_descriptor_buffers|the_write_signal_breakout



+--------------------------------------------------------------------------------------------------------------------------------------------------------------------------------------+
; Parameter Settings for User Entity read_signal_breakout Instance: qsys_top_0|sys_tse_msgdma_tx|sys_tse_msgdma_tx|dispatcher_internal|the_descriptor_buffers|the_read_signal_breakout ;
+----------------+-------+-------------------------------------------------------------------------------------------------------------------------------------------------------------+
; Parameter Name ; Value ; Type                                                                                                                                                        ;
+----------------+-------+-------------------------------------------------------------------------------------------------------------------------------------------------------------+
; DATA_WIDTH     ; 128   ; Signed Integer                                                                                                                                              ;
+----------------+-------+-------------------------------------------------------------------------------------------------------------------------------------------------------------+
All Instances:
qsys_top_0|sys_tse_msgdma_rx|msgdma_1|dispatcher_internal|the_descriptor_buffers|the_read_signal_breakout
qsys_top_0|sys_tse_msgdma_tx|sys_tse_msgdma_tx|dispatcher_internal|the_descriptor_buffers|the_read_signal_breakout



+-------------------------------------------------------------------------------------------------------------------------------------------------------------------------------------+
; Parameter Settings for User Entity fifo_with_byteenables Instance: qsys_top_0|sys_tse_msgdma_tx|sys_tse_msgdma_tx|dispatcher_internal|the_descriptor_buffers|the_write_command_FIFO ;
+-----------------+----------+--------------------------------------------------------------------------------------------------------------------------------------------------------+
; Parameter Name  ; Value    ; Type                                                                                                                                                   ;
+-----------------+----------+--------------------------------------------------------------------------------------------------------------------------------------------------------+
; DATA_WIDTH      ; 128      ; Signed Integer                                                                                                                                         ;
; DEVICE_FAMILY   ; Agilex 5 ; String                                                                                                                                                 ;
; FIFO_DEPTH      ; 128      ; Signed Integer                                                                                                                                         ;
; FIFO_DEPTH_LOG2 ; 7        ; Signed Integer                                                                                                                                         ;
; LATENCY         ; 2        ; Signed Integer                                                                                                                                         ;
+-----------------+----------+--------------------------------------------------------------------------------------------------------------------------------------------------------+
All Instances:
qsys_top_0|sys_tse_msgdma_rx|msgdma_1|dispatcher_internal|the_descriptor_buffers|the_read_command_FIFO
qsys_top_0|sys_tse_msgdma_rx|msgdma_1|dispatcher_internal|the_descriptor_buffers|the_write_command_FIFO
qsys_top_0|sys_tse_msgdma_tx|sys_tse_msgdma_tx|dispatcher_internal|the_descriptor_buffers|the_read_command_FIFO
qsys_top_0|sys_tse_msgdma_tx|sys_tse_msgdma_tx|dispatcher_internal|the_descriptor_buffers|the_write_command_FIFO



+---------------------------------------------------------------------------------------------------------------------------------------------------------------+
; Parameter Settings for User Entity scfifo_3 Instance: qsys_top_0|sys_tse_msgdma_tx|sys_tse_msgdma_tx|dispatcher_internal|the_response_block|the_response_FIFO ;
+-------------------------+--------------+----------------------------------------------------------------------------------------------------------------------+
; Parameter Name          ; Value        ; Type                                                                                                                 ;
+-------------------------+--------------+----------------------------------------------------------------------------------------------------------------------+
; ADD_RAM_OUTPUT_REGISTER ; ON           ; String                                                                                                               ;
; ALLOW_RWCYCLE_WHEN_FULL ; OFF          ; Untyped                                                                                                              ;
; ALMOST_EMPTY_VALUE      ; 0            ; Untyped                                                                                                              ;
; ALMOST_FULL_VALUE       ; 0            ; Untyped                                                                                                              ;
; AUTO_CARRY_CHAINS       ; ON           ; Untyped                                                                                                              ;
; AUTO_CASCADE_CHAINS     ; ON           ; Untyped                                                                                                              ;
; CBXI_PARAMETER          ; scfifo_alk32 ; Untyped                                                                                                              ;
; ENABLE_ECC              ; FALSE        ; Untyped                                                                                                              ;
; IGNORE_CARRY_BUFFERS    ; OFF          ; Untyped                                                                                                              ;
; IGNORE_CASCADE_BUFFERS  ; OFF          ; Untyped                                                                                                              ;
; LPM_NUMWORDS            ; 256          ; Signed Integer                                                                                                       ;
; LPM_SHOWAHEAD           ; ON           ; String                                                                                                               ;
; LPM_WIDTHU              ; 8            ; Signed Integer                                                                                                       ;
; MAXIMIZE_SPEED          ; 5            ; Untyped                                                                                                              ;
; OVERFLOW_CHECKING       ; OFF          ; String                                                                                                               ;
; UNDERFLOW_CHECKING      ; OFF          ; String                                                                                                               ;
; USE_EAB                 ; ON           ; String                                                                                                               ;
; intended_device_family  ; Agilex 5     ; String                                                                                                               ;
; lpm_type                ; scfifo       ; String                                                                                                               ;
; lpm_width               ; 51           ; Signed Integer                                                                                                       ;
+-------------------------+--------------+----------------------------------------------------------------------------------------------------------------------+
All Instances:
qsys_top_0|sys_tse_msgdma_rx|msgdma_1|dispatcher_internal|the_response_block|the_response_FIFO
qsys_top_0|sys_tse_msgdma_tx|sys_tse_msgdma_tx|dispatcher_internal|the_response_block|the_response_FIFO



+------------------------------------------------------------------------------------------------------------------------------------------------+
; Parameter Settings for User Entity altsyncram Instance: qsys_top_0|sys_tse_msgdma_rx|msgdma_1|prefetcher_internal|u_prefetcher_fifo|the_dp_ram ;
+------------------------------------+----------------------+------------------------------------------------------------------------------------+
; Parameter Name                     ; Value                ; Type                                                                               ;
+------------------------------------+----------------------+------------------------------------------------------------------------------------+
; ADDRESS_ACLR_A                     ; NONE                 ; Untyped                                                                            ;
; ADDRESS_ACLR_B                     ; NONE                 ; Untyped                                                                            ;
; ADDRESS_REG_B                      ; CLOCK0               ; String                                                                             ;
; AUTO_CARRY_CHAINS                  ; ON                   ; Untyped                                                                            ;
; AUTO_CASCADE_CHAINS                ; ON                   ; Untyped                                                                            ;
; BYTEENA_ACLR_A                     ; NONE                 ; Untyped                                                                            ;
; BYTEENA_ACLR_B                     ; NONE                 ; Untyped                                                                            ;
; BYTEENA_REG_B                      ; CLOCK1               ; Untyped                                                                            ;
; BYTE_SIZE                          ; 8                    ; Signed Integer                                                                     ;
; BYTE_SIZE_BLOCK                    ; 8                    ; Untyped                                                                            ;
; CBXI_PARAMETER                     ; altsyncram_jcfq1     ; Untyped                                                                            ;
; CLOCK_ENABLE_CORE_A                ; USE_INPUT_CLKEN      ; Untyped                                                                            ;
; CLOCK_ENABLE_CORE_B                ; USE_INPUT_CLKEN      ; Untyped                                                                            ;
; CLOCK_ENABLE_INPUT_A               ; NORMAL               ; Untyped                                                                            ;
; CLOCK_ENABLE_INPUT_B               ; NORMAL               ; Untyped                                                                            ;
; CLOCK_ENABLE_OUTPUT_A              ; NORMAL               ; Untyped                                                                            ;
; CLOCK_ENABLE_OUTPUT_B              ; NORMAL               ; Untyped                                                                            ;
; ECC_PIPELINE_STAGE_ENABLED         ; FALSE                ; Untyped                                                                            ;
; ENABLE_ECC                         ; FALSE                ; Untyped                                                                            ;
; IGNORE_CARRY_BUFFERS               ; OFF                  ; Untyped                                                                            ;
; IGNORE_CASCADE_BUFFERS             ; OFF                  ; Untyped                                                                            ;
; INDATA_ACLR_A                      ; NONE                 ; Untyped                                                                            ;
; INDATA_ACLR_B                      ; NONE                 ; Untyped                                                                            ;
; INDATA_REG_B                       ; CLOCK1               ; Untyped                                                                            ;
; INIT_FILE                          ; UNUSED               ; Untyped                                                                            ;
; INIT_FILE_LAYOUT                   ; PORT_A               ; Untyped                                                                            ;
; MAXIMUM_DEPTH                      ; 0                    ; Untyped                                                                            ;
; NUMWORDS_A                         ; 256                  ; Signed Integer                                                                     ;
; NUMWORDS_B                         ; 256                  ; Signed Integer                                                                     ;
; OPERATION_MODE                     ; DUAL_PORT            ; String                                                                             ;
; OUTDATA_ACLR_A                     ; NONE                 ; Untyped                                                                            ;
; OUTDATA_ACLR_B                     ; NONE                 ; Untyped                                                                            ;
; OUTDATA_REG_A                      ; UNREGISTERED         ; Untyped                                                                            ;
; OUTDATA_REG_B                      ; CLOCK0               ; String                                                                             ;
; RAM_BLOCK_TYPE                     ; AUTO                 ; Untyped                                                                            ;
; RDCONTROL_ACLR_B                   ; NONE                 ; Untyped                                                                            ;
; RDCONTROL_REG_B                    ; CLOCK1               ; Untyped                                                                            ;
; READ_DURING_WRITE_MODE_MIXED_PORTS ; DONT_CARE            ; String                                                                             ;
; READ_DURING_WRITE_MODE_PORT_A      ; NEW_DATA_NO_NBE_READ ; Untyped                                                                            ;
; READ_DURING_WRITE_MODE_PORT_B      ; NEW_DATA_NO_NBE_READ ; Untyped                                                                            ;
; WIDTHAD_A                          ; 8                    ; Signed Integer                                                                     ;
; WIDTHAD_B                          ; 8                    ; Signed Integer                                                                     ;
; WIDTH_A                            ; 64                   ; Signed Integer                                                                     ;
; WIDTH_B                            ; 64                   ; Signed Integer                                                                     ;
; WIDTH_BYTEENA                      ; 1                    ; Untyped                                                                            ;
; WIDTH_BYTEENA_A                    ; 8                    ; Signed Integer                                                                     ;
; WIDTH_BYTEENA_B                    ; 1                    ; Untyped                                                                            ;
; WIDTH_ECCSTATUS                    ; 3                    ; Untyped                                                                            ;
; WRCONTROL_ACLR_A                   ; NONE                 ; Untyped                                                                            ;
; WRCONTROL_ACLR_B                   ; NONE                 ; Untyped                                                                            ;
; WRCONTROL_WRADDRESS_REG_B          ; CLOCK1               ; Untyped                                                                            ;
; lpm_type                           ; altsyncram           ; String                                                                             ;
; power_up_uninitialized             ; TRUE                 ; String                                                                             ;
+------------------------------------+----------------------+------------------------------------------------------------------------------------+
All Instances:
qsys_top_0|sys_tse_msgdma_tx|sys_tse_msgdma_tx|prefetcher_internal|u_prefetcher_fifo|the_dp_ram
qsys_top_0|sys_tse_msgdma_rx|msgdma_1|prefetcher_internal|u_prefetcher_fifo|the_dp_ram



+-----------------------------------------------------------------------------------------------------------------------------------------------------------------------------------------------------------------------------+
; Parameter Settings for User Entity altera_merlin_burst_adapter_subtractor Instance: qsys_top_0|mm_interconnect_0|intel_niosv_g_0_timer_sw_agent_burst_adapter|altera_merlin_burst_adapter_13_1.burst_adapter|the_min|dc_sub ;
+----------------+-------+----------------------------------------------------------------------------------------------------------------------------------------------------------------------------------------------------+
; Parameter Name ; Value ; Type                                                                                                                                                                                               ;
+----------------+-------+----------------------------------------------------------------------------------------------------------------------------------------------------------------------------------------------------+
; WIDTH          ; 12    ; Signed Integer                                                                                                                                                                                     ;
+----------------+-------+----------------------------------------------------------------------------------------------------------------------------------------------------------------------------------------------------+
All Instances:
qsys_top_0|mm_interconnect_0|sys_jtag_uart_avalon_jtag_slave_burst_adapter|altera_merlin_burst_adapter_13_1.burst_adapter|the_min|db_sub
qsys_top_0|mm_interconnect_0|sys_tse_control_port_burst_adapter|altera_merlin_burst_adapter_13_1.burst_adapter|the_min|db_sub
qsys_top_0|mm_interconnect_0|sys_sysid_control_slave_burst_adapter|altera_merlin_burst_adapter_13_1.burst_adapter|the_min|db_sub
qsys_top_0|mm_interconnect_0|sys_tse_msgdma_rx_csr_burst_adapter|altera_merlin_burst_adapter_13_1.burst_adapter|the_min|db_sub
qsys_top_0|mm_interconnect_0|sys_tse_msgdma_tx_csr_burst_adapter|altera_merlin_burst_adapter_13_1.burst_adapter|the_min|db_sub
qsys_top_0|mm_interconnect_0|intel_niosv_g_0_dm_agent_burst_adapter|altera_merlin_burst_adapter_13_1.burst_adapter|the_min|db_sub
qsys_top_0|mm_interconnect_0|sys_tse_msgdma_rx_prefetcher_csr_burst_adapter|altera_merlin_burst_adapter_13_1.burst_adapter|the_min|db_sub
qsys_top_0|mm_interconnect_0|sys_tse_msgdma_tx_prefetcher_csr_burst_adapter|altera_merlin_burst_adapter_13_1.burst_adapter|the_min|db_sub
qsys_top_0|mm_interconnect_0|sys_cpu_ram_s1_burst_adapter|altera_merlin_burst_adapter_13_1.burst_adapter|the_min|db_sub
qsys_top_0|mm_interconnect_0|sys_desc_mem_s1_burst_adapter|altera_merlin_burst_adapter_13_1.burst_adapter|the_min|db_sub
qsys_top_0|mm_interconnect_0|sys_led_pio_s1_burst_adapter|altera_merlin_burst_adapter_13_1.burst_adapter|the_min|db_sub
qsys_top_0|mm_interconnect_0|intel_niosv_g_0_timer_sw_agent_burst_adapter|altera_merlin_burst_adapter_13_1.burst_adapter|the_min|db_sub
qsys_top_0|mm_interconnect_0|sys_jtag_uart_avalon_jtag_slave_burst_adapter|altera_merlin_burst_adapter_13_1.burst_adapter|the_min|da_sub
qsys_top_0|mm_interconnect_0|sys_tse_control_port_burst_adapter|altera_merlin_burst_adapter_13_1.burst_adapter|the_min|da_sub
qsys_top_0|mm_interconnect_0|sys_sysid_control_slave_burst_adapter|altera_merlin_burst_adapter_13_1.burst_adapter|the_min|da_sub
qsys_top_0|mm_interconnect_0|sys_tse_msgdma_rx_csr_burst_adapter|altera_merlin_burst_adapter_13_1.burst_adapter|the_min|da_sub
qsys_top_0|mm_interconnect_0|sys_tse_msgdma_tx_csr_burst_adapter|altera_merlin_burst_adapter_13_1.burst_adapter|the_min|da_sub
qsys_top_0|mm_interconnect_0|intel_niosv_g_0_dm_agent_burst_adapter|altera_merlin_burst_adapter_13_1.burst_adapter|the_min|da_sub
qsys_top_0|mm_interconnect_0|sys_tse_msgdma_rx_prefetcher_csr_burst_adapter|altera_merlin_burst_adapter_13_1.burst_adapter|the_min|da_sub
qsys_top_0|mm_interconnect_0|sys_tse_msgdma_tx_prefetcher_csr_burst_adapter|altera_merlin_burst_adapter_13_1.burst_adapter|the_min|da_sub
qsys_top_0|mm_interconnect_0|sys_cpu_ram_s1_burst_adapter|altera_merlin_burst_adapter_13_1.burst_adapter|the_min|da_sub
qsys_top_0|mm_interconnect_0|sys_desc_mem_s1_burst_adapter|altera_merlin_burst_adapter_13_1.burst_adapter|the_min|da_sub
qsys_top_0|mm_interconnect_0|sys_led_pio_s1_burst_adapter|altera_merlin_burst_adapter_13_1.burst_adapter|the_min|da_sub
qsys_top_0|mm_interconnect_0|intel_niosv_g_0_timer_sw_agent_burst_adapter|altera_merlin_burst_adapter_13_1.burst_adapter|the_min|da_sub
qsys_top_0|mm_interconnect_0|sys_jtag_uart_avalon_jtag_slave_burst_adapter|altera_merlin_burst_adapter_13_1.burst_adapter|the_min|bc_sub
qsys_top_0|mm_interconnect_0|sys_tse_control_port_burst_adapter|altera_merlin_burst_adapter_13_1.burst_adapter|the_min|bc_sub
qsys_top_0|mm_interconnect_0|sys_sysid_control_slave_burst_adapter|altera_merlin_burst_adapter_13_1.burst_adapter|the_min|bc_sub
qsys_top_0|mm_interconnect_0|sys_tse_msgdma_rx_csr_burst_adapter|altera_merlin_burst_adapter_13_1.burst_adapter|the_min|bc_sub
qsys_top_0|mm_interconnect_0|sys_tse_msgdma_tx_csr_burst_adapter|altera_merlin_burst_adapter_13_1.burst_adapter|the_min|bc_sub
qsys_top_0|mm_interconnect_0|intel_niosv_g_0_dm_agent_burst_adapter|altera_merlin_burst_adapter_13_1.burst_adapter|the_min|bc_sub
qsys_top_0|mm_interconnect_0|sys_tse_msgdma_rx_prefetcher_csr_burst_adapter|altera_merlin_burst_adapter_13_1.burst_adapter|the_min|bc_sub
qsys_top_0|mm_interconnect_0|sys_tse_msgdma_tx_prefetcher_csr_burst_adapter|altera_merlin_burst_adapter_13_1.burst_adapter|the_min|bc_sub
qsys_top_0|mm_interconnect_0|sys_cpu_ram_s1_burst_adapter|altera_merlin_burst_adapter_13_1.burst_adapter|the_min|bc_sub
qsys_top_0|mm_interconnect_0|sys_desc_mem_s1_burst_adapter|altera_merlin_burst_adapter_13_1.burst_adapter|the_min|bc_sub
qsys_top_0|mm_interconnect_0|sys_led_pio_s1_burst_adapter|altera_merlin_burst_adapter_13_1.burst_adapter|the_min|bc_sub
qsys_top_0|mm_interconnect_0|intel_niosv_g_0_timer_sw_agent_burst_adapter|altera_merlin_burst_adapter_13_1.burst_adapter|the_min|bc_sub
qsys_top_0|mm_interconnect_0|sys_jtag_uart_avalon_jtag_slave_burst_adapter|altera_merlin_burst_adapter_13_1.burst_adapter|the_min|ac_sub
qsys_top_0|mm_interconnect_0|sys_tse_control_port_burst_adapter|altera_merlin_burst_adapter_13_1.burst_adapter|the_min|ac_sub
qsys_top_0|mm_interconnect_0|sys_sysid_control_slave_burst_adapter|altera_merlin_burst_adapter_13_1.burst_adapter|the_min|ac_sub
qsys_top_0|mm_interconnect_0|sys_tse_msgdma_rx_csr_burst_adapter|altera_merlin_burst_adapter_13_1.burst_adapter|the_min|ac_sub
qsys_top_0|mm_interconnect_0|sys_tse_msgdma_tx_csr_burst_adapter|altera_merlin_burst_adapter_13_1.burst_adapter|the_min|ac_sub
qsys_top_0|mm_interconnect_0|intel_niosv_g_0_dm_agent_burst_adapter|altera_merlin_burst_adapter_13_1.burst_adapter|the_min|ac_sub
qsys_top_0|mm_interconnect_0|sys_tse_msgdma_rx_prefetcher_csr_burst_adapter|altera_merlin_burst_adapter_13_1.burst_adapter|the_min|ac_sub
qsys_top_0|mm_interconnect_0|sys_tse_msgdma_tx_prefetcher_csr_burst_adapter|altera_merlin_burst_adapter_13_1.burst_adapter|the_min|ac_sub
qsys_top_0|mm_interconnect_0|sys_cpu_ram_s1_burst_adapter|altera_merlin_burst_adapter_13_1.burst_adapter|the_min|ac_sub
qsys_top_0|mm_interconnect_0|sys_desc_mem_s1_burst_adapter|altera_merlin_burst_adapter_13_1.burst_adapter|the_min|ac_sub
qsys_top_0|mm_interconnect_0|sys_led_pio_s1_burst_adapter|altera_merlin_burst_adapter_13_1.burst_adapter|the_min|ac_sub
qsys_top_0|mm_interconnect_0|intel_niosv_g_0_timer_sw_agent_burst_adapter|altera_merlin_burst_adapter_13_1.burst_adapter|the_min|ac_sub
qsys_top_0|mm_interconnect_0|sys_jtag_uart_avalon_jtag_slave_burst_adapter|altera_merlin_burst_adapter_13_1.burst_adapter|the_min|ab_sub
qsys_top_0|mm_interconnect_0|sys_tse_control_port_burst_adapter|altera_merlin_burst_adapter_13_1.burst_adapter|the_min|ab_sub
qsys_top_0|mm_interconnect_0|sys_sysid_control_slave_burst_adapter|altera_merlin_burst_adapter_13_1.burst_adapter|the_min|ab_sub
qsys_top_0|mm_interconnect_0|sys_tse_msgdma_rx_csr_burst_adapter|altera_merlin_burst_adapter_13_1.burst_adapter|the_min|ab_sub
qsys_top_0|mm_interconnect_0|sys_tse_msgdma_tx_csr_burst_adapter|altera_merlin_burst_adapter_13_1.burst_adapter|the_min|ab_sub
qsys_top_0|mm_interconnect_0|intel_niosv_g_0_dm_agent_burst_adapter|altera_merlin_burst_adapter_13_1.burst_adapter|the_min|ab_sub
qsys_top_0|mm_interconnect_0|sys_tse_msgdma_rx_prefetcher_csr_burst_adapter|altera_merlin_burst_adapter_13_1.burst_adapter|the_min|ab_sub
qsys_top_0|mm_interconnect_0|sys_tse_msgdma_tx_prefetcher_csr_burst_adapter|altera_merlin_burst_adapter_13_1.burst_adapter|the_min|ab_sub
qsys_top_0|mm_interconnect_0|sys_cpu_ram_s1_burst_adapter|altera_merlin_burst_adapter_13_1.burst_adapter|the_min|ab_sub
qsys_top_0|mm_interconnect_0|sys_desc_mem_s1_burst_adapter|altera_merlin_burst_adapter_13_1.burst_adapter|the_min|ab_sub
qsys_top_0|mm_interconnect_0|sys_led_pio_s1_burst_adapter|altera_merlin_burst_adapter_13_1.burst_adapter|the_min|ab_sub
qsys_top_0|mm_interconnect_0|intel_niosv_g_0_timer_sw_agent_burst_adapter|altera_merlin_burst_adapter_13_1.burst_adapter|the_min|ab_sub
qsys_top_0|mm_interconnect_0|sys_jtag_uart_avalon_jtag_slave_burst_adapter|altera_merlin_burst_adapter_13_1.burst_adapter|the_min|dc_sub
qsys_top_0|mm_interconnect_0|sys_tse_control_port_burst_adapter|altera_merlin_burst_adapter_13_1.burst_adapter|the_min|dc_sub
qsys_top_0|mm_interconnect_0|sys_sysid_control_slave_burst_adapter|altera_merlin_burst_adapter_13_1.burst_adapter|the_min|dc_sub
qsys_top_0|mm_interconnect_0|sys_tse_msgdma_rx_csr_burst_adapter|altera_merlin_burst_adapter_13_1.burst_adapter|the_min|dc_sub
qsys_top_0|mm_interconnect_0|sys_tse_msgdma_tx_csr_burst_adapter|altera_merlin_burst_adapter_13_1.burst_adapter|the_min|dc_sub
qsys_top_0|mm_interconnect_0|intel_niosv_g_0_dm_agent_burst_adapter|altera_merlin_burst_adapter_13_1.burst_adapter|the_min|dc_sub
qsys_top_0|mm_interconnect_0|sys_tse_msgdma_rx_prefetcher_csr_burst_adapter|altera_merlin_burst_adapter_13_1.burst_adapter|the_min|dc_sub
qsys_top_0|mm_interconnect_0|sys_tse_msgdma_tx_prefetcher_csr_burst_adapter|altera_merlin_burst_adapter_13_1.burst_adapter|the_min|dc_sub
qsys_top_0|mm_interconnect_0|sys_cpu_ram_s1_burst_adapter|altera_merlin_burst_adapter_13_1.burst_adapter|the_min|dc_sub
qsys_top_0|mm_interconnect_0|sys_desc_mem_s1_burst_adapter|altera_merlin_burst_adapter_13_1.burst_adapter|the_min|dc_sub
qsys_top_0|mm_interconnect_0|sys_led_pio_s1_burst_adapter|altera_merlin_burst_adapter_13_1.burst_adapter|the_min|dc_sub
qsys_top_0|mm_interconnect_0|intel_niosv_g_0_timer_sw_agent_burst_adapter|altera_merlin_burst_adapter_13_1.burst_adapter|the_min|dc_sub



+---------------------------------------------------------------------------------------------------------------------------------------------------------------------------------------+
; Parameter Settings for User Entity altsyncram_2 Instance: qsys_top_0|sys_tse_msgdma_tx|sys_tse_msgdma_tx|dispatcher_internal|the_descriptor_buffers|the_write_command_FIFO|the_dp_ram ;
+------------------------------------+----------------------+---------------------------------------------------------------------------------------------------------------------------+
; Parameter Name                     ; Value                ; Type                                                                                                                      ;
+------------------------------------+----------------------+---------------------------------------------------------------------------------------------------------------------------+
; ADDRESS_ACLR_A                     ; NONE                 ; Untyped                                                                                                                   ;
; ADDRESS_ACLR_B                     ; NONE                 ; Untyped                                                                                                                   ;
; ADDRESS_REG_B                      ; CLOCK0               ; String                                                                                                                    ;
; AUTO_CARRY_CHAINS                  ; ON                   ; Untyped                                                                                                                   ;
; AUTO_CASCADE_CHAINS                ; ON                   ; Untyped                                                                                                                   ;
; BYTEENA_ACLR_A                     ; NONE                 ; Untyped                                                                                                                   ;
; BYTEENA_ACLR_B                     ; NONE                 ; Untyped                                                                                                                   ;
; BYTEENA_REG_B                      ; CLOCK1               ; Untyped                                                                                                                   ;
; BYTE_SIZE                          ; 8                    ; Signed Integer                                                                                                            ;
; BYTE_SIZE_BLOCK                    ; 8                    ; Untyped                                                                                                                   ;
; CBXI_PARAMETER                     ; altsyncram_5heg1     ; Untyped                                                                                                                   ;
; CLOCK_ENABLE_CORE_A                ; USE_INPUT_CLKEN      ; Untyped                                                                                                                   ;
; CLOCK_ENABLE_CORE_B                ; USE_INPUT_CLKEN      ; Untyped                                                                                                                   ;
; CLOCK_ENABLE_INPUT_A               ; NORMAL               ; Untyped                                                                                                                   ;
; CLOCK_ENABLE_INPUT_B               ; NORMAL               ; Untyped                                                                                                                   ;
; CLOCK_ENABLE_OUTPUT_A              ; NORMAL               ; Untyped                                                                                                                   ;
; CLOCK_ENABLE_OUTPUT_B              ; NORMAL               ; Untyped                                                                                                                   ;
; ECC_PIPELINE_STAGE_ENABLED         ; FALSE                ; Untyped                                                                                                                   ;
; ENABLE_ECC                         ; FALSE                ; Untyped                                                                                                                   ;
; IGNORE_CARRY_BUFFERS               ; OFF                  ; Untyped                                                                                                                   ;
; IGNORE_CASCADE_BUFFERS             ; OFF                  ; Untyped                                                                                                                   ;
; INDATA_ACLR_A                      ; NONE                 ; Untyped                                                                                                                   ;
; INDATA_ACLR_B                      ; NONE                 ; Untyped                                                                                                                   ;
; INDATA_REG_B                       ; CLOCK1               ; Untyped                                                                                                                   ;
; INIT_FILE                          ; UNUSED               ; Untyped                                                                                                                   ;
; INIT_FILE_LAYOUT                   ; PORT_A               ; Untyped                                                                                                                   ;
; MAXIMUM_DEPTH                      ; 0                    ; Untyped                                                                                                                   ;
; NUMWORDS_A                         ; 128                  ; Signed Integer                                                                                                            ;
; NUMWORDS_B                         ; 128                  ; Signed Integer                                                                                                            ;
; OPERATION_MODE                     ; DUAL_PORT            ; String                                                                                                                    ;
; OUTDATA_ACLR_A                     ; NONE                 ; Untyped                                                                                                                   ;
; OUTDATA_ACLR_B                     ; NONE                 ; Untyped                                                                                                                   ;
; OUTDATA_REG_A                      ; UNREGISTERED         ; Untyped                                                                                                                   ;
; OUTDATA_REG_B                      ; CLOCK0               ; String                                                                                                                    ;
; RAM_BLOCK_TYPE                     ; AUTO                 ; Untyped                                                                                                                   ;
; RDCONTROL_ACLR_B                   ; NONE                 ; Untyped                                                                                                                   ;
; RDCONTROL_REG_B                    ; CLOCK1               ; Untyped                                                                                                                   ;
; READ_DURING_WRITE_MODE_MIXED_PORTS ; DONT_CARE            ; String                                                                                                                    ;
; READ_DURING_WRITE_MODE_PORT_A      ; NEW_DATA_NO_NBE_READ ; Untyped                                                                                                                   ;
; READ_DURING_WRITE_MODE_PORT_B      ; NEW_DATA_NO_NBE_READ ; Untyped                                                                                                                   ;
; WIDTHAD_A                          ; 7                    ; Signed Integer                                                                                                            ;
; WIDTHAD_B                          ; 7                    ; Signed Integer                                                                                                            ;
; WIDTH_A                            ; 128                  ; Signed Integer                                                                                                            ;
; WIDTH_B                            ; 128                  ; Signed Integer                                                                                                            ;
; WIDTH_BYTEENA                      ; 1                    ; Untyped                                                                                                                   ;
; WIDTH_BYTEENA_A                    ; 16                   ; Signed Integer                                                                                                            ;
; WIDTH_BYTEENA_B                    ; 1                    ; Untyped                                                                                                                   ;
; WIDTH_ECCSTATUS                    ; 3                    ; Untyped                                                                                                                   ;
; WRCONTROL_ACLR_A                   ; NONE                 ; Untyped                                                                                                                   ;
; WRCONTROL_ACLR_B                   ; NONE                 ; Untyped                                                                                                                   ;
; WRCONTROL_WRADDRESS_REG_B          ; CLOCK1               ; Untyped                                                                                                                   ;
; lpm_type                           ; altsyncram           ; String                                                                                                                    ;
; power_up_uninitialized             ; TRUE                 ; String                                                                                                                    ;
+------------------------------------+----------------------+---------------------------------------------------------------------------------------------------------------------------+
All Instances:
qsys_top_0|sys_tse_msgdma_rx|msgdma_1|dispatcher_internal|the_descriptor_buffers|the_read_command_FIFO|the_dp_ram
qsys_top_0|sys_tse_msgdma_rx|msgdma_1|dispatcher_internal|the_descriptor_buffers|the_write_command_FIFO|the_dp_ram
qsys_top_0|sys_tse_msgdma_tx|sys_tse_msgdma_tx|dispatcher_internal|the_descriptor_buffers|the_read_command_FIFO|the_dp_ram
qsys_top_0|sys_tse_msgdma_tx|sys_tse_msgdma_tx|dispatcher_internal|the_descriptor_buffers|the_write_command_FIFO|the_dp_ram



+---------------------------------------------------------------------------------------------------------------------------------------------------------------------------------------------------------------------------------+
; Parameter Settings for User Entity altera_merlin_burst_adapter_adder Instance: qsys_top_0|mm_interconnect_0|intel_niosv_g_0_timer_sw_agent_burst_adapter|altera_merlin_burst_adapter_13_1.burst_adapter|the_min|dc_sub|subtract ;
+----------------+-------+--------------------------------------------------------------------------------------------------------------------------------------------------------------------------------------------------------+
; Parameter Name ; Value ; Type                                                                                                                                                                                                   ;
+----------------+-------+--------------------------------------------------------------------------------------------------------------------------------------------------------------------------------------------------------+
; WIDTH          ; 12    ; Signed Integer                                                                                                                                                                                         ;
+----------------+-------+--------------------------------------------------------------------------------------------------------------------------------------------------------------------------------------------------------+
All Instances:
qsys_top_0|mm_interconnect_0|sys_jtag_uart_avalon_jtag_slave_burst_adapter|altera_merlin_burst_adapter_13_1.burst_adapter|the_min|db_sub|subtract
qsys_top_0|mm_interconnect_0|sys_tse_control_port_burst_adapter|altera_merlin_burst_adapter_13_1.burst_adapter|the_min|db_sub|subtract
qsys_top_0|mm_interconnect_0|sys_sysid_control_slave_burst_adapter|altera_merlin_burst_adapter_13_1.burst_adapter|the_min|db_sub|subtract
qsys_top_0|mm_interconnect_0|sys_tse_msgdma_rx_csr_burst_adapter|altera_merlin_burst_adapter_13_1.burst_adapter|the_min|db_sub|subtract
qsys_top_0|mm_interconnect_0|sys_tse_msgdma_tx_csr_burst_adapter|altera_merlin_burst_adapter_13_1.burst_adapter|the_min|db_sub|subtract
qsys_top_0|mm_interconnect_0|intel_niosv_g_0_dm_agent_burst_adapter|altera_merlin_burst_adapter_13_1.burst_adapter|the_min|db_sub|subtract
qsys_top_0|mm_interconnect_0|sys_tse_msgdma_rx_prefetcher_csr_burst_adapter|altera_merlin_burst_adapter_13_1.burst_adapter|the_min|db_sub|subtract
qsys_top_0|mm_interconnect_0|sys_tse_msgdma_tx_prefetcher_csr_burst_adapter|altera_merlin_burst_adapter_13_1.burst_adapter|the_min|db_sub|subtract
qsys_top_0|mm_interconnect_0|sys_cpu_ram_s1_burst_adapter|altera_merlin_burst_adapter_13_1.burst_adapter|the_min|db_sub|subtract
qsys_top_0|mm_interconnect_0|sys_desc_mem_s1_burst_adapter|altera_merlin_burst_adapter_13_1.burst_adapter|the_min|db_sub|subtract
qsys_top_0|mm_interconnect_0|sys_led_pio_s1_burst_adapter|altera_merlin_burst_adapter_13_1.burst_adapter|the_min|db_sub|subtract
qsys_top_0|mm_interconnect_0|intel_niosv_g_0_timer_sw_agent_burst_adapter|altera_merlin_burst_adapter_13_1.burst_adapter|the_min|db_sub|subtract
qsys_top_0|mm_interconnect_0|sys_jtag_uart_avalon_jtag_slave_burst_adapter|altera_merlin_burst_adapter_13_1.burst_adapter|the_min|da_sub|subtract
qsys_top_0|mm_interconnect_0|sys_tse_control_port_burst_adapter|altera_merlin_burst_adapter_13_1.burst_adapter|the_min|da_sub|subtract
qsys_top_0|mm_interconnect_0|sys_sysid_control_slave_burst_adapter|altera_merlin_burst_adapter_13_1.burst_adapter|the_min|da_sub|subtract
qsys_top_0|mm_interconnect_0|sys_tse_msgdma_rx_csr_burst_adapter|altera_merlin_burst_adapter_13_1.burst_adapter|the_min|da_sub|subtract
qsys_top_0|mm_interconnect_0|sys_tse_msgdma_tx_csr_burst_adapter|altera_merlin_burst_adapter_13_1.burst_adapter|the_min|da_sub|subtract
qsys_top_0|mm_interconnect_0|intel_niosv_g_0_dm_agent_burst_adapter|altera_merlin_burst_adapter_13_1.burst_adapter|the_min|da_sub|subtract
qsys_top_0|mm_interconnect_0|sys_tse_msgdma_rx_prefetcher_csr_burst_adapter|altera_merlin_burst_adapter_13_1.burst_adapter|the_min|da_sub|subtract
qsys_top_0|mm_interconnect_0|sys_tse_msgdma_tx_prefetcher_csr_burst_adapter|altera_merlin_burst_adapter_13_1.burst_adapter|the_min|da_sub|subtract
qsys_top_0|mm_interconnect_0|sys_cpu_ram_s1_burst_adapter|altera_merlin_burst_adapter_13_1.burst_adapter|the_min|da_sub|subtract
qsys_top_0|mm_interconnect_0|sys_desc_mem_s1_burst_adapter|altera_merlin_burst_adapter_13_1.burst_adapter|the_min|da_sub|subtract
qsys_top_0|mm_interconnect_0|sys_led_pio_s1_burst_adapter|altera_merlin_burst_adapter_13_1.burst_adapter|the_min|da_sub|subtract
qsys_top_0|mm_interconnect_0|intel_niosv_g_0_timer_sw_agent_burst_adapter|altera_merlin_burst_adapter_13_1.burst_adapter|the_min|da_sub|subtract
qsys_top_0|mm_interconnect_0|sys_jtag_uart_avalon_jtag_slave_burst_adapter|altera_merlin_burst_adapter_13_1.burst_adapter|the_min|bc_sub|subtract
qsys_top_0|mm_interconnect_0|sys_tse_control_port_burst_adapter|altera_merlin_burst_adapter_13_1.burst_adapter|the_min|bc_sub|subtract
qsys_top_0|mm_interconnect_0|sys_sysid_control_slave_burst_adapter|altera_merlin_burst_adapter_13_1.burst_adapter|the_min|bc_sub|subtract
qsys_top_0|mm_interconnect_0|sys_tse_msgdma_rx_csr_burst_adapter|altera_merlin_burst_adapter_13_1.burst_adapter|the_min|bc_sub|subtract
qsys_top_0|mm_interconnect_0|sys_tse_msgdma_tx_csr_burst_adapter|altera_merlin_burst_adapter_13_1.burst_adapter|the_min|bc_sub|subtract
qsys_top_0|mm_interconnect_0|intel_niosv_g_0_dm_agent_burst_adapter|altera_merlin_burst_adapter_13_1.burst_adapter|the_min|bc_sub|subtract
qsys_top_0|mm_interconnect_0|sys_tse_msgdma_rx_prefetcher_csr_burst_adapter|altera_merlin_burst_adapter_13_1.burst_adapter|the_min|bc_sub|subtract
qsys_top_0|mm_interconnect_0|sys_tse_msgdma_tx_prefetcher_csr_burst_adapter|altera_merlin_burst_adapter_13_1.burst_adapter|the_min|bc_sub|subtract
qsys_top_0|mm_interconnect_0|sys_cpu_ram_s1_burst_adapter|altera_merlin_burst_adapter_13_1.burst_adapter|the_min|bc_sub|subtract
qsys_top_0|mm_interconnect_0|sys_desc_mem_s1_burst_adapter|altera_merlin_burst_adapter_13_1.burst_adapter|the_min|bc_sub|subtract
qsys_top_0|mm_interconnect_0|sys_led_pio_s1_burst_adapter|altera_merlin_burst_adapter_13_1.burst_adapter|the_min|bc_sub|subtract
qsys_top_0|mm_interconnect_0|intel_niosv_g_0_timer_sw_agent_burst_adapter|altera_merlin_burst_adapter_13_1.burst_adapter|the_min|bc_sub|subtract
qsys_top_0|mm_interconnect_0|sys_jtag_uart_avalon_jtag_slave_burst_adapter|altera_merlin_burst_adapter_13_1.burst_adapter|the_min|ac_sub|subtract
qsys_top_0|mm_interconnect_0|sys_tse_control_port_burst_adapter|altera_merlin_burst_adapter_13_1.burst_adapter|the_min|ac_sub|subtract
qsys_top_0|mm_interconnect_0|sys_sysid_control_slave_burst_adapter|altera_merlin_burst_adapter_13_1.burst_adapter|the_min|ac_sub|subtract
qsys_top_0|mm_interconnect_0|sys_tse_msgdma_rx_csr_burst_adapter|altera_merlin_burst_adapter_13_1.burst_adapter|the_min|ac_sub|subtract
qsys_top_0|mm_interconnect_0|sys_tse_msgdma_tx_csr_burst_adapter|altera_merlin_burst_adapter_13_1.burst_adapter|the_min|ac_sub|subtract
qsys_top_0|mm_interconnect_0|intel_niosv_g_0_dm_agent_burst_adapter|altera_merlin_burst_adapter_13_1.burst_adapter|the_min|ac_sub|subtract
qsys_top_0|mm_interconnect_0|sys_tse_msgdma_rx_prefetcher_csr_burst_adapter|altera_merlin_burst_adapter_13_1.burst_adapter|the_min|ac_sub|subtract
qsys_top_0|mm_interconnect_0|sys_tse_msgdma_tx_prefetcher_csr_burst_adapter|altera_merlin_burst_adapter_13_1.burst_adapter|the_min|ac_sub|subtract
qsys_top_0|mm_interconnect_0|sys_cpu_ram_s1_burst_adapter|altera_merlin_burst_adapter_13_1.burst_adapter|the_min|ac_sub|subtract
qsys_top_0|mm_interconnect_0|sys_desc_mem_s1_burst_adapter|altera_merlin_burst_adapter_13_1.burst_adapter|the_min|ac_sub|subtract
qsys_top_0|mm_interconnect_0|sys_led_pio_s1_burst_adapter|altera_merlin_burst_adapter_13_1.burst_adapter|the_min|ac_sub|subtract
qsys_top_0|mm_interconnect_0|intel_niosv_g_0_timer_sw_agent_burst_adapter|altera_merlin_burst_adapter_13_1.burst_adapter|the_min|ac_sub|subtract
qsys_top_0|mm_interconnect_0|sys_jtag_uart_avalon_jtag_slave_burst_adapter|altera_merlin_burst_adapter_13_1.burst_adapter|the_min|ab_sub|subtract
qsys_top_0|mm_interconnect_0|sys_tse_control_port_burst_adapter|altera_merlin_burst_adapter_13_1.burst_adapter|the_min|ab_sub|subtract
qsys_top_0|mm_interconnect_0|sys_sysid_control_slave_burst_adapter|altera_merlin_burst_adapter_13_1.burst_adapter|the_min|ab_sub|subtract
qsys_top_0|mm_interconnect_0|sys_tse_msgdma_rx_csr_burst_adapter|altera_merlin_burst_adapter_13_1.burst_adapter|the_min|ab_sub|subtract
qsys_top_0|mm_interconnect_0|sys_tse_msgdma_tx_csr_burst_adapter|altera_merlin_burst_adapter_13_1.burst_adapter|the_min|ab_sub|subtract
qsys_top_0|mm_interconnect_0|intel_niosv_g_0_dm_agent_burst_adapter|altera_merlin_burst_adapter_13_1.burst_adapter|the_min|ab_sub|subtract
qsys_top_0|mm_interconnect_0|sys_tse_msgdma_rx_prefetcher_csr_burst_adapter|altera_merlin_burst_adapter_13_1.burst_adapter|the_min|ab_sub|subtract
qsys_top_0|mm_interconnect_0|sys_tse_msgdma_tx_prefetcher_csr_burst_adapter|altera_merlin_burst_adapter_13_1.burst_adapter|the_min|ab_sub|subtract
qsys_top_0|mm_interconnect_0|sys_cpu_ram_s1_burst_adapter|altera_merlin_burst_adapter_13_1.burst_adapter|the_min|ab_sub|subtract
qsys_top_0|mm_interconnect_0|sys_desc_mem_s1_burst_adapter|altera_merlin_burst_adapter_13_1.burst_adapter|the_min|ab_sub|subtract
qsys_top_0|mm_interconnect_0|sys_led_pio_s1_burst_adapter|altera_merlin_burst_adapter_13_1.burst_adapter|the_min|ab_sub|subtract
qsys_top_0|mm_interconnect_0|intel_niosv_g_0_timer_sw_agent_burst_adapter|altera_merlin_burst_adapter_13_1.burst_adapter|the_min|ab_sub|subtract
qsys_top_0|mm_interconnect_0|sys_jtag_uart_avalon_jtag_slave_burst_adapter|altera_merlin_burst_adapter_13_1.burst_adapter|the_min|dc_sub|subtract
qsys_top_0|mm_interconnect_0|sys_tse_control_port_burst_adapter|altera_merlin_burst_adapter_13_1.burst_adapter|the_min|dc_sub|subtract
qsys_top_0|mm_interconnect_0|sys_sysid_control_slave_burst_adapter|altera_merlin_burst_adapter_13_1.burst_adapter|the_min|dc_sub|subtract
qsys_top_0|mm_interconnect_0|sys_tse_msgdma_rx_csr_burst_adapter|altera_merlin_burst_adapter_13_1.burst_adapter|the_min|dc_sub|subtract
qsys_top_0|mm_interconnect_0|sys_tse_msgdma_tx_csr_burst_adapter|altera_merlin_burst_adapter_13_1.burst_adapter|the_min|dc_sub|subtract
qsys_top_0|mm_interconnect_0|intel_niosv_g_0_dm_agent_burst_adapter|altera_merlin_burst_adapter_13_1.burst_adapter|the_min|dc_sub|subtract
qsys_top_0|mm_interconnect_0|sys_tse_msgdma_rx_prefetcher_csr_burst_adapter|altera_merlin_burst_adapter_13_1.burst_adapter|the_min|dc_sub|subtract
qsys_top_0|mm_interconnect_0|sys_tse_msgdma_tx_prefetcher_csr_burst_adapter|altera_merlin_burst_adapter_13_1.burst_adapter|the_min|dc_sub|subtract
qsys_top_0|mm_interconnect_0|sys_cpu_ram_s1_burst_adapter|altera_merlin_burst_adapter_13_1.burst_adapter|the_min|dc_sub|subtract
qsys_top_0|mm_interconnect_0|sys_desc_mem_s1_burst_adapter|altera_merlin_burst_adapter_13_1.burst_adapter|the_min|dc_sub|subtract
qsys_top_0|mm_interconnect_0|sys_led_pio_s1_burst_adapter|altera_merlin_burst_adapter_13_1.burst_adapter|the_min|dc_sub|subtract
qsys_top_0|mm_interconnect_0|intel_niosv_g_0_timer_sw_agent_burst_adapter|altera_merlin_burst_adapter_13_1.burst_adapter|the_min|dc_sub|subtract



+-----------------------------------------------------------------------------------------------------------------------------------------------------------------------------------------------------------------------------------+
; System Level Debug Agent Report                                                                                                                                                                                                   ;
+--------------------------------------------------------------------------------------------------------------------------------------------------------------------------------+----------------+-----------+---------------------+
; Agent Hierarchy Path                                                                                                                                                           ; Instance Index ; Host Name ; Host Hierarchy Path ;
+--------------------------------------------------------------------------------------------------------------------------------------------------------------------------------+----------------+-----------+---------------------+
; issp_rst|in_system_sources_probes_0|issp_impl|jtag_signal_adapter|sld_jtag_endpoint_adapter_impl_inst|sld_agent_ep_inst|ep                                                     ; 0              ; JTAG      ;                     ;
; qsys_top_0|intel_niosv_g_0|intel_niosv_g_0|dbg_mod|dtm_inst|vjtag_inst|sld_virtual_jtag_impl_inst|jtag_signal_adapter|sld_jtag_endpoint_adapter_impl_inst|sld_agent_ep_inst|ep ; 0              ; JTAG      ;                     ;
; qsys_top_0|sys_jtag_uart|sys_jtag_uart|altera_avalon_jtag_uart_alt_jtag_atlantic|inst|sld_jtag_endpoint_adapter_impl_inst|sld_agent_ep_inst|ep                                 ; 0              ; JTAG      ;                     ;
; issp_rst|in_system_sources_probes_0|issp_impl|conf_reset_ep|config_reset_release_ep_inst|ep                                                                                    ;                ;           ;                     ;
; reset_release_0|s10_user_rst_clkgate_0|config_reset_release_endpoint|ep                                                                                                        ;                ;           ;                     ;
+--------------------------------------------------------------------------------------------------------------------------------------------------------------------------------+----------------+-----------+---------------------+


+--------------------------------------------------------------------------------------------------------------------------------------------------------------------------------------------------------------------------------------+
; Assignments with Invalid Source or Target                                                                                                                                                                                            ;
+-------------------+-------------------------+--------+--------+--------------+---------+--------------+------------------------------------------------------------------------------------------------------------------------------+
; Assignment Name   ; Sample Assignment Value ; Entity ; Source ; Source Valid ; Target  ; Target Valid ; Location                                                                                                                     ;
+-------------------+-------------------------+--------+--------+--------------+---------+--------------+------------------------------------------------------------------------------------------------------------------------------+
; PARTITION_COLOUR  ; -4989697                ; top    ;        ;              ; top     ; No           ; /nfs/site/disks/swuser_work_knithink/25.3/git/release/agilex5e-nios-ed/niosv_g/niosv_g_webserver_ping/sources/hw/top.qsf:69  ;
; INPUT_DELAY_CHAIN ; 45                      ; top    ;        ;              ; rx_ctrl ; No           ; /nfs/site/disks/swuser_work_knithink/25.3/git/release/agilex5e-nios-ed/niosv_g/niosv_g_webserver_ping/sources/hw/top.qsf:100 ;
+-------------------+-------------------------+--------+--------+--------------+---------+--------------+------------------------------------------------------------------------------------------------------------------------------+
Sources or targets that are created in Fitter might appear here, safely ignore those. Refer to Fitter's Ignored Assignments Report for a more accurate list.


Top root causes of logic optimization that have been identified during sweep. For more details and filtering options, ensure that you have compiled with the "Enable RTL Analysis Debug Mode " setting turned on under Assignments->Settings->Compiler Settings, then go to the " Root Causes Tab " in the " Sweep Hints Viewer " tool in the " RTL Analyzer ".
+----------------------------------------------------------------------------------------------------------------------------------------------------------------------------------------------------------------+
; Top Causes of Logic Optimized Away During Sweep                                                                                                                                                                ;
+-------------------------------------------------------------------------------------------------------------------------------------------------------+------------------+---------------+---------------------+
; Root Object Path                                                                                                                                      ; Root Object Type ; Root Reason   ; Swept Objects Count ;
+-------------------------------------------------------------------------------------------------------------------------------------------------------+------------------+---------------+---------------------+
; qsys_top_0|mm_interconnect_0|intel_niosv_g_0_data_manager_agent|write_rp_data[67]                                                                     ; INPUT_PORT       ; has no fanout ; 1321                ;
; qsys_top_0|mm_interconnect_0|intel_niosv_g_0_data_manager_agent|read_rp_data[67]                                                                      ; INPUT_PORT       ; has no fanout ; 1321                ;
; qsys_top_0|mm_interconnect_0|intel_niosv_g_0_data_manager_agent|write_cp_data[72]                                                                     ; OUTPUT_PORT      ; stuck at 0    ; 465                 ;
; qsys_top_0|mm_interconnect_0|router|the_default_decode|default_src_channel[2]                                                                         ; OUTPUT_PORT      ; stuck at 0    ; 359                 ;
; qsys_top_0|mm_interconnect_0|sys_tse_msgdma_rx_descriptor_read_master_agent|rp_data[67]                                                               ; INPUT_PORT       ; has no fanout ; 221                 ;
; qsys_top_0|mm_interconnect_0|sys_jtag_uart_avalon_jtag_slave_burst_adapter|altera_merlin_burst_adapter_13_1.burst_adapter|the_min|db_sub|subtract|cin ; INPUT_INST_PORT  ; stuck at 1    ; 209                 ;
; qsys_top_0|mm_interconnect_0|sys_tse_control_port_burst_adapter|altera_merlin_burst_adapter_13_1.burst_adapter|the_min|db_sub|subtract|cin            ; INPUT_INST_PORT  ; stuck at 1    ; 209                 ;
; qsys_top_0|mm_interconnect_0|sys_sysid_control_slave_burst_adapter|altera_merlin_burst_adapter_13_1.burst_adapter|the_min|db_sub|subtract|cin         ; INPUT_INST_PORT  ; stuck at 1    ; 209                 ;
; qsys_top_0|mm_interconnect_0|sys_tse_msgdma_rx_csr_burst_adapter|altera_merlin_burst_adapter_13_1.burst_adapter|the_min|db_sub|subtract|cin           ; INPUT_INST_PORT  ; stuck at 1    ; 209                 ;
; qsys_top_0|mm_interconnect_0|sys_tse_msgdma_tx_csr_burst_adapter|altera_merlin_burst_adapter_13_1.burst_adapter|the_min|db_sub|subtract|cin           ; INPUT_INST_PORT  ; stuck at 1    ; 209                 ;
+-------------------------------------------------------------------------------------------------------------------------------------------------------+------------------+---------------+---------------------+
Table limited at 10 items. To change the number of top root causes reported, set the "Number of Top Root Causes Reported in Synthesis Report " option under Assignments->Settings->Compiler Settings->Advanced Settings (Synthesis)


+---------------------------------+
; Analysis & Elaboration Messages ;
+---------------------------------+
Info: *******************************************************************
Info: Running Quartus Prime Synthesis
    Info: Version 25.3.0 Build 109 09/24/2025 SC Pro Edition
    Info: Copyright (C) 2025  Altera Corporation. All rights reserved.
    Info: Your use of Altera Corporation's design tools, logic functions 
    Info: and other software and tools, and any partner logic 
    Info: functions, and any output files from any of the foregoing 
    Info: (including device programming or simulation files), and any 
    Info: associated documentation or information are expressly subject 
    Info: to the terms and conditions of the Altera Program License 
    Info: Subscription Agreement, the Altera Quartus Prime License Agreement,
    Info: the Altera IP License Agreement, or other applicable license
    Info: agreement, including, without limitation, that your use is for
    Info: the sole purpose of programming logic devices manufactured by
    Info: Altera and sold by Altera or its authorized distributors.  Please
    Info: refer to the Altera Software License Subscription Agreements 
    Info: on the Quartus Prime software download page.
    Info: Processing started: Tue Oct 28 04:17:34 2025
    Info: System process ID: 51807
Info: Command: quartus_syn top.qpf
Info: Using INI file /nfs/site/home/knithink/.altera.quartus/quartus.ini
Info: qis_default_flow_script.tcl version: #2
Info: Initializing Synthesis...
Info: Project = "top"
Info: Revision = "top"
Info (21958): Initialized Quartus Message Database
Info: Analyzing source files
Info (18237): File "/nfs/site/disks/swuser_work_knithink/25.3/git/release/agilex5e-nios-ed/niosv_g/niosv_g_webserver_ping/sources/hw/ip/qsys_top/qsys_top_msgdma_1/modular_sgdma_dispatcher_1922/synth/dispatcher.v" is a duplicate of already analyzed file "/nfs/site/disks/swuser_work_knithink/25.3/git/release/agilex5e-nios-ed/niosv_g/niosv_g_webserver_ping/sources/hw/ip/qsys_top/qsys_top_msgdma_0/modular_sgdma_dispatcher_1922/synth/dispatcher.v" (same filename, same library name and same md5 digest). Skipping analysis of this file.
Info (18237): File "/nfs/site/disks/swuser_work_knithink/25.3/git/release/agilex5e-nios-ed/niosv_g/niosv_g_webserver_ping/sources/hw/ip/qsys_top/qsys_top_msgdma_1/modular_sgdma_dispatcher_1922/synth/descriptor_buffers.v" is a duplicate of already analyzed file "/nfs/site/disks/swuser_work_knithink/25.3/git/release/agilex5e-nios-ed/niosv_g/niosv_g_webserver_ping/sources/hw/ip/qsys_top/qsys_top_msgdma_0/modular_sgdma_dispatcher_1922/synth/descriptor_buffers.v" (same filename, same library name and same md5 digest). Skipping analysis of this file.
Info (18237): File "/nfs/site/disks/swuser_work_knithink/25.3/git/release/agilex5e-nios-ed/niosv_g/niosv_g_webserver_ping/sources/hw/ip/qsys_top/qsys_top_msgdma_1/modular_sgdma_dispatcher_1922/synth/csr_block.v" is a duplicate of already analyzed file "/nfs/site/disks/swuser_work_knithink/25.3/git/release/agilex5e-nios-ed/niosv_g/niosv_g_webserver_ping/sources/hw/ip/qsys_top/qsys_top_msgdma_0/modular_sgdma_dispatcher_1922/synth/csr_block.v" (same filename, same library name and same md5 digest). Skipping analysis of this file.
Info (18237): File "/nfs/site/disks/swuser_work_knithink/25.3/git/release/agilex5e-nios-ed/niosv_g/niosv_g_webserver_ping/sources/hw/ip/qsys_top/qsys_top_msgdma_1/modular_sgdma_dispatcher_1922/synth/response_block.v" is a duplicate of already analyzed file "/nfs/site/disks/swuser_work_knithink/25.3/git/release/agilex5e-nios-ed/niosv_g/niosv_g_webserver_ping/sources/hw/ip/qsys_top/qsys_top_msgdma_0/modular_sgdma_dispatcher_1922/synth/response_block.v" (same filename, same library name and same md5 digest). Skipping analysis of this file.
Info (18237): File "/nfs/site/disks/swuser_work_knithink/25.3/git/release/agilex5e-nios-ed/niosv_g/niosv_g_webserver_ping/sources/hw/ip/qsys_top/qsys_top_msgdma_1/modular_sgdma_dispatcher_1922/synth/fifo_with_byteenables.v" is a duplicate of already analyzed file "/nfs/site/disks/swuser_work_knithink/25.3/git/release/agilex5e-nios-ed/niosv_g/niosv_g_webserver_ping/sources/hw/ip/qsys_top/qsys_top_msgdma_0/modular_sgdma_dispatcher_1922/synth/fifo_with_byteenables.v" (same filename, same library name and same md5 digest). Skipping analysis of this file.
Info (18237): File "/nfs/site/disks/swuser_work_knithink/25.3/git/release/agilex5e-nios-ed/niosv_g/niosv_g_webserver_ping/sources/hw/ip/qsys_top/qsys_top_msgdma_1/modular_sgdma_dispatcher_1922/synth/read_signal_breakout.v" is a duplicate of already analyzed file "/nfs/site/disks/swuser_work_knithink/25.3/git/release/agilex5e-nios-ed/niosv_g/niosv_g_webserver_ping/sources/hw/ip/qsys_top/qsys_top_msgdma_0/modular_sgdma_dispatcher_1922/synth/read_signal_breakout.v" (same filename, same library name and same md5 digest). Skipping analysis of this file.
Info (18237): File "/nfs/site/disks/swuser_work_knithink/25.3/git/release/agilex5e-nios-ed/niosv_g/niosv_g_webserver_ping/sources/hw/ip/qsys_top/qsys_top_msgdma_1/modular_sgdma_dispatcher_1922/synth/write_signal_breakout.v" is a duplicate of already analyzed file "/nfs/site/disks/swuser_work_knithink/25.3/git/release/agilex5e-nios-ed/niosv_g/niosv_g_webserver_ping/sources/hw/ip/qsys_top/qsys_top_msgdma_0/modular_sgdma_dispatcher_1922/synth/write_signal_breakout.v" (same filename, same library name and same md5 digest). Skipping analysis of this file.
Info (18237): File "/nfs/site/disks/swuser_work_knithink/25.3/git/release/agilex5e-nios-ed/niosv_g/niosv_g_webserver_ping/sources/hw/ip/qsys_top/qsys_top_msgdma_1/altera_msgdma_prefetcher_1932/synth/altera_msgdma_prefetcher.v" is a duplicate of already analyzed file "/nfs/site/disks/swuser_work_knithink/25.3/git/release/agilex5e-nios-ed/niosv_g/niosv_g_webserver_ping/sources/hw/ip/qsys_top/qsys_top_msgdma_0/altera_msgdma_prefetcher_1932/synth/altera_msgdma_prefetcher.v" (same filename, same library name and same md5 digest). Skipping analysis of this file.
Info (18237): File "/nfs/site/disks/swuser_work_knithink/25.3/git/release/agilex5e-nios-ed/niosv_g/niosv_g_webserver_ping/sources/hw/ip/qsys_top/qsys_top_msgdma_1/altera_msgdma_prefetcher_1932/synth/altera_msgdma_prefetcher_read.v" is a duplicate of already analyzed file "/nfs/site/disks/swuser_work_knithink/25.3/git/release/agilex5e-nios-ed/niosv_g/niosv_g_webserver_ping/sources/hw/ip/qsys_top/qsys_top_msgdma_0/altera_msgdma_prefetcher_1932/synth/altera_msgdma_prefetcher_read.v" (same filename, same library name and same md5 digest). Skipping analysis of this file.
Info (18237): File "/nfs/site/disks/swuser_work_knithink/25.3/git/release/agilex5e-nios-ed/niosv_g/niosv_g_webserver_ping/sources/hw/ip/qsys_top/qsys_top_msgdma_1/altera_msgdma_prefetcher_1932/synth/altera_msgdma_prefetcher_write_back.v" is a duplicate of already analyzed file "/nfs/site/disks/swuser_work_knithink/25.3/git/release/agilex5e-nios-ed/niosv_g/niosv_g_webserver_ping/sources/hw/ip/qsys_top/qsys_top_msgdma_0/altera_msgdma_prefetcher_1932/synth/altera_msgdma_prefetcher_write_back.v" (same filename, same library name and same md5 digest). Skipping analysis of this file.
Info (18237): File "/nfs/site/disks/swuser_work_knithink/25.3/git/release/agilex5e-nios-ed/niosv_g/niosv_g_webserver_ping/sources/hw/ip/qsys_top/qsys_top_msgdma_1/altera_msgdma_prefetcher_1932/synth/altera_msgdma_prefetcher_fifo.v" is a duplicate of already analyzed file "/nfs/site/disks/swuser_work_knithink/25.3/git/release/agilex5e-nios-ed/niosv_g/niosv_g_webserver_ping/sources/hw/ip/qsys_top/qsys_top_msgdma_0/altera_msgdma_prefetcher_1932/synth/altera_msgdma_prefetcher_fifo.v" (same filename, same library name and same md5 digest). Skipping analysis of this file.
Info (18237): File "/nfs/site/disks/swuser_work_knithink/25.3/git/release/agilex5e-nios-ed/niosv_g/niosv_g_webserver_ping/sources/hw/ip/qsys_top/qsys_top_msgdma_1/altera_msgdma_prefetcher_1932/synth/altera_msgdma_prefetcher_interrrupt.v" is a duplicate of already analyzed file "/nfs/site/disks/swuser_work_knithink/25.3/git/release/agilex5e-nios-ed/niosv_g/niosv_g_webserver_ping/sources/hw/ip/qsys_top/qsys_top_msgdma_0/altera_msgdma_prefetcher_1932/synth/altera_msgdma_prefetcher_interrrupt.v" (same filename, same library name and same md5 digest). Skipping analysis of this file.
Info (18237): File "/nfs/site/disks/swuser_work_knithink/25.3/git/release/agilex5e-nios-ed/niosv_g/niosv_g_webserver_ping/sources/hw/ip/qsys_top/qsys_top_msgdma_1/altera_msgdma_prefetcher_1932/synth/altera_msgdma_prefetcher_csr.v" is a duplicate of already analyzed file "/nfs/site/disks/swuser_work_knithink/25.3/git/release/agilex5e-nios-ed/niosv_g/niosv_g_webserver_ping/sources/hw/ip/qsys_top/qsys_top_msgdma_0/altera_msgdma_prefetcher_1932/synth/altera_msgdma_prefetcher_csr.v" (same filename, same library name and same md5 digest). Skipping analysis of this file.
Info (18237): File "/nfs/site/disks/swuser_work_knithink/25.3/git/release/agilex5e-nios-ed/niosv_g/niosv_g_webserver_ping/sources/hw/ip/qsys_top/qsys_top_intel_niosv_g_0/altera_reset_controller_1924/synth/altera_reset_controller.v" is a duplicate of already analyzed file "/nfs/site/disks/swuser_work_knithink/25.3/git/release/agilex5e-nios-ed/niosv_g/niosv_g_webserver_ping/sources/hw/qsys_top/altera_reset_controller_1924/synth/altera_reset_controller.v" (same filename, same library name and same md5 digest). Skipping analysis of this file.
Info (18237): File "/nfs/site/disks/swuser_work_knithink/25.3/git/release/agilex5e-nios-ed/niosv_g/niosv_g_webserver_ping/sources/hw/ip/qsys_top/qsys_top_intel_niosv_g_0/altera_reset_controller_1924/synth/altera_reset_synchronizer.v" is a duplicate of already analyzed file "/nfs/site/disks/swuser_work_knithink/25.3/git/release/agilex5e-nios-ed/niosv_g/niosv_g_webserver_ping/sources/hw/qsys_top/altera_reset_controller_1924/synth/altera_reset_synchronizer.v" (same filename, same library name and same md5 digest). Skipping analysis of this file.
Info: Elaborating from top-level entity "top"
Info (18235): Library search order is as follows: "altera_iopll_2100; sys_pll; altera_merlin_axi_translator_1983; altera_merlin_master_translator_193; altera_merlin_slave_translator_191; altera_merlin_axi_master_ni_19113; altera_merlin_master_agent_1940; altera_merlin_slave_agent_1930; altera_avalon_sc_fifo_1932; altera_merlin_router_1921; altera_merlin_traffic_limiter_1921; altera_avalon_st_pipeline_stage_1930; altera_merlin_burst_adapter_1940; altera_merlin_demultiplexer_1921; altera_merlin_multiplexer_1922; altera_mm_interconnect_1920; altera_irq_mapper_2001; timing_adapter_1950; altera_avalon_st_adapter_1920; altera_reset_controller_1924; qsys_top; intel_onchip_memory_1410; qsys_top_intel_onchip_memory_0; qsys_top_intel_onchip_memory_1; altera_avalon_jtag_uart_1931; qsys_top_jtag_uart_0; altera_avalon_sysid_qsys_2000; qsys_top_sysid_qsys_0; qsys_top_clock_bridge_0; altera_s10_user_rst_clkgate_1949; reset_release; qsys_top_reset_bridge_0; intel_eth_tse_mac_1950; intel_eth_tse_1000; qsys_top_intel_eth_tse_0; modular_sgdma_dispatcher_1922; altera_msgdma_prefetcher_1932; dma_read_master_1921; altera_msgdma_1932; qsys_top_msgdma_0; altera_in_system_sources_probes_1921; issp; dma_write_master_1920; qsys_top_msgdma_1; intel_niosv_g_unit_400; intel_niosv_timer_msip_120; intel_niosv_dbg_mod_210; intel_niosv_g_400; qsys_top_intel_niosv_g_0; altera_avalon_pio_1924; qsys_top_pio_0". Quartus will look for undefined design units in your libraries in that order. To modify the ordering, please specify a semi-colon separated library list using the assignment LIBRARY_SEARCH_ORDER.
Info (19337): VHDL info at altera_agilex_config_reset_release_endpoint.vhd(122): executing entity "altera_agilex_config_reset_release_endpoint" with architecture "rtl" File: /p/psg/swip/releases6/acdskit/25.3/109/linux64/quartus/libraries/megafunctions/altera_agilex_config_reset_release_endpoint.vhd Line: 122
Info (19337): VHDL info at altera_fabric_endpoint.vhd(126): executing entity "altera_fabric_endpoint(send_width=0,receive_width=1,settings="{fabric agilex_config_reset_release dir agent psig 142e1a3c}")(1,60)" with architecture "rtl" File: /p/psg/swip/releases6/acdskit/25.3/109/linux64/quartus/libraries/megafunctions/altera_fabric_endpoint.vhd Line: 126
Info (19337): VHDL info at sld_jtag_endpoint_adapter.vhd(96): executing entity "sld_jtag_endpoint_adapter(sld_ir_width=4,sld_auto_instance_index="YES",sld_node_info_internal=4746752)(1,1)(1,3)" with architecture "rtl" File: /p/psg/swip/releases6/acdskit/25.3/109/linux64/quartus/libraries/megafunctions/sld_jtag_endpoint_adapter.vhd Line: 96
Info (19337): VHDL info at altera_sld_agent_endpoint.vhd(122): executing entity "altera_sld_agent_endpoint(mfr_code=110,type_code=9,ir_width=4)(1,1)(1,1)(1,1)" with architecture "rtl" File: /p/psg/swip/releases6/acdskit/25.3/109/linux64/quartus/libraries/megafunctions/altera_sld_agent_endpoint.vhd Line: 122
Info (19337): VHDL info at altera_fabric_endpoint.vhd(126): executing entity "altera_fabric_endpoint(send_width=6,receive_width=27,settings="{fabric sld dir agent mfr_code 110 type_code 9 version 0 instance -1 ir_width 4 bridge_agent 0 prefer_host { } type_name {0} instance_name {0} psig 9b67919e}")(1,157)" with architecture "rtl" File: /p/psg/swip/releases6/acdskit/25.3/109/linux64/quartus/libraries/megafunctions/altera_fabric_endpoint.vhd Line: 126
Info (19337): VHDL info at altera_debug_config_reset_release_endpoint.vhd(122): executing entity "altera_debug_config_reset_release_endpoint(1,1)(1,1)" with architecture "rtl" File: /p/psg/swip/releases6/acdskit/25.3/109/linux64/quartus/libraries/megafunctions/altera_debug_config_reset_release_endpoint.vhd Line: 122
Info (19337): VHDL info at altera_fabric_endpoint.vhd(126): executing entity "altera_fabric_endpoint(send_width=0,receive_width=1,settings="{fabric config_reset_release dir agent is_source 0 type_name {0} instance_name {0} psig b8c6ebcb}")(1,97)" with architecture "rtl" File: /p/psg/swip/releases6/acdskit/25.3/109/linux64/quartus/libraries/megafunctions/altera_fabric_endpoint.vhd Line: 126
Info (19337): VHDL info at altsource_probe_body.vhd(321): executing entity "altsource_probe_body(instance_id="NONE",probe_width=3,source_width=2)(1,4)(1,1)(1,2)(1,2)" with architecture "rtl" File: /p/psg/swip/releases6/acdskit/25.3/109/linux64/quartus/libraries/megafunctions/altsource_probe_body.vhd Line: 321
Info (19337): VHDL info at altsource_probe_body.vhd(612): executing entity "altsource_probe_impl(probe_width=3,source_width=2,instr_width=4,shift_width=3,source_initial_value="0",sync_source_clk="NO",enable_metastability="NO",instance_id="NONE")(1,1)(1,2)(1,2)(1,4)" with architecture "rtl" File: /p/psg/swip/releases6/acdskit/25.3/109/linux64/quartus/libraries/megafunctions/altsource_probe_body.vhd Line: 612
Info (19337): VHDL info at sld_rom_sr.vhd(5): executing entity "sld_rom_sr(n_bits=20)" with architecture "INFO_REG" File: /p/psg/swip/releases6/acdskit/25.3/109/linux64/quartus/libraries/megafunctions/sld_rom_sr.vhd Line: 5
Warning (24541): Verilog HDL warning at top.v(122): actual bit length 2 differs from formal bit length 3 for port "probe" File: /nfs/site/disks/swuser_work_knithink/25.3/git/release/agilex5e-nios-ed/niosv_g/niosv_g_webserver_ping/sources/hw/top.v Line: 122
Warning (13469): Verilog HDL assignment warning at niosv_g_core_qsys_top_intel_niosv_g_0_intel_niosv_g_unit_400_25ilc6y.sv(3117): truncated value with size 8 to match size of target (1) File: /nfs/site/disks/swuser_work_knithink/25.3/git/release/agilex5e-nios-ed/niosv_g/niosv_g_webserver_ping/sources/hw/ip/qsys_top/qsys_top_intel_niosv_g_0/intel_niosv_g_unit_400/synth/niosv_g_core_qsys_top_intel_niosv_g_0_intel_niosv_g_unit_400_25ilc6y.sv Line: 3117
Warning (13469): Verilog HDL assignment warning at niosv_g_core_qsys_top_intel_niosv_g_0_intel_niosv_g_unit_400_25ilc6y.sv(3121): truncated value with size 8 to match size of target (1) File: /nfs/site/disks/swuser_work_knithink/25.3/git/release/agilex5e-nios-ed/niosv_g/niosv_g_webserver_ping/sources/hw/ip/qsys_top/qsys_top_intel_niosv_g_0/intel_niosv_g_unit_400/synth/niosv_g_core_qsys_top_intel_niosv_g_0_intel_niosv_g_unit_400_25ilc6y.sv Line: 3121
Warning (13469): Verilog HDL assignment warning at niosv_g_alu.sv(134): truncated value with size 33 to match size of target (32) File: /nfs/site/disks/swuser_work_knithink/25.3/git/release/agilex5e-nios-ed/niosv_g/niosv_g_webserver_ping/sources/hw/ip/qsys_top/qsys_top_intel_niosv_g_0/intel_niosv_g_unit_400/synth/niosv_g_alu.sv Line: 134
Info (22567): Verilog HDL info at altera_avalon_sc_fifo.v(126): extracting RAM for identifier 'infer_mem' File: /nfs/site/disks/swuser_work_knithink/25.3/git/release/agilex5e-nios-ed/niosv_g/niosv_g_webserver_ping/sources/hw/ip/qsys_top/qsys_top_intel_niosv_g_0/intel_niosv_g_unit_400/synth/altera_avalon_sc_fifo.v Line: 126
Warning (16788): Net "raw_dtcm1_rd_data_a_gen[31]" does not have a driver at niosv_g_dcache.sv(224) File: /nfs/site/disks/swuser_work_knithink/25.3/git/release/agilex5e-nios-ed/niosv_g/niosv_g_webserver_ping/sources/hw/ip/qsys_top/qsys_top_intel_niosv_g_0/intel_niosv_g_unit_400/synth/niosv_g_dcache.sv Line: 224
Warning (16788): Net "C0_dtcm1_ram_rd_during_wr" does not have a driver at niosv_g_dcache.sv(232) File: /nfs/site/disks/swuser_work_knithink/25.3/git/release/agilex5e-nios-ed/niosv_g/niosv_g_webserver_ping/sources/hw/ip/qsys_top/qsys_top_intel_niosv_g_0/intel_niosv_g_unit_400/synth/niosv_g_dcache.sv Line: 232
Warning (16788): Net "raw_dtcm2_rd_data_a_gen[31]" does not have a driver at niosv_g_dcache.sv(238) File: /nfs/site/disks/swuser_work_knithink/25.3/git/release/agilex5e-nios-ed/niosv_g/niosv_g_webserver_ping/sources/hw/ip/qsys_top/qsys_top_intel_niosv_g_0/intel_niosv_g_unit_400/synth/niosv_g_dcache.sv Line: 238
Warning (16788): Net "C0_dtcm2_ram_rd_during_wr" does not have a driver at niosv_g_dcache.sv(246) File: /nfs/site/disks/swuser_work_knithink/25.3/git/release/agilex5e-nios-ed/niosv_g/niosv_g_webserver_ping/sources/hw/ip/qsys_top/qsys_top_intel_niosv_g_0/intel_niosv_g_unit_400/synth/niosv_g_dcache.sv Line: 246
Warning (24541): Verilog HDL warning at niosv_g_core_qsys_top_intel_niosv_g_0_intel_niosv_g_unit_400_25ilc6y.sv(3903): actual bit length 6 differs from formal bit length 32 for port "csr_expn_mtval2" File: /nfs/site/disks/swuser_work_knithink/25.3/git/release/agilex5e-nios-ed/niosv_g/niosv_g_webserver_ping/sources/hw/ip/qsys_top/qsys_top_intel_niosv_g_0/intel_niosv_g_unit_400/synth/niosv_g_core_qsys_top_intel_niosv_g_0_intel_niosv_g_unit_400_25ilc6y.sv Line: 3903
Warning (16788): Net "M1_fix_gpr_rd[4]" does not have a driver at niosv_g_core_qsys_top_intel_niosv_g_0_intel_niosv_g_unit_400_25ilc6y.sv(1019) File: /nfs/site/disks/swuser_work_knithink/25.3/git/release/agilex5e-nios-ed/niosv_g/niosv_g_webserver_ping/sources/hw/ip/qsys_top/qsys_top_intel_niosv_g_0/intel_niosv_g_unit_400/synth/niosv_g_core_qsys_top_intel_niosv_g_0_intel_niosv_g_unit_400_25ilc6y.sv Line: 1019
Warning (16788): Net "M1_fix_gpr_val[31]" does not have a driver at niosv_g_core_qsys_top_intel_niosv_g_0_intel_niosv_g_unit_400_25ilc6y.sv(1020) File: /nfs/site/disks/swuser_work_knithink/25.3/git/release/agilex5e-nios-ed/niosv_g/niosv_g_webserver_ping/sources/hw/ip/qsys_top/qsys_top_intel_niosv_g_0/intel_niosv_g_unit_400/synth/niosv_g_core_qsys_top_intel_niosv_g_0_intel_niosv_g_unit_400_25ilc6y.sv Line: 1020
Warning (16788): Net "I_itcm1_correctable_error" does not have a driver at niosv_g_core_qsys_top_intel_niosv_g_0_intel_niosv_g_unit_400_25ilc6y.sv(2702) File: /nfs/site/disks/swuser_work_knithink/25.3/git/release/agilex5e-nios-ed/niosv_g/niosv_g_webserver_ping/sources/hw/ip/qsys_top/qsys_top_intel_niosv_g_0/intel_niosv_g_unit_400/synth/niosv_g_core_qsys_top_intel_niosv_g_0_intel_niosv_g_unit_400_25ilc6y.sv Line: 2702
Info (19337): VHDL info at sld_jtag_endpoint_adapter.vhd(96): executing entity "sld_jtag_endpoint_adapter(sld_ir_width=5,sld_auto_instance_index="YES",sld_node_info_internal=144207360)(1,1)(1,3)" with architecture "rtl" File: /p/psg/swip/releases6/acdskit/25.3/109/linux64/quartus/libraries/megafunctions/sld_jtag_endpoint_adapter.vhd Line: 96
Info (19337): VHDL info at altera_sld_agent_endpoint.vhd(122): executing entity "altera_sld_agent_endpoint(mfr_code=110,type_code=19,version=1,ir_width=5)(1,1)(1,1)(1,1)" with architecture "rtl" File: /p/psg/swip/releases6/acdskit/25.3/109/linux64/quartus/libraries/megafunctions/altera_sld_agent_endpoint.vhd Line: 122
Info (19337): VHDL info at altera_fabric_endpoint.vhd(126): executing entity "altera_fabric_endpoint(send_width=7,receive_width=28,settings="{fabric sld dir agent mfr_code 110 type_code 19 version 1 instance -1 ir_width 5 bridge_agent 0 prefer_host { } type_name {0} instance_name {0} psig 9b67919e}")(1,158)" with architecture "rtl" File: /p/psg/swip/releases6/acdskit/25.3/109/linux64/quartus/libraries/megafunctions/altera_fabric_endpoint.vhd Line: 126
Info (22567): Verilog HDL info at niosv_debug_module.sv(141): extracting RAM for identifier 'nxt_prog_buf' File: /nfs/site/disks/swuser_work_knithink/25.3/git/release/agilex5e-nios-ed/niosv_g/niosv_g_webserver_ping/sources/hw/ip/qsys_top/qsys_top_intel_niosv_g_0/intel_niosv_dbg_mod_210/synth/niosv_debug_module.sv Line: 141
Info (22567): Verilog HDL info at niosv_debug_module.sv(142): extracting RAM for identifier 'prog_buf' File: /nfs/site/disks/swuser_work_knithink/25.3/git/release/agilex5e-nios-ed/niosv_g/niosv_g_webserver_ping/sources/hw/ip/qsys_top/qsys_top_intel_niosv_g_0/intel_niosv_dbg_mod_210/synth/niosv_debug_module.sv Line: 142
Info (22567): Verilog HDL info at niosv_debug_module.sv(144): extracting RAM for identifier 'nxt_data_reg' File: /nfs/site/disks/swuser_work_knithink/25.3/git/release/agilex5e-nios-ed/niosv_g/niosv_g_webserver_ping/sources/hw/ip/qsys_top/qsys_top_intel_niosv_g_0/intel_niosv_dbg_mod_210/synth/niosv_debug_module.sv Line: 144
Info (22567): Verilog HDL info at niosv_debug_module.sv(145): extracting RAM for identifier 'data_reg' File: /nfs/site/disks/swuser_work_knithink/25.3/git/release/agilex5e-nios-ed/niosv_g/niosv_g_webserver_ping/sources/hw/ip/qsys_top/qsys_top_intel_niosv_g_0/intel_niosv_dbg_mod_210/synth/niosv_debug_module.sv Line: 145
Info (19337): VHDL info at sld_jtag_endpoint_adapter.vhd(96): executing entity "sld_jtag_endpoint_adapter(sld_ir_width=1,sld_auto_instance_index="YES",sld_node_info_internal=201354752)(1,1)(1,3)" with architecture "rtl" File: /p/psg/swip/releases6/acdskit/25.3/109/linux64/quartus/libraries/megafunctions/sld_jtag_endpoint_adapter.vhd Line: 96
Info (19337): VHDL info at altera_sld_agent_endpoint.vhd(122): executing entity "altera_sld_agent_endpoint(mfr_code=110,type_code=128,version=1,ir_width=1)(1,1)(1,1)(1,1)" with architecture "rtl" File: /p/psg/swip/releases6/acdskit/25.3/109/linux64/quartus/libraries/megafunctions/altera_sld_agent_endpoint.vhd Line: 122
Info (19337): VHDL info at altera_fabric_endpoint.vhd(126): executing entity "altera_fabric_endpoint(send_width=3,receive_width=24,settings="{fabric sld dir agent mfr_code 110 type_code 128 version 1 instance -1 ir_width 1 bridge_agent 0 prefer_host { } type_name {0} instance_name {0} psig 9b67919e}")(1,159)" with architecture "rtl" File: /p/psg/swip/releases6/acdskit/25.3/109/linux64/quartus/libraries/megafunctions/altera_fabric_endpoint.vhd Line: 126
Info (22567): Verilog HDL info at qsys_top_altera_avalon_sc_fifo_1932_22gxxgi.v(127): extracting RAM for identifier 'infer_mem' File: /nfs/site/disks/swuser_work_knithink/25.3/git/release/agilex5e-nios-ed/niosv_g/niosv_g_webserver_ping/sources/hw/qsys_top/altera_avalon_sc_fifo_1932/synth/qsys_top_altera_avalon_sc_fifo_1932_22gxxgi.v Line: 127
Info (22567): Verilog HDL info at qsys_top_altera_avalon_sc_fifo_1932_22gxxgi.v(127): extracting RAM for identifier 'infer_mem' File: /nfs/site/disks/swuser_work_knithink/25.3/git/release/agilex5e-nios-ed/niosv_g/niosv_g_webserver_ping/sources/hw/qsys_top/altera_avalon_sc_fifo_1932/synth/qsys_top_altera_avalon_sc_fifo_1932_22gxxgi.v Line: 127
Info (22567): Verilog HDL info at qsys_top_altera_avalon_sc_fifo_1932_22gxxgi.v(127): extracting RAM for identifier 'infer_mem' File: /nfs/site/disks/swuser_work_knithink/25.3/git/release/agilex5e-nios-ed/niosv_g/niosv_g_webserver_ping/sources/hw/qsys_top/altera_avalon_sc_fifo_1932/synth/qsys_top_altera_avalon_sc_fifo_1932_22gxxgi.v Line: 127
Info (22567): Verilog HDL info at qsys_top_altera_avalon_sc_fifo_1932_22gxxgi.v(127): extracting RAM for identifier 'infer_mem' File: /nfs/site/disks/swuser_work_knithink/25.3/git/release/agilex5e-nios-ed/niosv_g/niosv_g_webserver_ping/sources/hw/qsys_top/altera_avalon_sc_fifo_1932/synth/qsys_top_altera_avalon_sc_fifo_1932_22gxxgi.v Line: 127
Info (22567): Verilog HDL info at qsys_top_timing_adapter_1950_4blnw3y_fifo.sv(87): extracting RAM for identifier 'mem' File: /nfs/site/disks/swuser_work_knithink/25.3/git/release/agilex5e-nios-ed/niosv_g/niosv_g_webserver_ping/sources/hw/qsys_top/timing_adapter_1950/synth/qsys_top_timing_adapter_1950_4blnw3y_fifo.sv Line: 87
Warning (16788): Net "set_10" does not have a driver at top.v(83) File: /nfs/site/disks/swuser_work_knithink/25.3/git/release/agilex5e-nios-ed/niosv_g/niosv_g_webserver_ping/sources/hw/top.v Line: 83
Info: Found 516 design entities
Warning (21610): Output port "redir_pc_update_req_o" in instance "qsys_top_0|intel_niosv_g_0|intel_niosv_g_0|hart|core_inst|gen_branch_prediction.new_pc_inst" of entity "niosv_g_new_pc" does not have a driver. Connecting to the default value "gnd". File: /nfs/site/disks/swuser_work_knithink/25.3/git/release/agilex5e-nios-ed/niosv_g/niosv_g_webserver_ping/sources/hw/ip/qsys_top/qsys_top_intel_niosv_g_0/intel_niosv_g_unit_400/synth/niosv_g_new_pc.sv Line: 74
Info: There are 1590 partitions after elaboration.
Info: Running rule checking for Agilex5 protocol IPs...
Info (11170): Starting IP generation for the debug fabric: alt_sld_fab_0.
Info (11172): ***************************************************************
Info (11172): Quartus is a registered trademark of Intel Corporation in the
Info (11172): US and other countries.  Portions of the Quartus Prime software
Info (11172): Code, and other portions of the code included in this download
Info (11172): Or on this DVD, are licensed to Intel Corporation and are the
Info (11172): Copyrighted property of third parties. For license details,
Info (11172): Refer to the End User License Agreement at
Info (11172): Http://fpgasoftware.intel.com/eula.
Info (11172): ***************************************************************
Info (11172): Add_instance splitter altera_sld_splitter
Info (11172): Set_instance_parameter_value splitter ADD_INTERFACE_ASGN 1
Info (11172): Send_message info {SLD fabric agents which did not specify prefer_host were connected to JTAG}
Info (11172): Add_instance jtagpins altera_jtag_wys_atom
Info (11172): Add_instance sldfabric altera_sld_jtag_hub
Info (11172): Set_instance_parameter_value sldfabric COUNT 3
Info (11172): Set_instance_parameter_value sldfabric SETTINGS {{mfr_code 110 type_code 9 version 0 instance 0 ir_width 4 bridge_agent 0 prefer_host {} type_name 0 instance_name 0} {mfr_code 110 type_code 19 version 1 instance 0 ir_width 5 bridge_agent 0 prefer_host {} type_name 0 instance_name 0} {mfr_code 110 type_code 128 version 1 instance 0 ir_width 1 bridge_agent 0 prefer_host {} type_name 0 instance_name 0} }
Info (11172): Set_instance_parameter_value sldfabric CONN_INDEX 0
Info (11172): Set_instance_parameter_value sldfabric ENABLE_SOFT_CORE_CONTROLLER 0
Info (11172): Set_instance_parameter_value sldfabric BRIDGE_HOST 0
Info (11172): Set_instance_parameter_value sldfabric USE_TCK_ENA 0
Info (11172): Set_instance_parameter_value sldfabric NEGEDGE_TDO_LATCH 0
Info (11172): Add_instance ident altera_connection_identification_hub
Info (11172): Set_instance_parameter_value ident DESIGN_HASH 97f0f117d0126dfdded7
Info (11172): Set_instance_parameter_value ident COUNT 1
Info (11172): Set_instance_parameter_value ident SETTINGS {{width 4 latency 0 type_name 0 instance_name 0} }
Info (11172): Add_instance configresetfabric intel_configuration_debug_reset_release_hub
Info (11172): Set_instance_parameter_value configresetfabric COUNT 2
Info (11172): Set_instance_parameter_value configresetfabric SETTINGS {{is_source 0 type_name 0 instance_name 0} {is_source 0 type_name 0 instance_name 0} }
Info (11172): Add_instance agilexconfigreset intel_agilex_reset_release_from_sdm
Info (11172): Set_instance_parameter_value agilexconfigreset SETTINGS {{type_name 0 instance_name 0} }
Info (11172): Set_instance_parameter_value agilexconfigreset COUNT 1
Info (11172): Set_instance_parameter_value splitter FRAGMENTS {{{name conf_reset type reset dir end ports { {conf_reset reset in 1 0} } properties { {synchronousEdges {None} } } } } {{name clock type clock dir end ports { {tck clk in 1 0} } } {name node type conduit dir end ports { {tms tms in 1 1} {tdi tdi in 1 2} {tdo tdo out 1 0} {ena ena in 1 3} {usr1 usr1 in 1 4} {clr clr in 1 5} {clrn clrn in 1 6} {jtag_state_tlr jtag_state_tlr in 1 7} {jtag_state_rti jtag_state_rti in 1 8} {jtag_state_sdrs jtag_state_sdrs in 1 9} {jtag_state_cdr jtag_state_cdr in 1 10} {jtag_state_sdr jtag_state_sdr in 1 11} {jtag_state_e1dr jtag_state_e1dr in 1 12} {jtag_state_pdr jtag_state_pdr in 1 13} {jtag_state_e2dr jtag_state_e2dr in 1 14} {jtag_state_udr jtag_state_udr in 1 15} {jtag_state_sirs jtag_state_sirs in 1 16} {jtag_state_cir jtag_state_cir in 1 17} {jtag_state_sir jtag_state_sir in 1 18} {jtag_state_e1ir jtag_state_e1ir in 1 19} {jtag_state_pir jtag_state_pir in 1 20} {jtag_state_e2ir jtag_state_e2ir in 1 21} {jtag_state_uir jtag_state_uir in 1 22} {ir_in ir_in in 4 23} {irq irq out 1 1} {ir_out ir_out out 4 2} } clock clock assign {debug.controlledBy {link_1} } moduleassign {debug.virtualInterface.link_1 {debug.endpointLink {fabric sld index 1} } } } } {{name conf_reset_out type reset dir end ports { {reset_out reset in 1 0} } properties { {synchronousEdges {None} } } } } {{name clock type clock dir end ports { {tck clk in 1 0} } } {name node type conduit dir end ports { {tms tms in 1 1} {tdi tdi in 1 2} {tdo tdo out 1 0} {ena ena in 1 3} {usr1 usr1 in 1 4} {clr clr in 1 5} {clrn clrn in 1 6} {jtag_state_tlr jtag_state_tlr in 1 7} {jtag_state_rti jtag_state_rti in 1 8} {jtag_state_sdrs jtag_state_sdrs in 1 9} {jtag_state_cdr jtag_state_cdr in 1 10} {jtag_state_sdr jtag_state_sdr in 1 11} {jtag_state_e1dr jtag_state_e1dr in 1 12} {jtag_state_pdr jtag_state_pdr in 1 13} {jtag_state_e2dr jtag_state_e2dr in 1 14} {jtag_state_udr jtag_state_udr in 1 15} {jtag_state_sirs jtag_state_sirs in 1 16} {jtag_state_cir jtag_state_cir in 1 17} {jtag_state_sir jtag_state_sir in 1 18} {jtag_state_e1ir jtag_state_e1ir in 1 19} {jtag_state_pir jtag_state_pir in 1 20} {jtag_state_e2ir jtag_state_e2ir in 1 21} {jtag_state_uir jtag_state_uir in 1 22} {ir_in ir_in in 5 23} {irq irq out 1 1} {ir_out ir_out out 5 2} } clock clock assign {debug.controlledBy {link_3} } moduleassign {debug.virtualInterface.link_3 {debug.endpointLink {fabric sld index 2} } } } } {{name clock type clock dir end ports { {tck clk in 1 0} } } {name node type conduit dir end ports { {tms tms in 1 1} {tdi tdi in 1 2} {tdo tdo out 1 0} {ena ena in 1 3} {usr1 usr1 in 1 4} {clr clr in 1 5} {clrn clrn in 1 6} {jtag_state_tlr jtag_state_tlr in 1 7} {jtag_state_rti jtag_state_rti in 1 8} {jtag_state_sdrs jtag_state_sdrs in 1 9} {jtag_state_cdr jtag_state_cdr in 1 10} {jtag_state_sdr jtag_state_sdr in 1 11} {jtag_state_e1dr jtag_state_e1dr in 1 12} {jtag_state_pdr jtag_state_pdr in 1 13} {jtag_state_e2dr jtag_state_e2dr in 1 14} {jtag_state_udr jtag_state_udr in 1 15} {jtag_state_sirs jtag_state_sirs in 1 16} {jtag_state_cir jtag_state_cir in 1 17} {jtag_state_sir jtag_state_sir in 1 18} {jtag_state_e1ir jtag_state_e1ir in 1 19} {jtag_state_pir jtag_state_pir in 1 20} {jtag_state_e2ir jtag_state_e2ir in 1 21} {jtag_state_uir jtag_state_uir in 1 22} {ir_in ir_in in 1 23} {irq irq out 1 1} {ir_out ir_out out 1 2} } clock clock assign {debug.controlledBy {link_4} } moduleassign {debug.virtualInterface.link_4 {debug.endpointLink {fabric sld index 3} } } } } }
Info (11172): Add_connection jtagpins.clock sldfabric.clock clock
Info (11172): Add_connection jtagpins.node sldfabric.node conduit
Info (11172): Add_connection sldfabric.clock_0 splitter.clock_1 clock
Info (11172): Add_connection sldfabric.node_0 splitter.node_1 conduit
Info (11172): Add_connection sldfabric.clock_1 splitter.clock_3 clock
Info (11172): Add_connection sldfabric.node_1 splitter.node_3 conduit
Info (11172): Add_connection sldfabric.clock_2 splitter.clock_4 clock
Info (11172): Add_connection sldfabric.node_2 splitter.node_4 conduit
Info (11172): Add_connection sldfabric.ident ident.ident_0 conduit
Info (11172): Add_connection configresetfabric.conf_reset_out_0 splitter.conf_reset_out_2 reset
Info (11172): Add_connection configresetfabric.conf_reset_out_1 sldfabric.conf_reset_out reset
Info (11172): Add_connection agilexconfigreset.conf_reset_0 splitter.conf_reset_0 reset
Info (11172): Set_parameter_value COMPOSED_SETTINGS {{fabric agilex_config_reset_release dir agent type_name 0 instance_name 0} {fabric sld dir agent mfr_code 110 type_code 9 version 0 instance 0 ir_width 4 bridge_agent 0 prefer_host {} type_name 0 instance_name 0} {fabric config_reset_release dir agent is_source 0 type_name 0 instance_name 0} {fabric sld dir agent mfr_code 110 type_code 19 version 1 instance 0 ir_width 5 bridge_agent 0 prefer_host {} type_name 0 instance_name 0} {fabric sld dir agent mfr_code 110 type_code 128 version 1 instance 0 ir_width 1 bridge_agent 0 prefer_host {} type_name 0 instance_name 0} }
Info (11172): Add_instance splitter altera_sld_splitter
Info (11172): Set_instance_parameter_value splitter ADD_INTERFACE_ASGN 1
Info (11172): Send_message info {SLD fabric agents which did not specify prefer_host were connected to JTAG}
Info (11172): Add_instance jtagpins altera_jtag_wys_atom
Info (11172): Add_instance sldfabric altera_sld_jtag_hub
Info (11172): Set_instance_parameter_value sldfabric COUNT 3
Info (11172): Set_instance_parameter_value sldfabric SETTINGS {{mfr_code 110 type_code 9 version 0 instance 0 ir_width 4 bridge_agent 0 prefer_host {} type_name 0 instance_name 0} {mfr_code 110 type_code 19 version 1 instance 0 ir_width 5 bridge_agent 0 prefer_host {} type_name 0 instance_name 0} {mfr_code 110 type_code 128 version 1 instance 0 ir_width 1 bridge_agent 0 prefer_host {} type_name 0 instance_name 0} }
Info (11172): Set_instance_parameter_value sldfabric CONN_INDEX 0
Info (11172): Set_instance_parameter_value sldfabric ENABLE_SOFT_CORE_CONTROLLER 0
Info (11172): Set_instance_parameter_value sldfabric BRIDGE_HOST 0
Info (11172): Set_instance_parameter_value sldfabric USE_TCK_ENA 0
Info (11172): Set_instance_parameter_value sldfabric NEGEDGE_TDO_LATCH 0
Info (11172): Add_instance ident altera_connection_identification_hub
Info (11172): Set_instance_parameter_value ident DESIGN_HASH 97f0f117d0126dfdded7
Info (11172): Set_instance_parameter_value ident COUNT 1
Info (11172): Set_instance_parameter_value ident SETTINGS {{width 4 latency 0 type_name 0 instance_name 0} }
Info (11172): Add_instance configresetfabric intel_configuration_debug_reset_release_hub
Info (11172): Set_instance_parameter_value configresetfabric COUNT 2
Info (11172): Set_instance_parameter_value configresetfabric SETTINGS {{is_source 0 type_name 0 instance_name 0} {is_source 0 type_name 0 instance_name 0} }
Info (11172): Add_instance agilexconfigreset intel_agilex_reset_release_from_sdm
Info (11172): Set_instance_parameter_value agilexconfigreset SETTINGS {{type_name 0 instance_name 0} }
Info (11172): Set_instance_parameter_value agilexconfigreset COUNT 1
Info (11172): Set_instance_parameter_value splitter FRAGMENTS {{{name conf_reset type reset dir end ports { {conf_reset reset in 1 0} } properties { {synchronousEdges {None} } } } } {{name clock type clock dir end ports { {tck clk in 1 0} } } {name node type conduit dir end ports { {tms tms in 1 1} {tdi tdi in 1 2} {tdo tdo out 1 0} {ena ena in 1 3} {usr1 usr1 in 1 4} {clr clr in 1 5} {clrn clrn in 1 6} {jtag_state_tlr jtag_state_tlr in 1 7} {jtag_state_rti jtag_state_rti in 1 8} {jtag_state_sdrs jtag_state_sdrs in 1 9} {jtag_state_cdr jtag_state_cdr in 1 10} {jtag_state_sdr jtag_state_sdr in 1 11} {jtag_state_e1dr jtag_state_e1dr in 1 12} {jtag_state_pdr jtag_state_pdr in 1 13} {jtag_state_e2dr jtag_state_e2dr in 1 14} {jtag_state_udr jtag_state_udr in 1 15} {jtag_state_sirs jtag_state_sirs in 1 16} {jtag_state_cir jtag_state_cir in 1 17} {jtag_state_sir jtag_state_sir in 1 18} {jtag_state_e1ir jtag_state_e1ir in 1 19} {jtag_state_pir jtag_state_pir in 1 20} {jtag_state_e2ir jtag_state_e2ir in 1 21} {jtag_state_uir jtag_state_uir in 1 22} {ir_in ir_in in 4 23} {irq irq out 1 1} {ir_out ir_out out 4 2} } clock clock assign {debug.controlledBy {link_1} } moduleassign {debug.virtualInterface.link_1 {debug.endpointLink {fabric sld index 1} } } } } {{name conf_reset_out type reset dir end ports { {reset_out reset in 1 0} } properties { {synchronousEdges {None} } } } } {{name clock type clock dir end ports { {tck clk in 1 0} } } {name node type conduit dir end ports { {tms tms in 1 1} {tdi tdi in 1 2} {tdo tdo out 1 0} {ena ena in 1 3} {usr1 usr1 in 1 4} {clr clr in 1 5} {clrn clrn in 1 6} {jtag_state_tlr jtag_state_tlr in 1 7} {jtag_state_rti jtag_state_rti in 1 8} {jtag_state_sdrs jtag_state_sdrs in 1 9} {jtag_state_cdr jtag_state_cdr in 1 10} {jtag_state_sdr jtag_state_sdr in 1 11} {jtag_state_e1dr jtag_state_e1dr in 1 12} {jtag_state_pdr jtag_state_pdr in 1 13} {jtag_state_e2dr jtag_state_e2dr in 1 14} {jtag_state_udr jtag_state_udr in 1 15} {jtag_state_sirs jtag_state_sirs in 1 16} {jtag_state_cir jtag_state_cir in 1 17} {jtag_state_sir jtag_state_sir in 1 18} {jtag_state_e1ir jtag_state_e1ir in 1 19} {jtag_state_pir jtag_state_pir in 1 20} {jtag_state_e2ir jtag_state_e2ir in 1 21} {jtag_state_uir jtag_state_uir in 1 22} {ir_in ir_in in 5 23} {irq irq out 1 1} {ir_out ir_out out 5 2} } clock clock assign {debug.controlledBy {link_3} } moduleassign {debug.virtualInterface.link_3 {debug.endpointLink {fabric sld index 2} } } } } {{name clock type clock dir end ports { {tck clk in 1 0} } } {name node type conduit dir end ports { {tms tms in 1 1} {tdi tdi in 1 2} {tdo tdo out 1 0} {ena ena in 1 3} {usr1 usr1 in 1 4} {clr clr in 1 5} {clrn clrn in 1 6} {jtag_state_tlr jtag_state_tlr in 1 7} {jtag_state_rti jtag_state_rti in 1 8} {jtag_state_sdrs jtag_state_sdrs in 1 9} {jtag_state_cdr jtag_state_cdr in 1 10} {jtag_state_sdr jtag_state_sdr in 1 11} {jtag_state_e1dr jtag_state_e1dr in 1 12} {jtag_state_pdr jtag_state_pdr in 1 13} {jtag_state_e2dr jtag_state_e2dr in 1 14} {jtag_state_udr jtag_state_udr in 1 15} {jtag_state_sirs jtag_state_sirs in 1 16} {jtag_state_cir jtag_state_cir in 1 17} {jtag_state_sir jtag_state_sir in 1 18} {jtag_state_e1ir jtag_state_e1ir in 1 19} {jtag_state_pir jtag_state_pir in 1 20} {jtag_state_e2ir jtag_state_e2ir in 1 21} {jtag_state_uir jtag_state_uir in 1 22} {ir_in ir_in in 1 23} {irq irq out 1 1} {ir_out ir_out out 1 2} } clock clock assign {debug.controlledBy {link_4} } moduleassign {debug.virtualInterface.link_4 {debug.endpointLink {fabric sld index 3} } } } } }
Info (11172): Add_connection jtagpins.clock sldfabric.clock clock
Info (11172): Add_connection jtagpins.node sldfabric.node conduit
Info (11172): Add_connection sldfabric.clock_0 splitter.clock_1 clock
Info (11172): Add_connection sldfabric.node_0 splitter.node_1 conduit
Info (11172): Add_connection sldfabric.clock_1 splitter.clock_3 clock
Info (11172): Add_connection sldfabric.node_1 splitter.node_3 conduit
Info (11172): Add_connection sldfabric.clock_2 splitter.clock_4 clock
Info (11172): Add_connection sldfabric.node_2 splitter.node_4 conduit
Info (11172): Add_connection sldfabric.ident ident.ident_0 conduit
Info (11172): Add_connection configresetfabric.conf_reset_out_0 splitter.conf_reset_out_2 reset
Info (11172): Add_connection configresetfabric.conf_reset_out_1 sldfabric.conf_reset_out reset
Info (11172): Add_connection agilexconfigreset.conf_reset_0 splitter.conf_reset_0 reset
Info (11172): Set_parameter_value COMPOSED_SETTINGS {{fabric agilex_config_reset_release dir agent type_name 0 instance_name 0} {fabric sld dir agent mfr_code 110 type_code 9 version 0 instance 0 ir_width 4 bridge_agent 0 prefer_host {} type_name 0 instance_name 0} {fabric config_reset_release dir agent is_source 0 type_name 0 instance_name 0} {fabric sld dir agent mfr_code 110 type_code 19 version 1 instance 0 ir_width 5 bridge_agent 0 prefer_host {} type_name 0 instance_name 0} {fabric sld dir agent mfr_code 110 type_code 128 version 1 instance 0 ir_width 1 bridge_agent 0 prefer_host {} type_name 0 instance_name 0} }
Info (11172): Add_instance splitter altera_sld_splitter
Info (11172): Set_instance_parameter_value splitter ADD_INTERFACE_ASGN 1
Info (11172): Send_message info {SLD fabric agents which did not specify prefer_host were connected to JTAG}
Info (11172): Add_instance jtagpins altera_jtag_wys_atom
Info (11172): Add_instance sldfabric altera_sld_jtag_hub
Info (11172): Set_instance_parameter_value sldfabric COUNT 3
Info (11172): Set_instance_parameter_value sldfabric SETTINGS {{mfr_code 110 type_code 9 version 0 instance 0 ir_width 4 bridge_agent 0 prefer_host {} type_name 0 instance_name 0} {mfr_code 110 type_code 19 version 1 instance 0 ir_width 5 bridge_agent 0 prefer_host {} type_name 0 instance_name 0} {mfr_code 110 type_code 128 version 1 instance 0 ir_width 1 bridge_agent 0 prefer_host {} type_name 0 instance_name 0} }
Info (11172): Set_instance_parameter_value sldfabric CONN_INDEX 0
Info (11172): Set_instance_parameter_value sldfabric ENABLE_SOFT_CORE_CONTROLLER 0
Info (11172): Set_instance_parameter_value sldfabric BRIDGE_HOST 0
Info (11172): Set_instance_parameter_value sldfabric USE_TCK_ENA 0
Info (11172): Set_instance_parameter_value sldfabric NEGEDGE_TDO_LATCH 0
Info (11172): Add_instance ident altera_connection_identification_hub
Info (11172): Set_instance_parameter_value ident DESIGN_HASH 97f0f117d0126dfdded7
Info (11172): Set_instance_parameter_value ident COUNT 1
Info (11172): Set_instance_parameter_value ident SETTINGS {{width 4 latency 0 type_name 0 instance_name 0} }
Info (11172): Add_instance configresetfabric intel_configuration_debug_reset_release_hub
Info (11172): Set_instance_parameter_value configresetfabric COUNT 2
Info (11172): Set_instance_parameter_value configresetfabric SETTINGS {{is_source 0 type_name 0 instance_name 0} {is_source 0 type_name 0 instance_name 0} }
Info (11172): Add_instance agilexconfigreset intel_agilex_reset_release_from_sdm
Info (11172): Set_instance_parameter_value agilexconfigreset SETTINGS {{type_name 0 instance_name 0} }
Info (11172): Set_instance_parameter_value agilexconfigreset COUNT 1
Info (11172): Set_instance_parameter_value splitter FRAGMENTS {{{name conf_reset type reset dir end ports { {conf_reset reset in 1 0} } properties { {synchronousEdges {None} } } } } {{name clock type clock dir end ports { {tck clk in 1 0} } } {name node type conduit dir end ports { {tms tms in 1 1} {tdi tdi in 1 2} {tdo tdo out 1 0} {ena ena in 1 3} {usr1 usr1 in 1 4} {clr clr in 1 5} {clrn clrn in 1 6} {jtag_state_tlr jtag_state_tlr in 1 7} {jtag_state_rti jtag_state_rti in 1 8} {jtag_state_sdrs jtag_state_sdrs in 1 9} {jtag_state_cdr jtag_state_cdr in 1 10} {jtag_state_sdr jtag_state_sdr in 1 11} {jtag_state_e1dr jtag_state_e1dr in 1 12} {jtag_state_pdr jtag_state_pdr in 1 13} {jtag_state_e2dr jtag_state_e2dr in 1 14} {jtag_state_udr jtag_state_udr in 1 15} {jtag_state_sirs jtag_state_sirs in 1 16} {jtag_state_cir jtag_state_cir in 1 17} {jtag_state_sir jtag_state_sir in 1 18} {jtag_state_e1ir jtag_state_e1ir in 1 19} {jtag_state_pir jtag_state_pir in 1 20} {jtag_state_e2ir jtag_state_e2ir in 1 21} {jtag_state_uir jtag_state_uir in 1 22} {ir_in ir_in in 4 23} {irq irq out 1 1} {ir_out ir_out out 4 2} } clock clock assign {debug.controlledBy {link_1} } moduleassign {debug.virtualInterface.link_1 {debug.endpointLink {fabric sld index 1} } } } } {{name conf_reset_out type reset dir end ports { {reset_out reset in 1 0} } properties { {synchronousEdges {None} } } } } {{name clock type clock dir end ports { {tck clk in 1 0} } } {name node type conduit dir end ports { {tms tms in 1 1} {tdi tdi in 1 2} {tdo tdo out 1 0} {ena ena in 1 3} {usr1 usr1 in 1 4} {clr clr in 1 5} {clrn clrn in 1 6} {jtag_state_tlr jtag_state_tlr in 1 7} {jtag_state_rti jtag_state_rti in 1 8} {jtag_state_sdrs jtag_state_sdrs in 1 9} {jtag_state_cdr jtag_state_cdr in 1 10} {jtag_state_sdr jtag_state_sdr in 1 11} {jtag_state_e1dr jtag_state_e1dr in 1 12} {jtag_state_pdr jtag_state_pdr in 1 13} {jtag_state_e2dr jtag_state_e2dr in 1 14} {jtag_state_udr jtag_state_udr in 1 15} {jtag_state_sirs jtag_state_sirs in 1 16} {jtag_state_cir jtag_state_cir in 1 17} {jtag_state_sir jtag_state_sir in 1 18} {jtag_state_e1ir jtag_state_e1ir in 1 19} {jtag_state_pir jtag_state_pir in 1 20} {jtag_state_e2ir jtag_state_e2ir in 1 21} {jtag_state_uir jtag_state_uir in 1 22} {ir_in ir_in in 5 23} {irq irq out 1 1} {ir_out ir_out out 5 2} } clock clock assign {debug.controlledBy {link_3} } moduleassign {debug.virtualInterface.link_3 {debug.endpointLink {fabric sld index 2} } } } } {{name clock type clock dir end ports { {tck clk in 1 0} } } {name node type conduit dir end ports { {tms tms in 1 1} {tdi tdi in 1 2} {tdo tdo out 1 0} {ena ena in 1 3} {usr1 usr1 in 1 4} {clr clr in 1 5} {clrn clrn in 1 6} {jtag_state_tlr jtag_state_tlr in 1 7} {jtag_state_rti jtag_state_rti in 1 8} {jtag_state_sdrs jtag_state_sdrs in 1 9} {jtag_state_cdr jtag_state_cdr in 1 10} {jtag_state_sdr jtag_state_sdr in 1 11} {jtag_state_e1dr jtag_state_e1dr in 1 12} {jtag_state_pdr jtag_state_pdr in 1 13} {jtag_state_e2dr jtag_state_e2dr in 1 14} {jtag_state_udr jtag_state_udr in 1 15} {jtag_state_sirs jtag_state_sirs in 1 16} {jtag_state_cir jtag_state_cir in 1 17} {jtag_state_sir jtag_state_sir in 1 18} {jtag_state_e1ir jtag_state_e1ir in 1 19} {jtag_state_pir jtag_state_pir in 1 20} {jtag_state_e2ir jtag_state_e2ir in 1 21} {jtag_state_uir jtag_state_uir in 1 22} {ir_in ir_in in 1 23} {irq irq out 1 1} {ir_out ir_out out 1 2} } clock clock assign {debug.controlledBy {link_4} } moduleassign {debug.virtualInterface.link_4 {debug.endpointLink {fabric sld index 3} } } } } }
Info (11172): Add_connection jtagpins.clock sldfabric.clock clock
Info (11172): Add_connection jtagpins.node sldfabric.node conduit
Info (11172): Add_connection sldfabric.clock_0 splitter.clock_1 clock
Info (11172): Add_connection sldfabric.node_0 splitter.node_1 conduit
Info (11172): Add_connection sldfabric.clock_1 splitter.clock_3 clock
Info (11172): Add_connection sldfabric.node_1 splitter.node_3 conduit
Info (11172): Add_connection sldfabric.clock_2 splitter.clock_4 clock
Info (11172): Add_connection sldfabric.node_2 splitter.node_4 conduit
Info (11172): Add_connection sldfabric.ident ident.ident_0 conduit
Info (11172): Add_connection configresetfabric.conf_reset_out_0 splitter.conf_reset_out_2 reset
Info (11172): Add_connection configresetfabric.conf_reset_out_1 sldfabric.conf_reset_out reset
Info (11172): Add_connection agilexconfigreset.conf_reset_0 splitter.conf_reset_0 reset
Info (11172): Set_parameter_value COMPOSED_SETTINGS {{fabric agilex_config_reset_release dir agent type_name 0 instance_name 0} {fabric sld dir agent mfr_code 110 type_code 9 version 0 instance 0 ir_width 4 bridge_agent 0 prefer_host {} type_name 0 instance_name 0} {fabric config_reset_release dir agent is_source 0 type_name 0 instance_name 0} {fabric sld dir agent mfr_code 110 type_code 19 version 1 instance 0 ir_width 5 bridge_agent 0 prefer_host {} type_name 0 instance_name 0} {fabric sld dir agent mfr_code 110 type_code 128 version 1 instance 0 ir_width 1 bridge_agent 0 prefer_host {} type_name 0 instance_name 0} }
Info (11172): Alt_sld_fab_0.alt_sld_fab_0.alt_sld_fab_0: SLD fabric agents which did not specify prefer_host were connected to JTAG
Info (11172): Deploying alt_sld_fab_0 to /nfs/site/disks/swuser_work_knithink/25.3/git/release/agilex5e-nios-ed/niosv_g/niosv_g_webserver_ping/sources/hw/dni/sandboxes/asccf06273700_51807_0/sld/ipgen/alt_sld_fab_0.ip
Info (11172): ***************************************************************
Info (11172): Quartus is a registered trademark of Intel Corporation in the
Info (11172): US and other countries.  Portions of the Quartus Prime software
Info (11172): Code, and other portions of the code included in this download
Info (11172): Or on this DVD, are licensed to Intel Corporation and are the
Info (11172): Copyrighted property of third parties. For license details,
Info (11172): Refer to the End User License Agreement at
Info (11172): Http://fpgasoftware.intel.com/eula.
Info (11172): ***************************************************************
Info (11172): Add_instance splitter altera_sld_splitter
Info (11172): Set_instance_parameter_value splitter ADD_INTERFACE_ASGN 1
Info (11172): Send_message info {SLD fabric agents which did not specify prefer_host were connected to JTAG}
Info (11172): Add_instance jtagpins altera_jtag_wys_atom
Info (11172): Add_instance sldfabric altera_sld_jtag_hub
Info (11172): Set_instance_parameter_value sldfabric COUNT 3
Info (11172): Set_instance_parameter_value sldfabric SETTINGS {{mfr_code 110 type_code 9 version 0 instance 0 ir_width 4 bridge_agent 0 prefer_host {} type_name 0 instance_name 0} {mfr_code 110 type_code 19 version 1 instance 0 ir_width 5 bridge_agent 0 prefer_host {} type_name 0 instance_name 0} {mfr_code 110 type_code 128 version 1 instance 0 ir_width 1 bridge_agent 0 prefer_host {} type_name 0 instance_name 0} }
Info (11172): Set_instance_parameter_value sldfabric CONN_INDEX 0
Info (11172): Set_instance_parameter_value sldfabric ENABLE_SOFT_CORE_CONTROLLER 0
Info (11172): Set_instance_parameter_value sldfabric BRIDGE_HOST 0
Info (11172): Set_instance_parameter_value sldfabric USE_TCK_ENA 0
Info (11172): Set_instance_parameter_value sldfabric NEGEDGE_TDO_LATCH 0
Info (11172): Add_instance ident altera_connection_identification_hub
Info (11172): Set_instance_parameter_value ident DESIGN_HASH 97f0f117d0126dfdded7
Info (11172): Set_instance_parameter_value ident COUNT 1
Info (11172): Set_instance_parameter_value ident SETTINGS {{width 4 latency 0 type_name 0 instance_name 0} }
Info (11172): Add_instance configresetfabric intel_configuration_debug_reset_release_hub
Info (11172): Set_instance_parameter_value configresetfabric COUNT 2
Info (11172): Set_instance_parameter_value configresetfabric SETTINGS {{is_source 0 type_name 0 instance_name 0} {is_source 0 type_name 0 instance_name 0} }
Info (11172): Add_instance agilexconfigreset intel_agilex_reset_release_from_sdm
Info (11172): Set_instance_parameter_value agilexconfigreset SETTINGS {{type_name 0 instance_name 0} }
Info (11172): Set_instance_parameter_value agilexconfigreset COUNT 1
Info (11172): Set_instance_parameter_value splitter FRAGMENTS {{{name conf_reset type reset dir end ports { {conf_reset reset in 1 0} } properties { {synchronousEdges {None} } } } } {{name clock type clock dir end ports { {tck clk in 1 0} } } {name node type conduit dir end ports { {tms tms in 1 1} {tdi tdi in 1 2} {tdo tdo out 1 0} {ena ena in 1 3} {usr1 usr1 in 1 4} {clr clr in 1 5} {clrn clrn in 1 6} {jtag_state_tlr jtag_state_tlr in 1 7} {jtag_state_rti jtag_state_rti in 1 8} {jtag_state_sdrs jtag_state_sdrs in 1 9} {jtag_state_cdr jtag_state_cdr in 1 10} {jtag_state_sdr jtag_state_sdr in 1 11} {jtag_state_e1dr jtag_state_e1dr in 1 12} {jtag_state_pdr jtag_state_pdr in 1 13} {jtag_state_e2dr jtag_state_e2dr in 1 14} {jtag_state_udr jtag_state_udr in 1 15} {jtag_state_sirs jtag_state_sirs in 1 16} {jtag_state_cir jtag_state_cir in 1 17} {jtag_state_sir jtag_state_sir in 1 18} {jtag_state_e1ir jtag_state_e1ir in 1 19} {jtag_state_pir jtag_state_pir in 1 20} {jtag_state_e2ir jtag_state_e2ir in 1 21} {jtag_state_uir jtag_state_uir in 1 22} {ir_in ir_in in 4 23} {irq irq out 1 1} {ir_out ir_out out 4 2} } clock clock assign {debug.controlledBy {link_1} } moduleassign {debug.virtualInterface.link_1 {debug.endpointLink {fabric sld index 1} } } } } {{name conf_reset_out type reset dir end ports { {reset_out reset in 1 0} } properties { {synchronousEdges {None} } } } } {{name clock type clock dir end ports { {tck clk in 1 0} } } {name node type conduit dir end ports { {tms tms in 1 1} {tdi tdi in 1 2} {tdo tdo out 1 0} {ena ena in 1 3} {usr1 usr1 in 1 4} {clr clr in 1 5} {clrn clrn in 1 6} {jtag_state_tlr jtag_state_tlr in 1 7} {jtag_state_rti jtag_state_rti in 1 8} {jtag_state_sdrs jtag_state_sdrs in 1 9} {jtag_state_cdr jtag_state_cdr in 1 10} {jtag_state_sdr jtag_state_sdr in 1 11} {jtag_state_e1dr jtag_state_e1dr in 1 12} {jtag_state_pdr jtag_state_pdr in 1 13} {jtag_state_e2dr jtag_state_e2dr in 1 14} {jtag_state_udr jtag_state_udr in 1 15} {jtag_state_sirs jtag_state_sirs in 1 16} {jtag_state_cir jtag_state_cir in 1 17} {jtag_state_sir jtag_state_sir in 1 18} {jtag_state_e1ir jtag_state_e1ir in 1 19} {jtag_state_pir jtag_state_pir in 1 20} {jtag_state_e2ir jtag_state_e2ir in 1 21} {jtag_state_uir jtag_state_uir in 1 22} {ir_in ir_in in 5 23} {irq irq out 1 1} {ir_out ir_out out 5 2} } clock clock assign {debug.controlledBy {link_3} } moduleassign {debug.virtualInterface.link_3 {debug.endpointLink {fabric sld index 2} } } } } {{name clock type clock dir end ports { {tck clk in 1 0} } } {name node type conduit dir end ports { {tms tms in 1 1} {tdi tdi in 1 2} {tdo tdo out 1 0} {ena ena in 1 3} {usr1 usr1 in 1 4} {clr clr in 1 5} {clrn clrn in 1 6} {jtag_state_tlr jtag_state_tlr in 1 7} {jtag_state_rti jtag_state_rti in 1 8} {jtag_state_sdrs jtag_state_sdrs in 1 9} {jtag_state_cdr jtag_state_cdr in 1 10} {jtag_state_sdr jtag_state_sdr in 1 11} {jtag_state_e1dr jtag_state_e1dr in 1 12} {jtag_state_pdr jtag_state_pdr in 1 13} {jtag_state_e2dr jtag_state_e2dr in 1 14} {jtag_state_udr jtag_state_udr in 1 15} {jtag_state_sirs jtag_state_sirs in 1 16} {jtag_state_cir jtag_state_cir in 1 17} {jtag_state_sir jtag_state_sir in 1 18} {jtag_state_e1ir jtag_state_e1ir in 1 19} {jtag_state_pir jtag_state_pir in 1 20} {jtag_state_e2ir jtag_state_e2ir in 1 21} {jtag_state_uir jtag_state_uir in 1 22} {ir_in ir_in in 1 23} {irq irq out 1 1} {ir_out ir_out out 1 2} } clock clock assign {debug.controlledBy {link_4} } moduleassign {debug.virtualInterface.link_4 {debug.endpointLink {fabric sld index 3} } } } } }
Info (11172): Add_connection jtagpins.clock sldfabric.clock clock
Info (11172): Add_connection jtagpins.node sldfabric.node conduit
Info (11172): Add_connection sldfabric.clock_0 splitter.clock_1 clock
Info (11172): Add_connection sldfabric.node_0 splitter.node_1 conduit
Info (11172): Add_connection sldfabric.clock_1 splitter.clock_3 clock
Info (11172): Add_connection sldfabric.node_1 splitter.node_3 conduit
Info (11172): Add_connection sldfabric.clock_2 splitter.clock_4 clock
Info (11172): Add_connection sldfabric.node_2 splitter.node_4 conduit
Info (11172): Add_connection sldfabric.ident ident.ident_0 conduit
Info (11172): Add_connection configresetfabric.conf_reset_out_0 splitter.conf_reset_out_2 reset
Info (11172): Add_connection configresetfabric.conf_reset_out_1 sldfabric.conf_reset_out reset
Info (11172): Add_connection agilexconfigreset.conf_reset_0 splitter.conf_reset_0 reset
Info (11172): Set_parameter_value COMPOSED_SETTINGS {{fabric agilex_config_reset_release dir agent type_name 0 instance_name 0} {fabric sld dir agent mfr_code 110 type_code 9 version 0 instance 0 ir_width 4 bridge_agent 0 prefer_host {} type_name 0 instance_name 0} {fabric config_reset_release dir agent is_source 0 type_name 0 instance_name 0} {fabric sld dir agent mfr_code 110 type_code 19 version 1 instance 0 ir_width 5 bridge_agent 0 prefer_host {} type_name 0 instance_name 0} {fabric sld dir agent mfr_code 110 type_code 128 version 1 instance 0 ir_width 1 bridge_agent 0 prefer_host {} type_name 0 instance_name 0} }
Info (11172): Add_instance splitter altera_sld_splitter
Info (11172): Set_instance_parameter_value splitter ADD_INTERFACE_ASGN 1
Info (11172): Send_message info {SLD fabric agents which did not specify prefer_host were connected to JTAG}
Info (11172): Add_instance jtagpins altera_jtag_wys_atom
Info (11172): Add_instance sldfabric altera_sld_jtag_hub
Info (11172): Set_instance_parameter_value sldfabric COUNT 3
Info (11172): Set_instance_parameter_value sldfabric SETTINGS {{mfr_code 110 type_code 9 version 0 instance 0 ir_width 4 bridge_agent 0 prefer_host {} type_name 0 instance_name 0} {mfr_code 110 type_code 19 version 1 instance 0 ir_width 5 bridge_agent 0 prefer_host {} type_name 0 instance_name 0} {mfr_code 110 type_code 128 version 1 instance 0 ir_width 1 bridge_agent 0 prefer_host {} type_name 0 instance_name 0} }
Info (11172): Set_instance_parameter_value sldfabric CONN_INDEX 0
Info (11172): Set_instance_parameter_value sldfabric ENABLE_SOFT_CORE_CONTROLLER 0
Info (11172): Set_instance_parameter_value sldfabric BRIDGE_HOST 0
Info (11172): Set_instance_parameter_value sldfabric USE_TCK_ENA 0
Info (11172): Set_instance_parameter_value sldfabric NEGEDGE_TDO_LATCH 0
Info (11172): Add_instance ident altera_connection_identification_hub
Info (11172): Set_instance_parameter_value ident DESIGN_HASH 97f0f117d0126dfdded7
Info (11172): Set_instance_parameter_value ident COUNT 1
Info (11172): Set_instance_parameter_value ident SETTINGS {{width 4 latency 0 type_name 0 instance_name 0} }
Info (11172): Add_instance configresetfabric intel_configuration_debug_reset_release_hub
Info (11172): Set_instance_parameter_value configresetfabric COUNT 2
Info (11172): Set_instance_parameter_value configresetfabric SETTINGS {{is_source 0 type_name 0 instance_name 0} {is_source 0 type_name 0 instance_name 0} }
Info (11172): Add_instance agilexconfigreset intel_agilex_reset_release_from_sdm
Info (11172): Set_instance_parameter_value agilexconfigreset SETTINGS {{type_name 0 instance_name 0} }
Info (11172): Set_instance_parameter_value agilexconfigreset COUNT 1
Info (11172): Set_instance_parameter_value splitter FRAGMENTS {{{name conf_reset type reset dir end ports { {conf_reset reset in 1 0} } properties { {synchronousEdges {None} } } } } {{name clock type clock dir end ports { {tck clk in 1 0} } } {name node type conduit dir end ports { {tms tms in 1 1} {tdi tdi in 1 2} {tdo tdo out 1 0} {ena ena in 1 3} {usr1 usr1 in 1 4} {clr clr in 1 5} {clrn clrn in 1 6} {jtag_state_tlr jtag_state_tlr in 1 7} {jtag_state_rti jtag_state_rti in 1 8} {jtag_state_sdrs jtag_state_sdrs in 1 9} {jtag_state_cdr jtag_state_cdr in 1 10} {jtag_state_sdr jtag_state_sdr in 1 11} {jtag_state_e1dr jtag_state_e1dr in 1 12} {jtag_state_pdr jtag_state_pdr in 1 13} {jtag_state_e2dr jtag_state_e2dr in 1 14} {jtag_state_udr jtag_state_udr in 1 15} {jtag_state_sirs jtag_state_sirs in 1 16} {jtag_state_cir jtag_state_cir in 1 17} {jtag_state_sir jtag_state_sir in 1 18} {jtag_state_e1ir jtag_state_e1ir in 1 19} {jtag_state_pir jtag_state_pir in 1 20} {jtag_state_e2ir jtag_state_e2ir in 1 21} {jtag_state_uir jtag_state_uir in 1 22} {ir_in ir_in in 4 23} {irq irq out 1 1} {ir_out ir_out out 4 2} } clock clock assign {debug.controlledBy {link_1} } moduleassign {debug.virtualInterface.link_1 {debug.endpointLink {fabric sld index 1} } } } } {{name conf_reset_out type reset dir end ports { {reset_out reset in 1 0} } properties { {synchronousEdges {None} } } } } {{name clock type clock dir end ports { {tck clk in 1 0} } } {name node type conduit dir end ports { {tms tms in 1 1} {tdi tdi in 1 2} {tdo tdo out 1 0} {ena ena in 1 3} {usr1 usr1 in 1 4} {clr clr in 1 5} {clrn clrn in 1 6} {jtag_state_tlr jtag_state_tlr in 1 7} {jtag_state_rti jtag_state_rti in 1 8} {jtag_state_sdrs jtag_state_sdrs in 1 9} {jtag_state_cdr jtag_state_cdr in 1 10} {jtag_state_sdr jtag_state_sdr in 1 11} {jtag_state_e1dr jtag_state_e1dr in 1 12} {jtag_state_pdr jtag_state_pdr in 1 13} {jtag_state_e2dr jtag_state_e2dr in 1 14} {jtag_state_udr jtag_state_udr in 1 15} {jtag_state_sirs jtag_state_sirs in 1 16} {jtag_state_cir jtag_state_cir in 1 17} {jtag_state_sir jtag_state_sir in 1 18} {jtag_state_e1ir jtag_state_e1ir in 1 19} {jtag_state_pir jtag_state_pir in 1 20} {jtag_state_e2ir jtag_state_e2ir in 1 21} {jtag_state_uir jtag_state_uir in 1 22} {ir_in ir_in in 5 23} {irq irq out 1 1} {ir_out ir_out out 5 2} } clock clock assign {debug.controlledBy {link_3} } moduleassign {debug.virtualInterface.link_3 {debug.endpointLink {fabric sld index 2} } } } } {{name clock type clock dir end ports { {tck clk in 1 0} } } {name node type conduit dir end ports { {tms tms in 1 1} {tdi tdi in 1 2} {tdo tdo out 1 0} {ena ena in 1 3} {usr1 usr1 in 1 4} {clr clr in 1 5} {clrn clrn in 1 6} {jtag_state_tlr jtag_state_tlr in 1 7} {jtag_state_rti jtag_state_rti in 1 8} {jtag_state_sdrs jtag_state_sdrs in 1 9} {jtag_state_cdr jtag_state_cdr in 1 10} {jtag_state_sdr jtag_state_sdr in 1 11} {jtag_state_e1dr jtag_state_e1dr in 1 12} {jtag_state_pdr jtag_state_pdr in 1 13} {jtag_state_e2dr jtag_state_e2dr in 1 14} {jtag_state_udr jtag_state_udr in 1 15} {jtag_state_sirs jtag_state_sirs in 1 16} {jtag_state_cir jtag_state_cir in 1 17} {jtag_state_sir jtag_state_sir in 1 18} {jtag_state_e1ir jtag_state_e1ir in 1 19} {jtag_state_pir jtag_state_pir in 1 20} {jtag_state_e2ir jtag_state_e2ir in 1 21} {jtag_state_uir jtag_state_uir in 1 22} {ir_in ir_in in 1 23} {irq irq out 1 1} {ir_out ir_out out 1 2} } clock clock assign {debug.controlledBy {link_4} } moduleassign {debug.virtualInterface.link_4 {debug.endpointLink {fabric sld index 3} } } } } }
Info (11172): Add_connection jtagpins.clock sldfabric.clock clock
Info (11172): Add_connection jtagpins.node sldfabric.node conduit
Info (11172): Add_connection sldfabric.clock_0 splitter.clock_1 clock
Info (11172): Add_connection sldfabric.node_0 splitter.node_1 conduit
Info (11172): Add_connection sldfabric.clock_1 splitter.clock_3 clock
Info (11172): Add_connection sldfabric.node_1 splitter.node_3 conduit
Info (11172): Add_connection sldfabric.clock_2 splitter.clock_4 clock
Info (11172): Add_connection sldfabric.node_2 splitter.node_4 conduit
Info (11172): Add_connection sldfabric.ident ident.ident_0 conduit
Info (11172): Add_connection configresetfabric.conf_reset_out_0 splitter.conf_reset_out_2 reset
Info (11172): Add_connection configresetfabric.conf_reset_out_1 sldfabric.conf_reset_out reset
Info (11172): Add_connection agilexconfigreset.conf_reset_0 splitter.conf_reset_0 reset
Info (11172): Set_parameter_value COMPOSED_SETTINGS {{fabric agilex_config_reset_release dir agent type_name 0 instance_name 0} {fabric sld dir agent mfr_code 110 type_code 9 version 0 instance 0 ir_width 4 bridge_agent 0 prefer_host {} type_name 0 instance_name 0} {fabric config_reset_release dir agent is_source 0 type_name 0 instance_name 0} {fabric sld dir agent mfr_code 110 type_code 19 version 1 instance 0 ir_width 5 bridge_agent 0 prefer_host {} type_name 0 instance_name 0} {fabric sld dir agent mfr_code 110 type_code 128 version 1 instance 0 ir_width 1 bridge_agent 0 prefer_host {} type_name 0 instance_name 0} }
Info (11172): Add_instance splitter altera_sld_splitter
Info (11172): Set_instance_parameter_value splitter ADD_INTERFACE_ASGN 1
Info (11172): Send_message info {SLD fabric agents which did not specify prefer_host were connected to JTAG}
Info (11172): Add_instance jtagpins altera_jtag_wys_atom
Info (11172): Add_instance sldfabric altera_sld_jtag_hub
Info (11172): Set_instance_parameter_value sldfabric COUNT 3
Info (11172): Set_instance_parameter_value sldfabric SETTINGS {{mfr_code 110 type_code 9 version 0 instance 0 ir_width 4 bridge_agent 0 prefer_host {} type_name 0 instance_name 0} {mfr_code 110 type_code 19 version 1 instance 0 ir_width 5 bridge_agent 0 prefer_host {} type_name 0 instance_name 0} {mfr_code 110 type_code 128 version 1 instance 0 ir_width 1 bridge_agent 0 prefer_host {} type_name 0 instance_name 0} }
Info (11172): Set_instance_parameter_value sldfabric CONN_INDEX 0
Info (11172): Set_instance_parameter_value sldfabric ENABLE_SOFT_CORE_CONTROLLER 0
Info (11172): Set_instance_parameter_value sldfabric BRIDGE_HOST 0
Info (11172): Set_instance_parameter_value sldfabric USE_TCK_ENA 0
Info (11172): Set_instance_parameter_value sldfabric NEGEDGE_TDO_LATCH 0
Info (11172): Add_instance ident altera_connection_identification_hub
Info (11172): Set_instance_parameter_value ident DESIGN_HASH 97f0f117d0126dfdded7
Info (11172): Set_instance_parameter_value ident COUNT 1
Info (11172): Set_instance_parameter_value ident SETTINGS {{width 4 latency 0 type_name 0 instance_name 0} }
Info (11172): Add_instance configresetfabric intel_configuration_debug_reset_release_hub
Info (11172): Set_instance_parameter_value configresetfabric COUNT 2
Info (11172): Set_instance_parameter_value configresetfabric SETTINGS {{is_source 0 type_name 0 instance_name 0} {is_source 0 type_name 0 instance_name 0} }
Info (11172): Add_instance agilexconfigreset intel_agilex_reset_release_from_sdm
Info (11172): Set_instance_parameter_value agilexconfigreset SETTINGS {{type_name 0 instance_name 0} }
Info (11172): Set_instance_parameter_value agilexconfigreset COUNT 1
Info (11172): Set_instance_parameter_value splitter FRAGMENTS {{{name conf_reset type reset dir end ports { {conf_reset reset in 1 0} } properties { {synchronousEdges {None} } } } } {{name clock type clock dir end ports { {tck clk in 1 0} } } {name node type conduit dir end ports { {tms tms in 1 1} {tdi tdi in 1 2} {tdo tdo out 1 0} {ena ena in 1 3} {usr1 usr1 in 1 4} {clr clr in 1 5} {clrn clrn in 1 6} {jtag_state_tlr jtag_state_tlr in 1 7} {jtag_state_rti jtag_state_rti in 1 8} {jtag_state_sdrs jtag_state_sdrs in 1 9} {jtag_state_cdr jtag_state_cdr in 1 10} {jtag_state_sdr jtag_state_sdr in 1 11} {jtag_state_e1dr jtag_state_e1dr in 1 12} {jtag_state_pdr jtag_state_pdr in 1 13} {jtag_state_e2dr jtag_state_e2dr in 1 14} {jtag_state_udr jtag_state_udr in 1 15} {jtag_state_sirs jtag_state_sirs in 1 16} {jtag_state_cir jtag_state_cir in 1 17} {jtag_state_sir jtag_state_sir in 1 18} {jtag_state_e1ir jtag_state_e1ir in 1 19} {jtag_state_pir jtag_state_pir in 1 20} {jtag_state_e2ir jtag_state_e2ir in 1 21} {jtag_state_uir jtag_state_uir in 1 22} {ir_in ir_in in 4 23} {irq irq out 1 1} {ir_out ir_out out 4 2} } clock clock assign {debug.controlledBy {link_1} } moduleassign {debug.virtualInterface.link_1 {debug.endpointLink {fabric sld index 1} } } } } {{name conf_reset_out type reset dir end ports { {reset_out reset in 1 0} } properties { {synchronousEdges {None} } } } } {{name clock type clock dir end ports { {tck clk in 1 0} } } {name node type conduit dir end ports { {tms tms in 1 1} {tdi tdi in 1 2} {tdo tdo out 1 0} {ena ena in 1 3} {usr1 usr1 in 1 4} {clr clr in 1 5} {clrn clrn in 1 6} {jtag_state_tlr jtag_state_tlr in 1 7} {jtag_state_rti jtag_state_rti in 1 8} {jtag_state_sdrs jtag_state_sdrs in 1 9} {jtag_state_cdr jtag_state_cdr in 1 10} {jtag_state_sdr jtag_state_sdr in 1 11} {jtag_state_e1dr jtag_state_e1dr in 1 12} {jtag_state_pdr jtag_state_pdr in 1 13} {jtag_state_e2dr jtag_state_e2dr in 1 14} {jtag_state_udr jtag_state_udr in 1 15} {jtag_state_sirs jtag_state_sirs in 1 16} {jtag_state_cir jtag_state_cir in 1 17} {jtag_state_sir jtag_state_sir in 1 18} {jtag_state_e1ir jtag_state_e1ir in 1 19} {jtag_state_pir jtag_state_pir in 1 20} {jtag_state_e2ir jtag_state_e2ir in 1 21} {jtag_state_uir jtag_state_uir in 1 22} {ir_in ir_in in 5 23} {irq irq out 1 1} {ir_out ir_out out 5 2} } clock clock assign {debug.controlledBy {link_3} } moduleassign {debug.virtualInterface.link_3 {debug.endpointLink {fabric sld index 2} } } } } {{name clock type clock dir end ports { {tck clk in 1 0} } } {name node type conduit dir end ports { {tms tms in 1 1} {tdi tdi in 1 2} {tdo tdo out 1 0} {ena ena in 1 3} {usr1 usr1 in 1 4} {clr clr in 1 5} {clrn clrn in 1 6} {jtag_state_tlr jtag_state_tlr in 1 7} {jtag_state_rti jtag_state_rti in 1 8} {jtag_state_sdrs jtag_state_sdrs in 1 9} {jtag_state_cdr jtag_state_cdr in 1 10} {jtag_state_sdr jtag_state_sdr in 1 11} {jtag_state_e1dr jtag_state_e1dr in 1 12} {jtag_state_pdr jtag_state_pdr in 1 13} {jtag_state_e2dr jtag_state_e2dr in 1 14} {jtag_state_udr jtag_state_udr in 1 15} {jtag_state_sirs jtag_state_sirs in 1 16} {jtag_state_cir jtag_state_cir in 1 17} {jtag_state_sir jtag_state_sir in 1 18} {jtag_state_e1ir jtag_state_e1ir in 1 19} {jtag_state_pir jtag_state_pir in 1 20} {jtag_state_e2ir jtag_state_e2ir in 1 21} {jtag_state_uir jtag_state_uir in 1 22} {ir_in ir_in in 1 23} {irq irq out 1 1} {ir_out ir_out out 1 2} } clock clock assign {debug.controlledBy {link_4} } moduleassign {debug.virtualInterface.link_4 {debug.endpointLink {fabric sld index 3} } } } } }
Info (11172): Add_connection jtagpins.clock sldfabric.clock clock
Info (11172): Add_connection jtagpins.node sldfabric.node conduit
Info (11172): Add_connection sldfabric.clock_0 splitter.clock_1 clock
Info (11172): Add_connection sldfabric.node_0 splitter.node_1 conduit
Info (11172): Add_connection sldfabric.clock_1 splitter.clock_3 clock
Info (11172): Add_connection sldfabric.node_1 splitter.node_3 conduit
Info (11172): Add_connection sldfabric.clock_2 splitter.clock_4 clock
Info (11172): Add_connection sldfabric.node_2 splitter.node_4 conduit
Info (11172): Add_connection sldfabric.ident ident.ident_0 conduit
Info (11172): Add_connection configresetfabric.conf_reset_out_0 splitter.conf_reset_out_2 reset
Info (11172): Add_connection configresetfabric.conf_reset_out_1 sldfabric.conf_reset_out reset
Info (11172): Add_connection agilexconfigreset.conf_reset_0 splitter.conf_reset_0 reset
Info (11172): Set_parameter_value COMPOSED_SETTINGS {{fabric agilex_config_reset_release dir agent type_name 0 instance_name 0} {fabric sld dir agent mfr_code 110 type_code 9 version 0 instance 0 ir_width 4 bridge_agent 0 prefer_host {} type_name 0 instance_name 0} {fabric config_reset_release dir agent is_source 0 type_name 0 instance_name 0} {fabric sld dir agent mfr_code 110 type_code 19 version 1 instance 0 ir_width 5 bridge_agent 0 prefer_host {} type_name 0 instance_name 0} {fabric sld dir agent mfr_code 110 type_code 128 version 1 instance 0 ir_width 1 bridge_agent 0 prefer_host {} type_name 0 instance_name 0} }
Info (11172): Saving generation log to /nfs/site/disks/swuser_work_knithink/25.3/git/release/agilex5e-nios-ed/niosv_g/niosv_g_webserver_ping/sources/hw/dni/sandboxes/asccf06273700_51807_0/sld/ipgen/alt_sld_fab_0/alt_sld_fab_0_generation.rpt
Info (11172): Generated by version: 25.3 build 109
Info (11172): Starting: Create HDL design files for synthesis
Info (11172): Qsys-generate /nfs/site/disks/swuser_work_knithink/25.3/git/release/agilex5e-nios-ed/niosv_g/niosv_g_webserver_ping/sources/hw/dni/sandboxes/asccf06273700_51807_0/sld/ipgen/alt_sld_fab_0.ip --synthesis=VERILOG --output-directory=/nfs/site/disks/swuser_work_knithink/25.3/git/release/agilex5e-nios-ed/niosv_g/niosv_g_webserver_ping/sources/hw/dni/sandboxes/asccf06273700_51807_0/sld/ipgen/alt_sld_fab_0 --family="Agilex 5" --part=A5ED065BB32AE6SR0
Info (11172): Add_instance splitter altera_sld_splitter
Info (11172): Set_instance_parameter_value splitter ADD_INTERFACE_ASGN 1
Info (11172): Send_message info {SLD fabric agents which did not specify prefer_host were connected to JTAG}
Info (11172): Add_instance jtagpins altera_jtag_wys_atom
Info (11172): Add_instance sldfabric altera_sld_jtag_hub
Info (11172): Set_instance_parameter_value sldfabric COUNT 3
Info (11172): Set_instance_parameter_value sldfabric SETTINGS {{mfr_code 110 type_code 9 version 0 instance 0 ir_width 4 bridge_agent 0 prefer_host {} type_name 0 instance_name 0} {mfr_code 110 type_code 19 version 1 instance 0 ir_width 5 bridge_agent 0 prefer_host {} type_name 0 instance_name 0} {mfr_code 110 type_code 128 version 1 instance 0 ir_width 1 bridge_agent 0 prefer_host {} type_name 0 instance_name 0} }
Info (11172): Set_instance_parameter_value sldfabric CONN_INDEX 0
Info (11172): Set_instance_parameter_value sldfabric ENABLE_SOFT_CORE_CONTROLLER 0
Info (11172): Set_instance_parameter_value sldfabric BRIDGE_HOST 0
Info (11172): Set_instance_parameter_value sldfabric USE_TCK_ENA 0
Info (11172): Set_instance_parameter_value sldfabric NEGEDGE_TDO_LATCH 0
Info (11172): Add_instance ident altera_connection_identification_hub
Info (11172): Set_instance_parameter_value ident DESIGN_HASH 97f0f117d0126dfdded7
Info (11172): Set_instance_parameter_value ident COUNT 1
Info (11172): Set_instance_parameter_value ident SETTINGS {{width 4 latency 0 type_name 0 instance_name 0} }
Info (11172): Add_instance configresetfabric intel_configuration_debug_reset_release_hub
Info (11172): Set_instance_parameter_value configresetfabric COUNT 2
Info (11172): Set_instance_parameter_value configresetfabric SETTINGS {{is_source 0 type_name 0 instance_name 0} {is_source 0 type_name 0 instance_name 0} }
Info (11172): Add_instance agilexconfigreset intel_agilex_reset_release_from_sdm
Info (11172): Set_instance_parameter_value agilexconfigreset SETTINGS {{type_name 0 instance_name 0} }
Info (11172): Set_instance_parameter_value agilexconfigreset COUNT 1
Info (11172): Set_instance_parameter_value splitter FRAGMENTS {{{name conf_reset type reset dir end ports { {conf_reset reset in 1 0} } properties { {synchronousEdges {None} } } } } {{name clock type clock dir end ports { {tck clk in 1 0} } } {name node type conduit dir end ports { {tms tms in 1 1} {tdi tdi in 1 2} {tdo tdo out 1 0} {ena ena in 1 3} {usr1 usr1 in 1 4} {clr clr in 1 5} {clrn clrn in 1 6} {jtag_state_tlr jtag_state_tlr in 1 7} {jtag_state_rti jtag_state_rti in 1 8} {jtag_state_sdrs jtag_state_sdrs in 1 9} {jtag_state_cdr jtag_state_cdr in 1 10} {jtag_state_sdr jtag_state_sdr in 1 11} {jtag_state_e1dr jtag_state_e1dr in 1 12} {jtag_state_pdr jtag_state_pdr in 1 13} {jtag_state_e2dr jtag_state_e2dr in 1 14} {jtag_state_udr jtag_state_udr in 1 15} {jtag_state_sirs jtag_state_sirs in 1 16} {jtag_state_cir jtag_state_cir in 1 17} {jtag_state_sir jtag_state_sir in 1 18} {jtag_state_e1ir jtag_state_e1ir in 1 19} {jtag_state_pir jtag_state_pir in 1 20} {jtag_state_e2ir jtag_state_e2ir in 1 21} {jtag_state_uir jtag_state_uir in 1 22} {ir_in ir_in in 4 23} {irq irq out 1 1} {ir_out ir_out out 4 2} } clock clock assign {debug.controlledBy {link_1} } moduleassign {debug.virtualInterface.link_1 {debug.endpointLink {fabric sld index 1} } } } } {{name conf_reset_out type reset dir end ports { {reset_out reset in 1 0} } properties { {synchronousEdges {None} } } } } {{name clock type clock dir end ports { {tck clk in 1 0} } } {name node type conduit dir end ports { {tms tms in 1 1} {tdi tdi in 1 2} {tdo tdo out 1 0} {ena ena in 1 3} {usr1 usr1 in 1 4} {clr clr in 1 5} {clrn clrn in 1 6} {jtag_state_tlr jtag_state_tlr in 1 7} {jtag_state_rti jtag_state_rti in 1 8} {jtag_state_sdrs jtag_state_sdrs in 1 9} {jtag_state_cdr jtag_state_cdr in 1 10} {jtag_state_sdr jtag_state_sdr in 1 11} {jtag_state_e1dr jtag_state_e1dr in 1 12} {jtag_state_pdr jtag_state_pdr in 1 13} {jtag_state_e2dr jtag_state_e2dr in 1 14} {jtag_state_udr jtag_state_udr in 1 15} {jtag_state_sirs jtag_state_sirs in 1 16} {jtag_state_cir jtag_state_cir in 1 17} {jtag_state_sir jtag_state_sir in 1 18} {jtag_state_e1ir jtag_state_e1ir in 1 19} {jtag_state_pir jtag_state_pir in 1 20} {jtag_state_e2ir jtag_state_e2ir in 1 21} {jtag_state_uir jtag_state_uir in 1 22} {ir_in ir_in in 5 23} {irq irq out 1 1} {ir_out ir_out out 5 2} } clock clock assign {debug.controlledBy {link_3} } moduleassign {debug.virtualInterface.link_3 {debug.endpointLink {fabric sld index 2} } } } } {{name clock type clock dir end ports { {tck clk in 1 0} } } {name node type conduit dir end ports { {tms tms in 1 1} {tdi tdi in 1 2} {tdo tdo out 1 0} {ena ena in 1 3} {usr1 usr1 in 1 4} {clr clr in 1 5} {clrn clrn in 1 6} {jtag_state_tlr jtag_state_tlr in 1 7} {jtag_state_rti jtag_state_rti in 1 8} {jtag_state_sdrs jtag_state_sdrs in 1 9} {jtag_state_cdr jtag_state_cdr in 1 10} {jtag_state_sdr jtag_state_sdr in 1 11} {jtag_state_e1dr jtag_state_e1dr in 1 12} {jtag_state_pdr jtag_state_pdr in 1 13} {jtag_state_e2dr jtag_state_e2dr in 1 14} {jtag_state_udr jtag_state_udr in 1 15} {jtag_state_sirs jtag_state_sirs in 1 16} {jtag_state_cir jtag_state_cir in 1 17} {jtag_state_sir jtag_state_sir in 1 18} {jtag_state_e1ir jtag_state_e1ir in 1 19} {jtag_state_pir jtag_state_pir in 1 20} {jtag_state_e2ir jtag_state_e2ir in 1 21} {jtag_state_uir jtag_state_uir in 1 22} {ir_in ir_in in 1 23} {irq irq out 1 1} {ir_out ir_out out 1 2} } clock clock assign {debug.controlledBy {link_4} } moduleassign {debug.virtualInterface.link_4 {debug.endpointLink {fabric sld index 3} } } } } }
Info (11172): Add_connection jtagpins.clock sldfabric.clock clock
Info (11172): Add_connection jtagpins.node sldfabric.node conduit
Info (11172): Add_connection sldfabric.clock_0 splitter.clock_1 clock
Info (11172): Add_connection sldfabric.node_0 splitter.node_1 conduit
Info (11172): Add_connection sldfabric.clock_1 splitter.clock_3 clock
Info (11172): Add_connection sldfabric.node_1 splitter.node_3 conduit
Info (11172): Add_connection sldfabric.clock_2 splitter.clock_4 clock
Info (11172): Add_connection sldfabric.node_2 splitter.node_4 conduit
Info (11172): Add_connection sldfabric.ident ident.ident_0 conduit
Info (11172): Add_connection configresetfabric.conf_reset_out_0 splitter.conf_reset_out_2 reset
Info (11172): Add_connection configresetfabric.conf_reset_out_1 sldfabric.conf_reset_out reset
Info (11172): Add_connection agilexconfigreset.conf_reset_0 splitter.conf_reset_0 reset
Info (11172): Set_parameter_value COMPOSED_SETTINGS {{fabric agilex_config_reset_release dir agent type_name 0 instance_name 0} {fabric sld dir agent mfr_code 110 type_code 9 version 0 instance 0 ir_width 4 bridge_agent 0 prefer_host {} type_name 0 instance_name 0} {fabric config_reset_release dir agent is_source 0 type_name 0 instance_name 0} {fabric sld dir agent mfr_code 110 type_code 19 version 1 instance 0 ir_width 5 bridge_agent 0 prefer_host {} type_name 0 instance_name 0} {fabric sld dir agent mfr_code 110 type_code 128 version 1 instance 0 ir_width 1 bridge_agent 0 prefer_host {} type_name 0 instance_name 0} }
Info (11172): Add_instance splitter altera_sld_splitter
Info (11172): Set_instance_parameter_value splitter ADD_INTERFACE_ASGN 1
Info (11172): Send_message info {SLD fabric agents which did not specify prefer_host were connected to JTAG}
Info (11172): Add_instance jtagpins altera_jtag_wys_atom
Info (11172): Add_instance sldfabric altera_sld_jtag_hub
Info (11172): Set_instance_parameter_value sldfabric COUNT 3
Info (11172): Set_instance_parameter_value sldfabric SETTINGS {{mfr_code 110 type_code 9 version 0 instance 0 ir_width 4 bridge_agent 0 prefer_host {} type_name 0 instance_name 0} {mfr_code 110 type_code 19 version 1 instance 0 ir_width 5 bridge_agent 0 prefer_host {} type_name 0 instance_name 0} {mfr_code 110 type_code 128 version 1 instance 0 ir_width 1 bridge_agent 0 prefer_host {} type_name 0 instance_name 0} }
Info (11172): Set_instance_parameter_value sldfabric CONN_INDEX 0
Info (11172): Set_instance_parameter_value sldfabric ENABLE_SOFT_CORE_CONTROLLER 0
Info (11172): Set_instance_parameter_value sldfabric BRIDGE_HOST 0
Info (11172): Set_instance_parameter_value sldfabric USE_TCK_ENA 0
Info (11172): Set_instance_parameter_value sldfabric NEGEDGE_TDO_LATCH 0
Info (11172): Add_instance ident altera_connection_identification_hub
Info (11172): Set_instance_parameter_value ident DESIGN_HASH 97f0f117d0126dfdded7
Info (11172): Set_instance_parameter_value ident COUNT 1
Info (11172): Set_instance_parameter_value ident SETTINGS {{width 4 latency 0 type_name 0 instance_name 0} }
Info (11172): Add_instance configresetfabric intel_configuration_debug_reset_release_hub
Info (11172): Set_instance_parameter_value configresetfabric COUNT 2
Info (11172): Set_instance_parameter_value configresetfabric SETTINGS {{is_source 0 type_name 0 instance_name 0} {is_source 0 type_name 0 instance_name 0} }
Info (11172): Add_instance agilexconfigreset intel_agilex_reset_release_from_sdm
Info (11172): Set_instance_parameter_value agilexconfigreset SETTINGS {{type_name 0 instance_name 0} }
Info (11172): Set_instance_parameter_value agilexconfigreset COUNT 1
Info (11172): Set_instance_parameter_value splitter FRAGMENTS {{{name conf_reset type reset dir end ports { {conf_reset reset in 1 0} } properties { {synchronousEdges {None} } } } } {{name clock type clock dir end ports { {tck clk in 1 0} } } {name node type conduit dir end ports { {tms tms in 1 1} {tdi tdi in 1 2} {tdo tdo out 1 0} {ena ena in 1 3} {usr1 usr1 in 1 4} {clr clr in 1 5} {clrn clrn in 1 6} {jtag_state_tlr jtag_state_tlr in 1 7} {jtag_state_rti jtag_state_rti in 1 8} {jtag_state_sdrs jtag_state_sdrs in 1 9} {jtag_state_cdr jtag_state_cdr in 1 10} {jtag_state_sdr jtag_state_sdr in 1 11} {jtag_state_e1dr jtag_state_e1dr in 1 12} {jtag_state_pdr jtag_state_pdr in 1 13} {jtag_state_e2dr jtag_state_e2dr in 1 14} {jtag_state_udr jtag_state_udr in 1 15} {jtag_state_sirs jtag_state_sirs in 1 16} {jtag_state_cir jtag_state_cir in 1 17} {jtag_state_sir jtag_state_sir in 1 18} {jtag_state_e1ir jtag_state_e1ir in 1 19} {jtag_state_pir jtag_state_pir in 1 20} {jtag_state_e2ir jtag_state_e2ir in 1 21} {jtag_state_uir jtag_state_uir in 1 22} {ir_in ir_in in 4 23} {irq irq out 1 1} {ir_out ir_out out 4 2} } clock clock assign {debug.controlledBy {link_1} } moduleassign {debug.virtualInterface.link_1 {debug.endpointLink {fabric sld index 1} } } } } {{name conf_reset_out type reset dir end ports { {reset_out reset in 1 0} } properties { {synchronousEdges {None} } } } } {{name clock type clock dir end ports { {tck clk in 1 0} } } {name node type conduit dir end ports { {tms tms in 1 1} {tdi tdi in 1 2} {tdo tdo out 1 0} {ena ena in 1 3} {usr1 usr1 in 1 4} {clr clr in 1 5} {clrn clrn in 1 6} {jtag_state_tlr jtag_state_tlr in 1 7} {jtag_state_rti jtag_state_rti in 1 8} {jtag_state_sdrs jtag_state_sdrs in 1 9} {jtag_state_cdr jtag_state_cdr in 1 10} {jtag_state_sdr jtag_state_sdr in 1 11} {jtag_state_e1dr jtag_state_e1dr in 1 12} {jtag_state_pdr jtag_state_pdr in 1 13} {jtag_state_e2dr jtag_state_e2dr in 1 14} {jtag_state_udr jtag_state_udr in 1 15} {jtag_state_sirs jtag_state_sirs in 1 16} {jtag_state_cir jtag_state_cir in 1 17} {jtag_state_sir jtag_state_sir in 1 18} {jtag_state_e1ir jtag_state_e1ir in 1 19} {jtag_state_pir jtag_state_pir in 1 20} {jtag_state_e2ir jtag_state_e2ir in 1 21} {jtag_state_uir jtag_state_uir in 1 22} {ir_in ir_in in 5 23} {irq irq out 1 1} {ir_out ir_out out 5 2} } clock clock assign {debug.controlledBy {link_3} } moduleassign {debug.virtualInterface.link_3 {debug.endpointLink {fabric sld index 2} } } } } {{name clock type clock dir end ports { {tck clk in 1 0} } } {name node type conduit dir end ports { {tms tms in 1 1} {tdi tdi in 1 2} {tdo tdo out 1 0} {ena ena in 1 3} {usr1 usr1 in 1 4} {clr clr in 1 5} {clrn clrn in 1 6} {jtag_state_tlr jtag_state_tlr in 1 7} {jtag_state_rti jtag_state_rti in 1 8} {jtag_state_sdrs jtag_state_sdrs in 1 9} {jtag_state_cdr jtag_state_cdr in 1 10} {jtag_state_sdr jtag_state_sdr in 1 11} {jtag_state_e1dr jtag_state_e1dr in 1 12} {jtag_state_pdr jtag_state_pdr in 1 13} {jtag_state_e2dr jtag_state_e2dr in 1 14} {jtag_state_udr jtag_state_udr in 1 15} {jtag_state_sirs jtag_state_sirs in 1 16} {jtag_state_cir jtag_state_cir in 1 17} {jtag_state_sir jtag_state_sir in 1 18} {jtag_state_e1ir jtag_state_e1ir in 1 19} {jtag_state_pir jtag_state_pir in 1 20} {jtag_state_e2ir jtag_state_e2ir in 1 21} {jtag_state_uir jtag_state_uir in 1 22} {ir_in ir_in in 1 23} {irq irq out 1 1} {ir_out ir_out out 1 2} } clock clock assign {debug.controlledBy {link_4} } moduleassign {debug.virtualInterface.link_4 {debug.endpointLink {fabric sld index 3} } } } } }
Info (11172): Add_connection jtagpins.clock sldfabric.clock clock
Info (11172): Add_connection jtagpins.node sldfabric.node conduit
Info (11172): Add_connection sldfabric.clock_0 splitter.clock_1 clock
Info (11172): Add_connection sldfabric.node_0 splitter.node_1 conduit
Info (11172): Add_connection sldfabric.clock_1 splitter.clock_3 clock
Info (11172): Add_connection sldfabric.node_1 splitter.node_3 conduit
Info (11172): Add_connection sldfabric.clock_2 splitter.clock_4 clock
Info (11172): Add_connection sldfabric.node_2 splitter.node_4 conduit
Info (11172): Add_connection sldfabric.ident ident.ident_0 conduit
Info (11172): Add_connection configresetfabric.conf_reset_out_0 splitter.conf_reset_out_2 reset
Info (11172): Add_connection configresetfabric.conf_reset_out_1 sldfabric.conf_reset_out reset
Info (11172): Add_connection agilexconfigreset.conf_reset_0 splitter.conf_reset_0 reset
Info (11172): Set_parameter_value COMPOSED_SETTINGS {{fabric agilex_config_reset_release dir agent type_name 0 instance_name 0} {fabric sld dir agent mfr_code 110 type_code 9 version 0 instance 0 ir_width 4 bridge_agent 0 prefer_host {} type_name 0 instance_name 0} {fabric config_reset_release dir agent is_source 0 type_name 0 instance_name 0} {fabric sld dir agent mfr_code 110 type_code 19 version 1 instance 0 ir_width 5 bridge_agent 0 prefer_host {} type_name 0 instance_name 0} {fabric sld dir agent mfr_code 110 type_code 128 version 1 instance 0 ir_width 1 bridge_agent 0 prefer_host {} type_name 0 instance_name 0} }
Info (11172): Add_instance splitter altera_sld_splitter
Info (11172): Set_instance_parameter_value splitter ADD_INTERFACE_ASGN 1
Info (11172): Send_message info {SLD fabric agents which did not specify prefer_host were connected to JTAG}
Info (11172): Add_instance jtagpins altera_jtag_wys_atom
Info (11172): Add_instance sldfabric altera_sld_jtag_hub
Info (11172): Set_instance_parameter_value sldfabric COUNT 3
Info (11172): Set_instance_parameter_value sldfabric SETTINGS {{mfr_code 110 type_code 9 version 0 instance 0 ir_width 4 bridge_agent 0 prefer_host {} type_name 0 instance_name 0} {mfr_code 110 type_code 19 version 1 instance 0 ir_width 5 bridge_agent 0 prefer_host {} type_name 0 instance_name 0} {mfr_code 110 type_code 128 version 1 instance 0 ir_width 1 bridge_agent 0 prefer_host {} type_name 0 instance_name 0} }
Info (11172): Set_instance_parameter_value sldfabric CONN_INDEX 0
Info (11172): Set_instance_parameter_value sldfabric ENABLE_SOFT_CORE_CONTROLLER 0
Info (11172): Set_instance_parameter_value sldfabric BRIDGE_HOST 0
Info (11172): Set_instance_parameter_value sldfabric USE_TCK_ENA 0
Info (11172): Set_instance_parameter_value sldfabric NEGEDGE_TDO_LATCH 0
Info (11172): Add_instance ident altera_connection_identification_hub
Info (11172): Set_instance_parameter_value ident DESIGN_HASH 97f0f117d0126dfdded7
Info (11172): Set_instance_parameter_value ident COUNT 1
Info (11172): Set_instance_parameter_value ident SETTINGS {{width 4 latency 0 type_name 0 instance_name 0} }
Info (11172): Add_instance configresetfabric intel_configuration_debug_reset_release_hub
Info (11172): Set_instance_parameter_value configresetfabric COUNT 2
Info (11172): Set_instance_parameter_value configresetfabric SETTINGS {{is_source 0 type_name 0 instance_name 0} {is_source 0 type_name 0 instance_name 0} }
Info (11172): Add_instance agilexconfigreset intel_agilex_reset_release_from_sdm
Info (11172): Set_instance_parameter_value agilexconfigreset SETTINGS {{type_name 0 instance_name 0} }
Info (11172): Set_instance_parameter_value agilexconfigreset COUNT 1
Info (11172): Set_instance_parameter_value splitter FRAGMENTS {{{name conf_reset type reset dir end ports { {conf_reset reset in 1 0} } properties { {synchronousEdges {None} } } } } {{name clock type clock dir end ports { {tck clk in 1 0} } } {name node type conduit dir end ports { {tms tms in 1 1} {tdi tdi in 1 2} {tdo tdo out 1 0} {ena ena in 1 3} {usr1 usr1 in 1 4} {clr clr in 1 5} {clrn clrn in 1 6} {jtag_state_tlr jtag_state_tlr in 1 7} {jtag_state_rti jtag_state_rti in 1 8} {jtag_state_sdrs jtag_state_sdrs in 1 9} {jtag_state_cdr jtag_state_cdr in 1 10} {jtag_state_sdr jtag_state_sdr in 1 11} {jtag_state_e1dr jtag_state_e1dr in 1 12} {jtag_state_pdr jtag_state_pdr in 1 13} {jtag_state_e2dr jtag_state_e2dr in 1 14} {jtag_state_udr jtag_state_udr in 1 15} {jtag_state_sirs jtag_state_sirs in 1 16} {jtag_state_cir jtag_state_cir in 1 17} {jtag_state_sir jtag_state_sir in 1 18} {jtag_state_e1ir jtag_state_e1ir in 1 19} {jtag_state_pir jtag_state_pir in 1 20} {jtag_state_e2ir jtag_state_e2ir in 1 21} {jtag_state_uir jtag_state_uir in 1 22} {ir_in ir_in in 4 23} {irq irq out 1 1} {ir_out ir_out out 4 2} } clock clock assign {debug.controlledBy {link_1} } moduleassign {debug.virtualInterface.link_1 {debug.endpointLink {fabric sld index 1} } } } } {{name conf_reset_out type reset dir end ports { {reset_out reset in 1 0} } properties { {synchronousEdges {None} } } } } {{name clock type clock dir end ports { {tck clk in 1 0} } } {name node type conduit dir end ports { {tms tms in 1 1} {tdi tdi in 1 2} {tdo tdo out 1 0} {ena ena in 1 3} {usr1 usr1 in 1 4} {clr clr in 1 5} {clrn clrn in 1 6} {jtag_state_tlr jtag_state_tlr in 1 7} {jtag_state_rti jtag_state_rti in 1 8} {jtag_state_sdrs jtag_state_sdrs in 1 9} {jtag_state_cdr jtag_state_cdr in 1 10} {jtag_state_sdr jtag_state_sdr in 1 11} {jtag_state_e1dr jtag_state_e1dr in 1 12} {jtag_state_pdr jtag_state_pdr in 1 13} {jtag_state_e2dr jtag_state_e2dr in 1 14} {jtag_state_udr jtag_state_udr in 1 15} {jtag_state_sirs jtag_state_sirs in 1 16} {jtag_state_cir jtag_state_cir in 1 17} {jtag_state_sir jtag_state_sir in 1 18} {jtag_state_e1ir jtag_state_e1ir in 1 19} {jtag_state_pir jtag_state_pir in 1 20} {jtag_state_e2ir jtag_state_e2ir in 1 21} {jtag_state_uir jtag_state_uir in 1 22} {ir_in ir_in in 5 23} {irq irq out 1 1} {ir_out ir_out out 5 2} } clock clock assign {debug.controlledBy {link_3} } moduleassign {debug.virtualInterface.link_3 {debug.endpointLink {fabric sld index 2} } } } } {{name clock type clock dir end ports { {tck clk in 1 0} } } {name node type conduit dir end ports { {tms tms in 1 1} {tdi tdi in 1 2} {tdo tdo out 1 0} {ena ena in 1 3} {usr1 usr1 in 1 4} {clr clr in 1 5} {clrn clrn in 1 6} {jtag_state_tlr jtag_state_tlr in 1 7} {jtag_state_rti jtag_state_rti in 1 8} {jtag_state_sdrs jtag_state_sdrs in 1 9} {jtag_state_cdr jtag_state_cdr in 1 10} {jtag_state_sdr jtag_state_sdr in 1 11} {jtag_state_e1dr jtag_state_e1dr in 1 12} {jtag_state_pdr jtag_state_pdr in 1 13} {jtag_state_e2dr jtag_state_e2dr in 1 14} {jtag_state_udr jtag_state_udr in 1 15} {jtag_state_sirs jtag_state_sirs in 1 16} {jtag_state_cir jtag_state_cir in 1 17} {jtag_state_sir jtag_state_sir in 1 18} {jtag_state_e1ir jtag_state_e1ir in 1 19} {jtag_state_pir jtag_state_pir in 1 20} {jtag_state_e2ir jtag_state_e2ir in 1 21} {jtag_state_uir jtag_state_uir in 1 22} {ir_in ir_in in 1 23} {irq irq out 1 1} {ir_out ir_out out 1 2} } clock clock assign {debug.controlledBy {link_4} } moduleassign {debug.virtualInterface.link_4 {debug.endpointLink {fabric sld index 3} } } } } }
Info (11172): Add_connection jtagpins.clock sldfabric.clock clock
Info (11172): Add_connection jtagpins.node sldfabric.node conduit
Info (11172): Add_connection sldfabric.clock_0 splitter.clock_1 clock
Info (11172): Add_connection sldfabric.node_0 splitter.node_1 conduit
Info (11172): Add_connection sldfabric.clock_1 splitter.clock_3 clock
Info (11172): Add_connection sldfabric.node_1 splitter.node_3 conduit
Info (11172): Add_connection sldfabric.clock_2 splitter.clock_4 clock
Info (11172): Add_connection sldfabric.node_2 splitter.node_4 conduit
Info (11172): Add_connection sldfabric.ident ident.ident_0 conduit
Info (11172): Add_connection configresetfabric.conf_reset_out_0 splitter.conf_reset_out_2 reset
Info (11172): Add_connection configresetfabric.conf_reset_out_1 sldfabric.conf_reset_out reset
Info (11172): Add_connection agilexconfigreset.conf_reset_0 splitter.conf_reset_0 reset
Info (11172): Set_parameter_value COMPOSED_SETTINGS {{fabric agilex_config_reset_release dir agent type_name 0 instance_name 0} {fabric sld dir agent mfr_code 110 type_code 9 version 0 instance 0 ir_width 4 bridge_agent 0 prefer_host {} type_name 0 instance_name 0} {fabric config_reset_release dir agent is_source 0 type_name 0 instance_name 0} {fabric sld dir agent mfr_code 110 type_code 19 version 1 instance 0 ir_width 5 bridge_agent 0 prefer_host {} type_name 0 instance_name 0} {fabric sld dir agent mfr_code 110 type_code 128 version 1 instance 0 ir_width 1 bridge_agent 0 prefer_host {} type_name 0 instance_name 0} }
Info (11172): Alt_sld_fab_0.alt_sld_fab_0.alt_sld_fab_0: SLD fabric agents which did not specify prefer_host were connected to JTAG
Info (11172): Alt_sld_fab_0: "Transforming system: alt_sld_fab_0"
Info (11172): Alt_sld_fab_0: "Naming system components in system: alt_sld_fab_0"
Info (11172): Alt_sld_fab_0: "Processing generation queue"
Info (11172): Alt_sld_fab_0: "Generating: alt_sld_fab_0"
Info (11172): Alt_sld_fab_0: "Generating: alt_sld_fab_0_alt_sld_fab_0_10_fkimwiy"
Info (11172): Alt_sld_fab_0: "Generating: alt_sld_fab_0_alt_sld_fab_1920_ratqssy"
Info (11172): Alt_sld_fab_0: "Generating: alt_sld_fab_0_altera_sld_splitter_1920_zym7gpy"
Info (11172): Alt_sld_fab_0: "Generating: altera_jtag_wys_atom"
Info (11172): Alt_sld_fab_0: "Generating: alt_sld_fab_0_altera_sld_jtag_hub_1920_b2ci2hi"
Info (11172): Alt_sld_fab_0: "Generating: alt_sld_fab_0_altera_connection_identification_hub_1920_rzug52i"
Info (11172): Alt_sld_fab_0: "Generating: alt_sld_fab_0_intel_configuration_debug_reset_release_hub_203_3zcljpq"
Info (11172): Conf_reset_src: "Generating: conf_reset_src"
Info (11172): Grounded_conf_reset_src: "Generating: grounded_conf_reset_src"
Info (11172): Alt_sld_fab_0: "Generating: alt_sld_fab_0_intel_agilex_reset_release_from_sdm_203_poqcpxq"
Info (11172): Alt_sld_fab_0: "Generating: conf_reset_src"
Info (11172): Alt_sld_fab_0: "Generating: grounded_conf_reset_src"
Info (11172): Alt_sld_fab_0: "Generating: intel_configuration_reset_release_for_debug"
Info (11172): Alt_sld_fab_0: "Generating: intel_configuration_reset_release_to_debug_logic"
Info (11172): Alt_sld_fab_0: Done "alt_sld_fab_0" with 13 modules, 14 files
Info (11172): Finished: Create HDL design files for synthesis
Info (11172): Generation of /nfs/site/disks/swuser_work_knithink/25.3/git/release/agilex5e-nios-ed/niosv_g/niosv_g_webserver_ping/sources/hw/dni/sandboxes/asccf06273700_51807_0/sld/ipgen/alt_sld_fab_0.ip (alt_sld_fab_0) took 949 ms
Info (11171): Finished IP generation for the debug fabric: alt_sld_fab_0.
Info (19337): VHDL info at alt_sld_fab_0_altera_sld_jtag_hub_1920_b2ci2hi.vhd(13): executing entity "alt_sld_fab_0_altera_sld_jtag_hub_1920_b2ci2hi(device_family="Agilex 5",n_node_ir_bits=5,node_info="000011000000000001101110000000000000100010011000011011100000000000000000010010000110111000000000",compilation_mode=0,force_pre_1_4_feature=0,negedge_tdo_latch=0)(1,8)(1,0)(1,96)" with architecture "rtl" File: /nfs/site/disks/swuser_work_knithink/25.3/git/release/agilex5e-nios-ed/niosv_g/niosv_g_webserver_ping/sources/hw/dni/sandboxes/asccf06273700_51807_0/sld/ipgen/alt_sld_fab_0/altera_sld_jtag_hub_1920/synth/alt_sld_fab_0_altera_sld_jtag_hub_1920_b2ci2hi.vhd Line: 13
Info (19337): VHDL info at sld_jtag_hub.vhd(89): executing entity "sld_jtag_hub(device_family="Agilex 5",n_node_ir_bits=5,node_info="000011000000000001101110000000000000100010011000011011100000000000000000010010000110111000000000",force_pre_1_4_feature=0,negedge_tdo_latch=0)(1,8)(95,0)" with architecture "rtl" File: /p/psg/swip/releases6/acdskit/25.3/109/linux64/quartus/libraries/megafunctions/sld_jtag_hub.vhd Line: 89
Info (19337): VHDL info at sld_hub.vhd(1554): executing entity "sld_shadow_jsm(ip_major_version=1,ip_minor_version=5)" with architecture "rtl" File: /p/psg/swip/releases6/acdskit/25.3/109/linux64/quartus/libraries/megafunctions/sld_hub.vhd Line: 1554
Info (19337): VHDL info at sld_rom_sr.vhd(5): executing entity "sld_rom_sr(n_bits=128)" with architecture "INFO_REG" File: /p/psg/swip/releases6/acdskit/25.3/109/linux64/quartus/libraries/megafunctions/sld_rom_sr.vhd Line: 5
Info: DA report generation in native DNI mode
Info (21615): Running Design Assistant Rules for snapshot 'partitioned'
Info: No waiver waived any violations
Info (22360): Design Assistant Results: 27 of 29 enabled rules passed, and 1 rules was disabled, in snapshot 'partitioned'
Info (21660): Design Assistant Results: 0 of 19 Critical severity rules issued violations in snapshot 'partitioned'
Info (21661): Design Assistant Results: 0 of 1 High severity rules issued violations in snapshot 'partitioned'
Info (21621): Design Assistant Results: 1 of 1 Medium severity rules issued violations in snapshot 'partitioned'. Please refer to DRC report '/nfs/site/disks/swuser_work_knithink/25.3/git/release/agilex5e-nios-ed/niosv_g/niosv_g_webserver_ping/sources/hw/output_files/top.drc.partitioned.rpt' for more information
Info (21622): Design Assistant Results: 1 of 8 Low severity rules issued violations in snapshot 'partitioned'. Please refer to DRC report '/nfs/site/disks/swuser_work_knithink/25.3/git/release/agilex5e-nios-ed/niosv_g/niosv_g_webserver_ping/sources/hw/output_files/top.drc.partitioned.rpt' for more information


