Fitter Plan Stage Report for top
Tue Oct 28 04:23:07 2025
Quartus Prime Version 25.3.0 Build 109 09/24/2025 SC Pro Edition


---------------------
; Table of Contents ;
---------------------
  1. Legal Notice
  2. Fitter Device Options
  3. Operating Settings and Conditions
  4. Pin-Out File
  5. Input Pins
  6. Output Pins
  7. Bidir Pins
  8. I/O Bank Usage
  9. Detailed I/O Block Info
 10. All Package Pins
 11. PLL Usage Summary
 12. Output Pin Default Load For Reported TCO
 13. I/O Assignment Warnings
 14. Control Signals
 15. Fixed Point DSP Register Packing Summary
 16. Fixed Point DSP Register Packing Details
 17. Plan Messages



----------------
; Legal Notice ;
----------------
Copyright (C) 2025  Altera Corporation. All rights reserved.
Your use of Altera Corporation's design tools, logic functions 
and other software and tools, and any partner logic 
functions, and any output files from any of the foregoing 
(including device programming or simulation files), and any 
associated documentation or information are expressly subject 
to the terms and conditions of the Altera Program License 
Subscription Agreement, the Altera Quartus Prime License Agreement,
the Altera IP License Agreement, or other applicable license
agreement, including, without limitation, that your use is for
the sole purpose of programming logic devices manufactured by
Altera and sold by Altera or its authorized distributors.  Please
refer to the Altera Software License Subscription Agreements 
on the Quartus Prime software download page.



+-----------------------------------------------------------+
; Fitter Device Options                                     ;
+-----------------------------+-----------------------------+
; Option                      ; Setting                     ;
+-----------------------------+-----------------------------+
; Configuration scheme        ; AVST x8                     ;
; Enable internal scrubbing   ; Off                         ;
; Active Serial clock source  ; 100 MHz Internal Oscillator ;
; Configuration clock source  ; 125 MHz OSC_CLK_1 pin       ;
; Configuration via Protocol  ; Off                         ;
; Configuration Voltage Level ; Auto                        ;
+-----------------------------+-----------------------------+


+------------------------------------+
; Operating Settings and Conditions  ;
+---------------------------+--------+
; Setting                   ; Value  ;
+---------------------------+--------+
; Nominal Core Voltage      ; 0.75V  ;
; Low Junction Temperature  ; 0 °C   ;
; High Junction Temperature ; 100 °C ;
+---------------------------+--------+


+--------------+
; Pin-Out File ;
+--------------+
The pin-out file can be found in /nfs/site/disks/swuser_work_knithink/25.3/git/release/agilex5e-nios-ed/niosv_g/niosv_g_webserver_ping/sources/hw/output_files/top.pin.


+-----------------------------------------------------------------------------------------------------------------------------------------------------------------------------------------------------------------------------------------------------------------------------------------------+
; Input Pins                                                                                                                                                                                                                                                                                    ;
+-------------+-------+----------+--------------+--------------+--------------+-----------------------+--------------------+--------+----------------+----------+--------------+-----------------------------------+-------------+---------------------------+----------------------+-----------+
; Name        ; Pin # ; I/O Bank ; X coordinate ; Y coordinate ; Z coordinate ; Combinational Fan-Out ; Registered Fan-Out ; Global ; Input Register ; Bus Hold ; Weak Pull Up ; I/O Standard                      ; Termination ; Termination Control Block ; Location assigned by ; Slew Rate ;
+-------------+-------+----------+--------------+--------------+--------------+-----------------------+--------------------+--------+----------------+----------+--------------+-----------------------------------+-------------+---------------------------+----------------------+-----------+
; CLK_125M    ; BM71  ; 2A_T     ; 62           ; 0            ; 117          ; 1                     ; 0                  ; no     ; no             ; no       ; Off          ; 1.1-V True Differential Signaling ; Off         ; --                        ; User                 ; no        ;
; CLK_125M(n) ; BP71  ; 2A_T     ; 62           ; 0            ; 120          ; 0                     ; 0                  ; no     ; no             ; no       ; Off          ; 1.1-V True Differential Signaling ; Off         ; --                        ; Fitter               ; no        ;
; rgmii_in[0] ; A30   ; 6D       ; 180          ; 146          ; 119          ; 1                     ; 0                  ; no     ; no             ; no       ; Off          ; 1.8-V LVCMOS                      ; Off         ; --                        ; User                 ; no        ;
; rgmii_in[1] ; B30   ; 6D       ; 180          ; 146          ; 42           ; 1                     ; 0                  ; no     ; no             ; no       ; Off          ; 1.8-V LVCMOS                      ; Off         ; --                        ; User                 ; no        ;
; rgmii_in[2] ; A33   ; 6D       ; 180          ; 146          ; 273          ; 1                     ; 0                  ; no     ; no             ; no       ; Off          ; 1.8-V LVCMOS                      ; Off         ; --                        ; User                 ; no        ;
; rgmii_in[3] ; A35   ; 6D       ; 180          ; 146          ; 196          ; 1                     ; 0                  ; no     ; no             ; no       ; Off          ; 1.8-V LVCMOS                      ; Off         ; --                        ; User                 ; no        ;
; rgmii_rxclk ; B23   ; 6D       ; 179          ; 146          ; 847          ; 3085                  ; 0                  ; yes    ; no             ; no       ; Off          ; 1.8-V LVCMOS                      ; Off         ; --                        ; User                 ; no        ;
; rgmii_rxctl ; B20   ; 6D       ; 179          ; 146          ; 770          ; 0                     ; 2                  ; no     ; yes            ; no       ; Off          ; 1.8-V LVCMOS                      ; Off         ; --                        ; User                 ; no        ;
+-------------+-------+----------+--------------+--------------+--------------+-----------------------+--------------------+--------+----------------+----------+--------------+-----------------------------------+-------------+---------------------------+----------------------+-----------+


+-----------------------------------------------------------------------------------------------------------------------------------------------------------------------------------------------------------------------------------------------------------------------------------------------------------------------------------------------------------------------------------------------------------------+
; Output Pins                                                                                                                                                                                                                                                                                                                                                                                                     ;
+--------------+-------+----------+--------------+--------------+--------------+-----------------+------------------------+-----------+------------+---------------+----------+--------------+--------------+-----------------------------------+---------------------------+----------------------------+-----------------------------+----------------------+------+----------------------+---------------------+
; Name         ; Pin # ; I/O Bank ; X coordinate ; Y coordinate ; Z coordinate ; Output Register ; Output Enable Register ; Slew Rate ; Open Drain ; TRI Primitive ; Bus Hold ; Weak Pull Up ; I/O Standard ; Termination                       ; Termination Control Block ; Output Buffer Pre-emphasis ; Voltage Output Differential ; Location assigned by ; Load ; Output Enable Source ; Output Enable Group ;
+--------------+-------+----------+--------------+--------------+--------------+-----------------+------------------------+-----------+------------+---------------+----------+--------------+--------------+-----------------------------------+---------------------------+----------------------------+-----------------------------+----------------------+------+----------------------+---------------------+
; MDC          ; B26   ; 6D       ; 179          ; 146          ; 924          ; no              ; no                     ; 2         ; no         ; no            ; no       ; Off          ; 1.8-V LVCMOS ; Series 30 Ohm without Calibration ; --                        ; 0                          ; no                          ; User                 ; 0 pF ; -                    ; -                   ;
; phy_resetn   ; D34   ; 6D       ; 180          ; 146          ; 506          ; no              ; no                     ; 2         ; no         ; no            ; no       ; Off          ; 1.8-V LVCMOS ; Series 30 Ohm without Calibration ; --                        ; 0                          ; no                          ; User                 ; 0 pF ; -                    ; -                   ;
; rgmii_out[0] ; A8    ; 6D       ; 179          ; 146          ; 73           ; yes             ; no                     ; 2         ; no         ; no            ; no       ; Off          ; 1.8-V LVCMOS ; Series 30 Ohm without Calibration ; --                        ; 0                          ; no                          ; User                 ; 0 pF ; -                    ; -                   ;
; rgmii_out[1] ; B4    ; 6D       ; 179          ; 146          ; 150          ; yes             ; no                     ; 2         ; no         ; no            ; no       ; Off          ; 1.8-V LVCMOS ; Series 30 Ohm without Calibration ; --                        ; 0                          ; no                          ; User                 ; 0 pF ; -                    ; -                   ;
; rgmii_out[2] ; A11   ; 6D       ; 179          ; 146          ; 227          ; yes             ; no                     ; 2         ; no         ; no            ; no       ; Off          ; 1.8-V LVCMOS ; Series 30 Ohm without Calibration ; --                        ; 0                          ; no                          ; User                 ; 0 pF ; -                    ; -                   ;
; rgmii_out[3] ; B11   ; 6D       ; 179          ; 146          ; 304          ; yes             ; no                     ; 2         ; no         ; no            ; no       ; Off          ; 1.8-V LVCMOS ; Series 30 Ohm without Calibration ; --                        ; 0                          ; no                          ; User                 ; 0 pF ; -                    ; -                   ;
; rgmii_txclk  ; B14   ; 6D       ; 179          ; 146          ; 383          ; no              ; no                     ; 2         ; no         ; no            ; no       ; Off          ; 1.8-V LVCMOS ; Series 30 Ohm without Calibration ; --                        ; 0                          ; no                          ; User                 ; 0 pF ; -                    ; -                   ;
; rgmii_txctl  ; A14   ; 6D       ; 179          ; 146          ; 460          ; yes             ; no                     ; 2         ; no         ; no            ; no       ; Off          ; 1.8-V LVCMOS ; Series 30 Ohm without Calibration ; --                        ; 0                          ; no                          ; User                 ; 0 pF ; -                    ; -                   ;
; user_led[0]  ; BM59  ; 2A_T     ; 62           ; 0            ; 152          ; no              ; no                     ; 1         ; no         ; no            ; no       ; Off          ; 1.1-V        ; Series 40 Ohm without Calibration ; --                        ; 0                          ; 2                           ; User                 ; 0 pF ; -                    ; -                   ;
; user_led[1]  ; BH59  ; 2A_T     ; 62           ; 0            ; 148          ; no              ; no                     ; 1         ; no         ; no            ; no       ; Off          ; 1.1-V        ; Series 40 Ohm without Calibration ; --                        ; 0                          ; 2                           ; User                 ; 0 pF ; -                    ; -                   ;
; user_led[2]  ; BH62  ; 2A_T     ; 62           ; 0            ; 145          ; no              ; no                     ; 1         ; no         ; no            ; no       ; Off          ; 1.1-V        ; Series 40 Ohm without Calibration ; --                        ; 0                          ; 2                           ; User                 ; 0 pF ; -                    ; -                   ;
; user_led[3]  ; BK59  ; 2A_T     ; 62           ; 0            ; 155          ; no              ; no                     ; 1         ; no         ; no            ; no       ; Off          ; 1.1-V        ; Series 40 Ohm without Calibration ; --                        ; 0                          ; 2                           ; User                 ; 0 pF ; -                    ; -                   ;
+--------------+-------+----------+--------------+--------------+--------------+-----------------+------------------------+-----------+------------+---------------+----------+--------------+--------------+-----------------------------------+---------------------------+----------------------------+-----------------------------+----------------------+------+----------------------+---------------------+


+---------------------------------------------------------------------------------------------------------------------------------------------------------------------------------------------------------------------------------------------------------------------------------------------------------------------------------------------------------------------------------------------------------------------------------------------------------------------------------------------------------+
; Bidir Pins                                                                                                                                                                                                                                                                                                                                                                                                                                                                                              ;
+------+-------+----------+--------------+--------------+--------------+-----------------------+--------------------+--------+----------------+-----------------+------------------------+-----------+------------+----------+--------------+--------------+-------------------+-----------------------------------+---------------------------+----------------------------+----------------------+------+-------------------------------------------------------------------------+---------------------+
; Name ; Pin # ; I/O Bank ; X coordinate ; Y coordinate ; Z coordinate ; Combinational Fan-Out ; Registered Fan-Out ; Global ; Input Register ; Output Register ; Output Enable Register ; Slew Rate ; Open Drain ; Bus Hold ; Weak Pull Up ; I/O Standard ; Input Termination ; Output Termination                ; Termination Control Block ; Output Buffer Pre-emphasis ; Location assigned by ; Load ; Output Enable Source                                                    ; Output Enable Group ;
+------+-------+----------+--------------+--------------+--------------+-----------------------+--------------------+--------+----------------+-----------------+------------------------+-----------+------------+----------+--------------+--------------+-------------------+-----------------------------------+---------------------------+----------------------------+----------------------+------+-------------------------------------------------------------------------+---------------------+
; MDIO ; A39   ; 6D       ; 180          ; 146          ; 352          ; 1                     ; 0                  ; no     ; no             ; no              ; no                     ; 2         ; no         ; no       ; Off          ; 1.8-V LVCMOS ; Off               ; Series 30 Ohm without Calibration ; --                        ; 32767                      ; User                 ; 0 pF ; qsys_top_0|sys_tse|intel_eth_tse_0|i_tse_mac|U_MDIO|mdio_oen (inverted) ; -                   ;
+------+-------+----------+--------------+--------------+--------------+-----------------------+--------------------+--------+----------------+-----------------+------------------------+-----------+------------+----------+--------------+--------------+-------------------+-----------------------------------+---------------------------+----------------------------+----------------------+------+-------------------------------------------------------------------------+---------------------+


+------------------------------------------------------------+
; I/O Bank Usage                                             ;
+----------+------------------+---------------+--------------+
; I/O Bank ; Usage            ; VCCIO Voltage ; VREF Voltage ;
+----------+------------------+---------------+--------------+
; SDM      ; 20 / 33 ( 61 % ) ; --            ; --           ;
; HPS      ; 0 / 48 ( 0 % )   ; --            ; --           ;
; 2A_T     ; 6 / 48 ( 13 % )  ; 1.1V          ; --           ;
; 2A_B     ; 0 / 48 ( 0 % )   ; 1.1V          ; --           ;
; 2B_T     ; 0 / 48 ( 0 % )   ; 1.2V          ; --           ;
; 2B_B     ; 0 / 48 ( 0 % )   ; 1.2V          ; --           ;
; 3A_T     ; 0 / 48 ( 0 % )   ; 1.2V          ; --           ;
; 3A_B     ; 0 / 48 ( 0 % )   ; 1.2V          ; --           ;
; 3B_T     ; 0 / 48 ( 0 % )   ; 1.2V          ; --           ;
; 3B_B     ; 0 / 48 ( 0 % )   ; 1.2V          ; --           ;
; 5A       ; 0 / 20 ( 0 % )   ; 3.3V          ; --           ;
; 5B       ; 0 / 20 ( 0 % )   ; 3.3V          ; --           ;
; 6A       ; 0 / 20 ( 0 % )   ; 3.3V          ; --           ;
; 6B       ; 0 / 20 ( 0 % )   ; 3.3V          ; --           ;
; 6C       ; 0 / 20 ( 0 % )   ; 3.3V          ; --           ;
; 6D       ; 15 / 20 ( 75 % ) ; 1.8V          ; --           ;
; 1A       ; 0 / 20 ( 0 % )   ; --            ; --           ;
; 1B       ; 0 / 20 ( 0 % )   ; --            ; --           ;
; 1C       ; 0 / 20 ( 0 % )   ; --            ; --           ;
; 4A       ; 0 / 20 ( 0 % )   ; --            ; --           ;
; 4B       ; 0 / 20 ( 0 % )   ; --            ; --           ;
; 4C       ; 0 / 20 ( 0 % )   ; --            ; --           ;
+----------+------------------+---------------+--------------+


+---------------------------------------------------------------------+
; Detailed I/O Block Info                                             ;
+----------+------------+-------+--------------+----------------------+
; I/O Bank ; Pin Index  ; Pin # ; Assignment   ; Location assigned by ;
+----------+------------+-------+--------------+----------------------+
; 2A_B     ;            ;       ;              ;                      ;
;     --   ; 47         ; BK78  ;              ;                      ;
;     --   ; 46         ; BM78  ;              ;                      ;
;     --   ; 45         ; BH78  ;              ;                      ;
;     --   ; 44         ; BH81  ;              ;                      ;
;     --   ; 43         ; BP81  ;              ;                      ;
;     --   ; 42         ; BM81  ;              ;                      ;
;     --   ; 41         ; BM89  ;              ;                      ;
;     --   ; 40         ; BK89  ;              ;                      ;
;     --   ; 39         ; BH92  ;              ;                      ;
;     --   ; 38         ; BH89  ;              ;                      ;
;     --   ; 37         ; BM92  ;              ;                      ;
;     --   ; 36         ; BP92  ;              ;                      ;
;     --   ; 35         ; CA78  ;              ;                      ;
;     --   ; 34         ; BW78  ;              ;                      ;
;     --   ; 33         ; BU78  ;              ;                      ;
;     --   ; 32         ; BR78  ;              ;                      ;
;     --   ; 31         ; BU81  ;              ;                      ;
;     --   ; 30         ; BR81  ;              ;                      ;
;     --   ; 29         ; CA89  ;              ;                      ;
;     --   ; 28         ; BW89  ;              ;                      ;
;     --   ; 27         ; BU92  ;              ;                      ;
;     --   ; 26         ; BR92  ;              ;                      ;
;     --   ; 25         ; BU89  ;              ;                      ;
;     --   ; 24         ; BR89  ;              ;                      ;
;     --   ; 23         ; CF78  ;              ;                      ;
;     --   ; 22         ; CH78  ;              ;                      ;
;     --   ; 21         ; CC81  ;              ;                      ;
;     --   ; 20         ; CA81  ;              ;                      ;
;     --   ; 19         ; CH81  ;              ;                      ;
;     --   ; 18         ; CF81  ;              ;                      ;
;     --   ; 17         ; CF89  ;              ;                      ;
;     --   ; 16         ; CH89  ;              ;                      ;
;     --   ; 15         ; CH92  ;              ;                      ;
;     --   ; 14         ; CF92  ;              ;                      ;
;     --   ; 13         ; CA92  ;              ;                      ;
;     --   ; 12         ; CC92  ;              ;                      ;
;     --   ; 11         ; CL76  ;              ;                      ;
;     --   ; 10         ; CK76  ;              ;                      ;
;     --   ; 9          ; CL82  ;              ;                      ;
;     --   ; 8          ; CK80  ;              ;                      ;
;     --   ; 7          ; CL85  ;              ;                      ;
;     --   ; 6          ; CK85  ;              ;                      ;
;     --   ; 5          ; CK88  ;              ;                      ;
;     --   ; 4          ; CL88  ;              ;                      ;
;     --   ; 3          ; CL97  ;              ;                      ;
;     --   ; 2          ; CK97  ;              ;                      ;
;     --   ; 1          ; CK94  ;              ;                      ;
;     --   ; 0          ; CL91  ;              ;                      ;
; 2A_T     ;            ;       ;              ;                      ;
;     --   ; 95         ; CH59  ;              ;                      ;
;     --   ; 94         ; CF59  ;              ;                      ;
;     --   ; 93         ; CH62  ;              ;                      ;
;     --   ; 92         ; CF62  ;              ;                      ;
;     --   ; 91         ; CC62  ;              ;                      ;
;     --   ; 90         ; CA62  ;              ;                      ;
;     --   ; 89         ; CF69  ;              ;                      ;
;     --   ; 88         ; CH69  ;              ;                      ;
;     --   ; 87         ; CA71  ;              ;                      ;
;     --   ; 86         ; CC71  ;              ;                      ;
;     --   ; 85         ; CH71  ;              ;                      ;
;     --   ; 84         ; CF71  ;              ;                      ;
;     --   ; 83         ; CA59  ;              ;                      ;
;     --   ; 82         ; BW59  ;              ;                      ;
;     --   ; 81         ; BR59  ;              ;                      ;
;     --   ; 80         ; BU59  ;              ;                      ;
;     --   ; 79         ; BR62  ;              ;                      ;
;     --   ; 78         ; BU62  ;              ;                      ;
;     --   ; 77         ; CA69  ;              ;                      ;
;     --   ; 76         ; BW69  ;              ;                      ;
;     --   ; 75         ; BU71  ;              ;                      ;
;     --   ; 74         ; BR71  ;              ;                      ;
;     --   ; 73         ; BU69  ;              ;                      ;
;     --   ; 72         ; BR69  ;              ;                      ;
;     --   ; 71         ; BK59  ; user_led[3]  ; User                 ;
;     --   ; 70         ; BM59  ; user_led[0]  ; User                 ;
;     --   ; 69         ; BH59  ; user_led[1]  ; User                 ;
;     --   ; 68         ; BH62  ; user_led[2]  ; User                 ;
;     --   ; 67         ; BP62  ;              ;                      ;
;     --   ; 66         ; BM62  ;              ;                      ;
;     --   ; 65         ; BK69  ;              ;                      ;
;     --   ; 64         ; BM69  ;              ;                      ;
;     --   ; 63         ; BH71  ;              ;                      ;
;     --   ; 62         ; BH69  ;              ;                      ;
;     --   ; 61         ; BP71  ; CLK_125M(n)  ; Fitter               ;
;     --   ; 60         ; BM71  ; CLK_125M     ; User                 ;
;     --   ; 59         ; BF72  ;              ;                      ;
;     --   ; 58         ; BF75  ;              ;                      ;
;     --   ; 57         ; BE75  ;              ;                      ;
;     --   ; 56         ; BE79  ;              ;                      ;
;     --   ; 55         ; BF83  ;              ;                      ;
;     --   ; 54         ; BE83  ;              ;                      ;
;     --   ; 53         ; BE86  ;              ;                      ;
;     --   ; 52         ; BF86  ;              ;                      ;
;     --   ; 51         ; BF90  ;              ;                      ;
;     --   ; 50         ; BF93  ;              ;                      ;
;     --   ; 49         ; BE93  ;              ;                      ;
;     --   ; 48         ; BE96  ;              ;                      ;
; 2B_B     ;            ;       ;              ;                      ;
;     --   ; 47         ; BW38  ;              ;                      ;
;     --   ; 46         ; CA38  ;              ;                      ;
;     --   ; 45         ; BU38  ;              ;                      ;
;     --   ; 44         ; BR38  ;              ;                      ;
;     --   ; 43         ; BU41  ;              ;                      ;
;     --   ; 42         ; BR41  ;              ;                      ;
;     --   ; 41         ; CA49  ;              ;                      ;
;     --   ; 40         ; BW49  ;              ;                      ;
;     --   ; 39         ; BU52  ;              ;                      ;
;     --   ; 38         ; BR52  ;              ;                      ;
;     --   ; 37         ; BU49  ;              ;                      ;
;     --   ; 36         ; BR49  ;              ;                      ;
;     --   ; 35         ; CF38  ;              ;                      ;
;     --   ; 34         ; CH38  ;              ;                      ;
;     --   ; 33         ; CA41  ;              ;                      ;
;     --   ; 32         ; CC41  ;              ;                      ;
;     --   ; 31         ; CF41  ;              ;                      ;
;     --   ; 30         ; CH41  ;              ;                      ;
;     --   ; 29         ; CH49  ;              ;                      ;
;     --   ; 28         ; CF49  ;              ;                      ;
;     --   ; 27         ; CA52  ;              ;                      ;
;     --   ; 26         ; CC52  ;              ;                      ;
;     --   ; 25         ; CH52  ;              ;                      ;
;     --   ; 24         ; CF52  ;              ;                      ;
;     --   ; 23         ; CL26  ;              ;                      ;
;     --   ; 22         ; CK30  ;              ;                      ;
;     --   ; 21         ; CL30  ;              ;                      ;
;     --   ; 20         ; CK33  ;              ;                      ;
;     --   ; 19         ; CL35  ;              ;                      ;
;     --   ; 18         ; CK35  ;              ;                      ;
;     --   ; 17         ; CL39  ;              ;                      ;
;     --   ; 16         ; CK39  ;              ;                      ;
;     --   ; 15         ; CL45  ;              ;                      ;
;     --   ; 14         ; CK48  ;              ;                      ;
;     --   ; 13         ; CK45  ;              ;                      ;
;     --   ; 12         ; CL42  ;              ;                      ;
;     --   ; 11         ; CK54  ;              ;                      ;
;     --   ; 10         ; CL51  ;              ;                      ;
;     --   ; 9          ; CL54  ;              ;                      ;
;     --   ; 8          ; CK56  ;              ;                      ;
;     --   ; 7          ; CL60  ;              ;                      ;
;     --   ; 6          ; CL56  ;              ;                      ;
;     --   ; 5          ; CL66  ;              ;                      ;
;     --   ; 4          ; CK63  ;              ;                      ;
;     --   ; 3          ; CL73  ;              ;                      ;
;     --   ; 2          ; CK73  ;              ;                      ;
;     --   ; 1          ; CL70  ;              ;                      ;
;     --   ; 0          ; CK66  ;              ;                      ;
; 2B_T     ;            ;       ;              ;                      ;
;     --   ; 95         ; CC19  ;              ;                      ;
;     --   ; 94         ; CF19  ;              ;                      ;
;     --   ; 93         ; CH22  ;              ;                      ;
;     --   ; 92         ; CF22  ;              ;                      ;
;     --   ; 91         ; CA22  ;              ;                      ;
;     --   ; 90         ; CC22  ;              ;                      ;
;     --   ; 89         ; CC28  ;              ;                      ;
;     --   ; 88         ; CF28  ;              ;                      ;
;     --   ; 87         ; CC31  ;              ;                      ;
;     --   ; 86         ; CA31  ;              ;                      ;
;     --   ; 85         ; CF31  ;              ;                      ;
;     --   ; 84         ; CH31  ;              ;                      ;
;     --   ; 83         ; CL6   ;              ;                      ;
;     --   ; 82         ; CK8   ;              ;                      ;
;     --   ; 81         ; CL8   ;              ;                      ;
;     --   ; 80         ; CK11  ;              ;                      ;
;     --   ; 79         ; CL11  ;              ;                      ;
;     --   ; 78         ; CL14  ;              ;                      ;
;     --   ; 77         ; CL17  ;              ;                      ;
;     --   ; 76         ; CK17  ;              ;                      ;
;     --   ; 75         ; CK20  ;              ;                      ;
;     --   ; 74         ; CL20  ;              ;                      ;
;     --   ; 73         ; CK26  ;              ;                      ;
;     --   ; 72         ; CL23  ;              ;                      ;
;     --   ; 71         ; BF46  ;              ;                      ;
;     --   ; 70         ; BE46  ;              ;                      ;
;     --   ; 69         ; BE50  ;              ;                      ;
;     --   ; 68         ; BF50  ;              ;                      ;
;     --   ; 67         ; BF53  ;              ;                      ;
;     --   ; 66         ; BF57  ;              ;                      ;
;     --   ; 65         ; BE57  ;              ;                      ;
;     --   ; 64         ; BE61  ;              ;                      ;
;     --   ; 63         ; BF64  ;              ;                      ;
;     --   ; 62         ; BE64  ;              ;                      ;
;     --   ; 61         ; BE68  ;              ;                      ;
;     --   ; 60         ; BF68  ;              ;                      ;
;     --   ; 59         ; BM38  ;              ;                      ;
;     --   ; 58         ; BK38  ;              ;                      ;
;     --   ; 57         ; BH41  ;              ;                      ;
;     --   ; 56         ; BH38  ;              ;                      ;
;     --   ; 55         ; BM41  ;              ;                      ;
;     --   ; 54         ; BP41  ;              ;                      ;
;     --   ; 53         ; BM49  ;              ;                      ;
;     --   ; 52         ; BK49  ;              ;                      ;
;     --   ; 51         ; BH52  ;              ;                      ;
;     --   ; 50         ; BH49  ;              ;                      ;
;     --   ; 49         ; BP52  ;              ;                      ;
;     --   ; 48         ; BM52  ;              ;                      ;
; 3A_B     ;            ;       ;              ;                      ;
;     --   ; 47         ; AB105 ;              ;                      ;
;     --   ; 46         ; Y105  ;              ;                      ;
;     --   ; 45         ; AB108 ;              ;                      ;
;     --   ; 44         ; Y108  ;              ;                      ;
;     --   ; 43         ; AK104 ;              ;                      ;
;     --   ; 42         ; AK107 ;              ;                      ;
;     --   ; 41         ; AB114 ;              ;                      ;
;     --   ; 40         ; Y114  ;              ;                      ;
;     --   ; 39         ; AG111 ;              ;                      ;
;     --   ; 38         ; AK111 ;              ;                      ;
;     --   ; 37         ; Y117  ;              ;                      ;
;     --   ; 36         ; AB117 ;              ;                      ;
;     --   ; 35         ; K105  ;              ;                      ;
;     --   ; 34         ; M105  ;              ;                      ;
;     --   ; 33         ; P105  ;              ;                      ;
;     --   ; 32         ; T105  ;              ;                      ;
;     --   ; 31         ; T108  ;              ;                      ;
;     --   ; 30         ; V108  ;              ;                      ;
;     --   ; 29         ; K114  ;              ;                      ;
;     --   ; 28         ; M114  ;              ;                      ;
;     --   ; 27         ; T117  ;              ;                      ;
;     --   ; 26         ; V117  ;              ;                      ;
;     --   ; 25         ; P114  ;              ;                      ;
;     --   ; 24         ; T114  ;              ;                      ;
;     --   ; 23         ; K108  ;              ;                      ;
;     --   ; 22         ; M108  ;              ;                      ;
;     --   ; 21         ; F108  ;              ;                      ;
;     --   ; 20         ; H108  ;              ;                      ;
;     --   ; 19         ; D105  ;              ;                      ;
;     --   ; 18         ; F105  ;              ;                      ;
;     --   ; 17         ; D114  ;              ;                      ;
;     --   ; 16         ; F114  ;              ;                      ;
;     --   ; 15         ; M117  ;              ;                      ;
;     --   ; 14         ; K117  ;              ;                      ;
;     --   ; 13         ; H117  ;              ;                      ;
;     --   ; 12         ; F117  ;              ;                      ;
;     --   ; 11         ; A113  ;              ;                      ;
;     --   ; 10         ; B113  ;              ;                      ;
;     --   ; 9          ; A116  ;              ;                      ;
;     --   ; 8          ; B116  ;              ;                      ;
;     --   ; 7          ; A122  ;              ;                      ;
;     --   ; 6          ; B119  ;              ;                      ;
;     --   ; 5          ; A125  ;              ;                      ;
;     --   ; 4          ; B122  ;              ;                      ;
;     --   ; 3          ; A130  ;              ;                      ;
;     --   ; 2          ; B130  ;              ;                      ;
;     --   ; 1          ; A128  ;              ;                      ;
;     --   ; 0          ; B128  ;              ;                      ;
; 3A_T     ;            ;       ;              ;                      ;
;     --   ; 95         ; A91   ;              ;                      ;
;     --   ; 94         ; B88   ;              ;                      ;
;     --   ; 93         ; A94   ;              ;                      ;
;     --   ; 92         ; B91   ;              ;                      ;
;     --   ; 91         ; A97   ;              ;                      ;
;     --   ; 90         ; B97   ;              ;                      ;
;     --   ; 89         ; B101  ;              ;                      ;
;     --   ; 88         ; A101  ;              ;                      ;
;     --   ; 87         ; A110  ;              ;                      ;
;     --   ; 86         ; B106  ;              ;                      ;
;     --   ; 85         ; B103  ;              ;                      ;
;     --   ; 84         ; A106  ;              ;                      ;
;     --   ; 83         ; D84   ;              ;                      ;
;     --   ; 82         ; F84   ;              ;                      ;
;     --   ; 81         ; M87   ;              ;                      ;
;     --   ; 80         ; K87   ;              ;                      ;
;     --   ; 79         ; F87   ;              ;                      ;
;     --   ; 78         ; H87   ;              ;                      ;
;     --   ; 77         ; D95   ;              ;                      ;
;     --   ; 76         ; F95   ;              ;                      ;
;     --   ; 75         ; K98   ;              ;                      ;
;     --   ; 74         ; M98   ;              ;                      ;
;     --   ; 73         ; F98   ;              ;                      ;
;     --   ; 72         ; H98   ;              ;                      ;
;     --   ; 71         ; P84   ;              ;                      ;
;     --   ; 70         ; T84   ;              ;                      ;
;     --   ; 69         ; M84   ;              ;                      ;
;     --   ; 68         ; K84   ;              ;                      ;
;     --   ; 67         ; T87   ;              ;                      ;
;     --   ; 66         ; V87   ;              ;                      ;
;     --   ; 65         ; M95   ;              ;                      ;
;     --   ; 64         ; K95   ;              ;                      ;
;     --   ; 63         ; T95   ;              ;                      ;
;     --   ; 62         ; P95   ;              ;                      ;
;     --   ; 61         ; T98   ;              ;                      ;
;     --   ; 60         ; V98   ;              ;                      ;
;     --   ; 59         ; Y84   ;              ;                      ;
;     --   ; 58         ; Y87   ;              ;                      ;
;     --   ; 57         ; Y95   ;              ;                      ;
;     --   ; 56         ; Y98   ;              ;                      ;
;     --   ; 55         ; AC86  ;              ;                      ;
;     --   ; 54         ; AC90  ;              ;                      ;
;     --   ; 53         ; AG93  ;              ;                      ;
;     --   ; 52         ; AG90  ;              ;                      ;
;     --   ; 51         ; AC96  ;              ;                      ;
;     --   ; 50         ; AC100 ;              ;                      ;
;     --   ; 49         ; AG104 ;              ;                      ;
;     --   ; 48         ; AG100 ;              ;                      ;
; 3B_B     ;            ;       ;              ;                      ;
;     --   ; 47         ; Y65   ;              ;                      ;
;     --   ; 46         ; Y67   ;              ;                      ;
;     --   ; 45         ; Y74   ;              ;                      ;
;     --   ; 44         ; Y77   ;              ;                      ;
;     --   ; 43         ; AC83  ;              ;                      ;
;     --   ; 42         ; AG83  ;              ;                      ;
;     --   ; 41         ; AG75  ;              ;                      ;
;     --   ; 40         ; AG72  ;              ;                      ;
;     --   ; 39         ; AG79  ;              ;                      ;
;     --   ; 38         ; AC79  ;              ;                      ;
;     --   ; 37         ; AC72  ;              ;                      ;
;     --   ; 36         ; AC68  ;              ;                      ;
;     --   ; 35         ; P65   ;              ;                      ;
;     --   ; 34         ; T65   ;              ;                      ;
;     --   ; 33         ; K65   ;              ;                      ;
;     --   ; 32         ; M65   ;              ;                      ;
;     --   ; 31         ; T67   ;              ;                      ;
;     --   ; 30         ; V67   ;              ;                      ;
;     --   ; 29         ; K74   ;              ;                      ;
;     --   ; 28         ; M74   ;              ;                      ;
;     --   ; 27         ; T77   ;              ;                      ;
;     --   ; 26         ; V77   ;              ;                      ;
;     --   ; 25         ; T74   ;              ;                      ;
;     --   ; 24         ; P74   ;              ;                      ;
;     --   ; 23         ; D65   ;              ;                      ;
;     --   ; 22         ; F65   ;              ;                      ;
;     --   ; 21         ; F67   ;              ;                      ;
;     --   ; 20         ; H67   ;              ;                      ;
;     --   ; 19         ; K67   ;              ;                      ;
;     --   ; 18         ; M67   ;              ;                      ;
;     --   ; 17         ; F74   ;              ;                      ;
;     --   ; 16         ; D74   ;              ;                      ;
;     --   ; 15         ; H77   ;              ;                      ;
;     --   ; 14         ; F77   ;              ;                      ;
;     --   ; 13         ; M77   ;              ;                      ;
;     --   ; 12         ; K77   ;              ;                      ;
;     --   ; 11         ; A66   ;              ;                      ;
;     --   ; 10         ; B66   ;              ;                      ;
;     --   ; 9          ; A70   ;              ;                      ;
;     --   ; 8          ; B70   ;              ;                      ;
;     --   ; 7          ; A76   ;              ;                      ;
;     --   ; 6          ; B73   ;              ;                      ;
;     --   ; 5          ; B76   ;              ;                      ;
;     --   ; 4          ; A80   ;              ;                      ;
;     --   ; 3          ; A85   ;              ;                      ;
;     --   ; 2          ; B85   ;              ;                      ;
;     --   ; 1          ; B82   ;              ;                      ;
;     --   ; 0          ; A82   ;              ;                      ;
; 3B_T     ;            ;       ;              ;                      ;
;     --   ; 95         ; B42   ;              ;                      ;
;     --   ; 94         ; A45   ;              ;                      ;
;     --   ; 93         ; A48   ;              ;                      ;
;     --   ; 92         ; B45   ;              ;                      ;
;     --   ; 91         ; A51   ;              ;                      ;
;     --   ; 90         ; B51   ;              ;                      ;
;     --   ; 89         ; B54   ;              ;                      ;
;     --   ; 88         ; A54   ;              ;                      ;
;     --   ; 87         ; B60   ;              ;                      ;
;     --   ; 86         ; A63   ;              ;                      ;
;     --   ; 85         ; A60   ;              ;                      ;
;     --   ; 84         ; B56   ;              ;                      ;
;     --   ; 83         ; F44   ;              ;                      ;
;     --   ; 82         ; D44   ;              ;                      ;
;     --   ; 81         ; H47   ;              ;                      ;
;     --   ; 80         ; F47   ;              ;                      ;
;     --   ; 79         ; K47   ;              ;                      ;
;     --   ; 78         ; M47   ;              ;                      ;
;     --   ; 77         ; D55   ;              ;                      ;
;     --   ; 76         ; F55   ;              ;                      ;
;     --   ; 75         ; K58   ;              ;                      ;
;     --   ; 74         ; M58   ;              ;                      ;
;     --   ; 73         ; F58   ;              ;                      ;
;     --   ; 72         ; H58   ;              ;                      ;
;     --   ; 71         ; M44   ;              ;                      ;
;     --   ; 70         ; K44   ;              ;                      ;
;     --   ; 69         ; T44   ;              ;                      ;
;     --   ; 68         ; P44   ;              ;                      ;
;     --   ; 67         ; T47   ;              ;                      ;
;     --   ; 66         ; V47   ;              ;                      ;
;     --   ; 65         ; M55   ;              ;                      ;
;     --   ; 64         ; K55   ;              ;                      ;
;     --   ; 63         ; T58   ;              ;                      ;
;     --   ; 62         ; V58   ;              ;                      ;
;     --   ; 61         ; T55   ;              ;                      ;
;     --   ; 60         ; P55   ;              ;                      ;
;     --   ; 59         ; Y47   ;              ;                      ;
;     --   ; 58         ; Y44   ;              ;                      ;
;     --   ; 57         ; Y55   ;              ;                      ;
;     --   ; 56         ; Y58   ;              ;                      ;
;     --   ; 55         ; AC50  ;              ;                      ;
;     --   ; 54         ; AC53  ;              ;                      ;
;     --   ; 53         ; AG53  ;              ;                      ;
;     --   ; 52         ; AG57  ;              ;                      ;
;     --   ; 51         ; AC61  ;              ;                      ;
;     --   ; 50         ; AG61  ;              ;                      ;
;     --   ; 49         ; AG64  ;              ;                      ;
;     --   ; 48         ; AC64  ;              ;                      ;
; 5A       ;            ;       ;              ;                      ;
;     --   ; 0          ; CD134 ;              ;                      ;
;     --   ; 0          ; CD135 ;              ;                      ;
;     --   ; 0          ; CG134 ;              ;                      ;
;     --   ; 0          ; CG135 ;              ;                      ;
;     --   ; 0          ; CH132 ;              ;                      ;
;     --   ; 0          ; CF132 ;              ;                      ;
;     --   ; 0          ; CF128 ;              ;                      ;
;     --   ; 0          ; CK134 ;              ;                      ;
;     --   ; 0          ; CH128 ;              ;                      ;
;     --   ; 0          ; CL125 ;              ;                      ;
;     --   ; 0          ; CF121 ;              ;                      ;
;     --   ; 0          ; CF118 ;              ;                      ;
;     --   ; 0          ; BU118 ;              ;                      ;
;     --   ; 0          ; BR118 ;              ;                      ;
;     --   ; 0          ; CA118 ;              ;                      ;
;     --   ; 0          ; BW118 ;              ;                      ;
;     --   ; 0          ; CL128 ;              ;                      ;
;     --   ; 0          ; CL130 ;              ;                      ;
;     --   ; 0          ; CK125 ;              ;                      ;
;     --   ; 0          ; CK128 ;              ;                      ;
; 5B       ;            ;       ;              ;                      ;
;     --   ; 0          ; BF111 ;              ;                      ;
;     --   ; 0          ; BH109 ;              ;                      ;
;     --   ; 0          ; BE115 ;              ;                      ;
;     --   ; 0          ; BF115 ;              ;                      ;
;     --   ; 0          ; BF107 ;              ;                      ;
;     --   ; 0          ; BU109 ;              ;                      ;
;     --   ; 0          ; BF104 ;              ;                      ;
;     --   ; 0          ; BR109 ;              ;                      ;
;     --   ; 0          ; BE107 ;              ;                      ;
;     --   ; 0          ; BK109 ;              ;                      ;
;     --   ; 0          ; BE111 ;              ;                      ;
;     --   ; 0          ; BM109 ;              ;                      ;
;     --   ; 0          ; BR112 ;              ;                      ;
;     --   ; 0          ; BK118 ;              ;                      ;
;     --   ; 0          ; BM118 ;              ;                      ;
;     --   ; 0          ; BP112 ;              ;                      ;
;     --   ; 0          ; BM112 ;              ;                      ;
;     --   ; 0          ; BK112 ;              ;                      ;
;     --   ; 0          ; BH118 ;              ;                      ;
;     --   ; 0          ; BF120 ;              ;                      ;
; 6A       ;            ;       ;              ;                      ;
;     --   ; 0          ; BU28  ;              ;                      ;
;     --   ; 0          ; BP31  ;              ;                      ;
;     --   ; 0          ; BR28  ;              ;                      ;
;     --   ; 0          ; BR31  ;              ;                      ;
;     --   ; 0          ; BU31  ;              ;                      ;
;     --   ; 0          ; BM28  ;              ;                      ;
;     --   ; 0          ; BW28  ;              ;                      ;
;     --   ; 0          ; BM31  ;              ;                      ;
;     --   ; 0          ; BK31  ;              ;                      ;
;     --   ; 0          ; BP22  ;              ;                      ;
;     --   ; 0          ; BK28  ;              ;                      ;
;     --   ; 0          ; BR22  ;              ;                      ;
;     --   ; 0          ; CH12  ;              ;                      ;
;     --   ; 0          ; BU22  ;              ;                      ;
;     --   ; 0          ; BW19  ;              ;                      ;
;     --   ; 0          ; BH28  ;              ;                      ;
;     --   ; 0          ; BM22  ;              ;                      ;
;     --   ; 0          ; CF12  ;              ;                      ;
;     --   ; 0          ; BK19  ;              ;                      ;
;     --   ; 0          ; CF9   ;              ;                      ;
; 6B       ;            ;       ;              ;                      ;
;     --   ; 0          ; BF21  ;              ;                      ;
;     --   ; 0          ; BE21  ;              ;                      ;
;     --   ; 0          ; BE43  ;              ;                      ;
;     --   ; 0          ; BF40  ;              ;                      ;
;     --   ; 0          ; BE29  ;              ;                      ;
;     --   ; 0          ; BE25  ;              ;                      ;
;     --   ; 0          ; BF32  ;              ;                      ;
;     --   ; 0          ; BF36  ;              ;                      ;
;     --   ; 0          ; BF29  ;              ;                      ;
;     --   ; 0          ; BF25  ;              ;                      ;
;     --   ; 0          ; BF16  ;              ;                      ;
;     --   ; 0          ; BH19  ;              ;                      ;
;     --   ; 0          ; BK22  ;              ;                      ;
;     --   ; 0          ; BM19  ;              ;                      ;
;     --   ; 0          ; BU19  ;              ;                      ;
;     --   ; 0          ; BR19  ;              ;                      ;
;     --   ; 0          ; CK2   ;              ;                      ;
;     --   ; 0          ; CJ2   ;              ;                      ;
;     --   ; 0          ; CK4   ;              ;                      ;
;     --   ; 0          ; CH4   ;              ;                      ;
; 6C       ;            ;       ;              ;                      ;
;     --   ; 0          ; F27   ;              ;                      ;
;     --   ; 0          ; F24   ;              ;                      ;
;     --   ; 0          ; H27   ;              ;                      ;
;     --   ; 0          ; D24   ;              ;                      ;
;     --   ; 0          ; H18   ;              ;                      ;
;     --   ; 0          ; D15   ;              ;                      ;
;     --   ; 0          ; F18   ;              ;                      ;
;     --   ; 0          ; F15   ;              ;                      ;
;     --   ; 0          ; D8    ;              ;                      ;
;     --   ; 0          ; K8    ;              ;                      ;
;     --   ; 0          ; F8    ;              ;                      ;
;     --   ; 0          ; H8    ;              ;                      ;
;     --   ; 0          ; C2    ;              ;                      ;
;     --   ; 0          ; D4    ;              ;                      ;
;     --   ; 0          ; F4    ;              ;                      ;
;     --   ; 0          ; K4    ;              ;                      ;
;     --   ; 0          ; G2    ;              ;                      ;
;     --   ; 0          ; J2    ;              ;                      ;
;     --   ; 0          ; J1    ;              ;                      ;
;     --   ; 0          ; G1    ;              ;                      ;
; 6D       ;            ;       ;              ;                      ;
;     --   ; 0          ; A8    ; rgmii_out[0] ; User                 ;
;     --   ; 0          ; B4    ; rgmii_out[1] ; User                 ;
;     --   ; 0          ; A11   ; rgmii_out[2] ; User                 ;
;     --   ; 0          ; B11   ; rgmii_out[3] ; User                 ;
;     --   ; 0          ; B14   ; rgmii_txclk  ; User                 ;
;     --   ; 0          ; A14   ; rgmii_txctl  ; User                 ;
;     --   ; 0          ; A20   ;              ;                      ;
;     --   ; 0          ; A17   ;              ;                      ;
;     --   ; 0          ; A23   ;              ;                      ;
;     --   ; 0          ; B20   ; rgmii_rxctl  ; User                 ;
;     --   ; 0          ; B23   ; rgmii_rxclk  ; User                 ;
;     --   ; 0          ; B26   ; MDC          ; User                 ;
;     --   ; 0          ; B30   ; rgmii_in[1]  ; User                 ;
;     --   ; 0          ; A30   ; rgmii_in[0]  ; User                 ;
;     --   ; 0          ; A35   ; rgmii_in[3]  ; User                 ;
;     --   ; 0          ; A33   ; rgmii_in[2]  ; User                 ;
;     --   ; 0          ; A39   ; MDIO         ; User                 ;
;     --   ; 0          ; B35   ;              ;                      ;
;     --   ; 0          ; D34   ; phy_resetn   ; User                 ;
;     --   ; 0          ; B39   ;              ;                      ;
+----------+------------+-------+--------------+----------------------+


+--------------------------------------------------------------------------------------------------------------------------------------------------------------------------------------------------------------------------------------------------------------------------------------------------------+
; All Package Pins                                                                                                                                                                                                                                                                                       ;
+----------+------------+----------+---------------------------------------------------------------------------------------------------------------------------------------+--------+-----------------------------------+---------+----------+-----------------+----------+--------------+---------------+
; Location ; Pad Number ; I/O Bank ; Pin Name/Usage                                                                                                                        ; Dir.   ; I/O Standard                      ; Voltage ; I/O Type ; User Assignment ; Bus Hold ; Weak Pull Up ; Package Delay ;
+----------+------------+----------+---------------------------------------------------------------------------------------------------------------------------------------+--------+-----------------------------------+---------+----------+-----------------+----------+--------------+---------------+
; A4       ;            ;          ; GND                                                                                                                                   ; gnd    ;                                   ;         ; --       ;                 ; --       ; --           ; --            ;
; A6       ;            ;          ; GND                                                                                                                                   ; gnd    ;                                   ;         ; --       ;                 ; --       ; --           ; --            ;
; A8       ; 588        ; 6D       ; rgmii_out[0]                                                                                                                          ; output ; 1.8-V LVCMOS                      ; 1.8V    ; --       ; Y               ; no       ; Off          ; 124ps         ;
; A11      ; 590        ; 6D       ; rgmii_out[2]                                                                                                                          ; output ; 1.8-V LVCMOS                      ; 1.8V    ; --       ; Y               ; no       ; Off          ; 126ps         ;
; A14      ; 593        ; 6D       ; rgmii_txctl                                                                                                                           ; output ; 1.8-V LVCMOS                      ; 1.8V    ; --       ; Y               ; no       ; Off          ; 122ps         ;
; A17      ; 595        ; 6D       ; RESERVED_INPUT_WITHOUT_WEAK_PULLUP                                                                                                    ;        ;                                   ; 1.8V    ; --       ;                 ; no       ; On           ; 116ps         ;
; A20      ; 594        ; 6D       ; RESERVED_INPUT_WITHOUT_WEAK_PULLUP                                                                                                    ;        ;                                   ; 1.8V    ; --       ;                 ; no       ; On           ; 118ps         ;
; A23      ; 596        ; 6D       ; RESERVED_INPUT_WITHOUT_WEAK_PULLUP                                                                                                    ;        ;                                   ; 1.8V    ; --       ;                 ; no       ; On           ; 111ps         ;
; A26      ;            ;          ; GND                                                                                                                                   ; gnd    ;                                   ;         ; --       ;                 ; --       ; --           ; --            ;
; A30      ; 601        ; 6D       ; rgmii_in[0]                                                                                                                           ; input  ; 1.8-V LVCMOS                      ; 1.8V    ; --       ; Y               ; no       ; Off          ; 108ps         ;
; A33      ; 603        ; 6D       ; rgmii_in[2]                                                                                                                           ; input  ; 1.8-V LVCMOS                      ; 1.8V    ; --       ; Y               ; no       ; Off          ; 103ps         ;
; A35      ; 602        ; 6D       ; rgmii_in[3]                                                                                                                           ; input  ; 1.8-V LVCMOS                      ; 1.8V    ; --       ; Y               ; no       ; Off          ; 106ps         ;
; A39      ; 604        ; 6D       ; MDIO                                                                                                                                  ; bidir  ; 1.8-V LVCMOS                      ; 1.8V    ; --       ; Y               ; no       ; Off          ; 102ps         ;
; A42      ;            ;          ; GND                                                                                                                                   ; gnd    ;                                   ;         ; --       ;                 ; --       ; --           ; --            ;
; A45      ; 382        ; 3B_T     ; RESERVED_INPUT_WITHOUT_WEAK_PULLUP                                                                                                    ;        ;                                   ; 1.2V    ; --       ;                 ; no       ; On           ; 101ps         ;
; A48      ; 383        ; 3B_T     ; RESERVED_INPUT_WITHOUT_WEAK_PULLUP                                                                                                    ;        ;                                   ; 1.2V    ; --       ;                 ; no       ; On           ; 103ps         ;
; A51      ; 385        ; 3B_T     ; RESERVED_INPUT_WITHOUT_WEAK_PULLUP                                                                                                    ;        ;                                   ; 1.2V    ; --       ;                 ; no       ; On           ; 106ps         ;
; A54      ; 388        ; 3B_T     ; RESERVED_INPUT_WITHOUT_WEAK_PULLUP                                                                                                    ;        ;                                   ; 1.2V    ; --       ;                 ; no       ; On           ; 107ps         ;
; A56      ;            ;          ; GND                                                                                                                                   ; gnd    ;                                   ;         ; --       ;                 ; --       ; --           ; --            ;
; A60      ; 391        ; 3B_T     ; RESERVED_INPUT_WITHOUT_WEAK_PULLUP                                                                                                    ;        ;                                   ; 1.2V    ; --       ;                 ; no       ; On           ; 114ps         ;
; A63      ; 390        ; 3B_T     ; RESERVED_INPUT_WITHOUT_WEAK_PULLUP                                                                                                    ;        ;                                   ; 1.2V    ; --       ;                 ; no       ; On           ; 117ps         ;
; A66      ; 465        ; 3B_B     ; RESERVED_INPUT_WITHOUT_WEAK_PULLUP                                                                                                    ;        ;                                   ; 1.2V    ; --       ;                 ; no       ; On           ; 102ps         ;
; A70      ; 467        ; 3B_B     ; RESERVED_INPUT_WITHOUT_WEAK_PULLUP                                                                                                    ;        ;                                   ; 1.2V    ; --       ;                 ; no       ; On           ; 97ps          ;
; A73      ;            ;          ; GND                                                                                                                                   ; gnd    ;                                   ;         ; --       ;                 ; --       ; --           ; --            ;
; A76      ; 469        ; 3B_B     ; RESERVED_INPUT_WITHOUT_WEAK_PULLUP                                                                                                    ;        ;                                   ; 1.2V    ; --       ;                 ; no       ; On           ; 93ps          ;
; A80      ; 472        ; 3B_B     ; RESERVED_INPUT_WITHOUT_WEAK_PULLUP                                                                                                    ;        ;                                   ; 1.2V    ; --       ;                 ; no       ; On           ; 107ps         ;
; A82      ; 476        ; 3B_B     ; RESERVED_INPUT_WITHOUT_WEAK_PULLUP                                                                                                    ;        ;                                   ; 1.2V    ; --       ;                 ; no       ; On           ; 108ps         ;
; A85      ; 473        ; 3B_B     ; RESERVED_INPUT_WITHOUT_WEAK_PULLUP                                                                                                    ;        ;                                   ; 1.2V    ; --       ;                 ; no       ; On           ; 105ps         ;
; A88      ;            ;          ; GND                                                                                                                                   ; gnd    ;                                   ;         ; --       ;                 ; --       ; --           ; --            ;
; A91      ; 284        ; 3A_T     ; RESERVED_INPUT_WITHOUT_WEAK_PULLUP                                                                                                    ;        ;                                   ; 1.2V    ; --       ;                 ; no       ; On           ; 107ps         ;
; A94      ; 286        ; 3A_T     ; RESERVED_INPUT_WITHOUT_WEAK_PULLUP                                                                                                    ;        ;                                   ; 1.2V    ; --       ;                 ; no       ; On           ; 110ps         ;
; A97      ; 288        ; 3A_T     ; RESERVED_INPUT_WITHOUT_WEAK_PULLUP                                                                                                    ;        ;                                   ; 1.2V    ; --       ;                 ; no       ; On           ; 113ps         ;
; A101     ; 291        ; 3A_T     ; RESERVED_INPUT_WITHOUT_WEAK_PULLUP                                                                                                    ;        ;                                   ; 1.2V    ; --       ;                 ; no       ; On           ; 118ps         ;
; A103     ;            ;          ; GND                                                                                                                                   ; gnd    ;                                   ;         ; --       ;                 ; --       ; --           ; --            ;
; A106     ; 295        ; 3A_T     ; RESERVED_INPUT_WITHOUT_WEAK_PULLUP                                                                                                    ;        ;                                   ; 1.2V    ; --       ;                 ; no       ; On           ; 132ps         ;
; A110     ; 292        ; 3A_T     ; RESERVED_INPUT_WITHOUT_WEAK_PULLUP                                                                                                    ;        ;                                   ; 1.2V    ; --       ;                 ; no       ; On           ; 133ps         ;
; A113     ; 368        ; 3A_B     ; RESERVED_INPUT_WITHOUT_WEAK_PULLUP                                                                                                    ;        ;                                   ; 1.2V    ; --       ;                 ; no       ; On           ; 137ps         ;
; A116     ; 370        ; 3A_B     ; RESERVED_INPUT_WITHOUT_WEAK_PULLUP                                                                                                    ;        ;                                   ; 1.2V    ; --       ;                 ; no       ; On           ; 137ps         ;
; A119     ;            ;          ; GND                                                                                                                                   ; gnd    ;                                   ;         ; --       ;                 ; --       ; --           ; --            ;
; A122     ; 372        ; 3A_B     ; RESERVED_INPUT_WITHOUT_WEAK_PULLUP                                                                                                    ;        ;                                   ; 1.2V    ; --       ;                 ; no       ; On           ; 142ps         ;
; A125     ; 374        ; 3A_B     ; RESERVED_INPUT_WITHOUT_WEAK_PULLUP                                                                                                    ;        ;                                   ; 1.2V    ; --       ;                 ; no       ; On           ; 154ps         ;
; A128     ; 378        ; 3A_B     ; RESERVED_INPUT_WITHOUT_WEAK_PULLUP                                                                                                    ;        ;                                   ; 1.2V    ; --       ;                 ; no       ; On           ; 156ps         ;
; A130     ; 376        ; 3A_B     ; RESERVED_INPUT_WITHOUT_WEAK_PULLUP                                                                                                    ;        ;                                   ; 1.2V    ; --       ;                 ; no       ; On           ; 155ps         ;
; A132     ;            ;          ; GND                                                                                                                                   ; gnd    ;                                   ;         ; --       ;                 ; --       ; --           ; --            ;
; A134     ;            ;          ; GND                                                                                                                                   ; gnd    ;                                   ;         ; --       ;                 ; --       ; --           ; --            ;
; AA1      ;            ;          ; NC                                                                                                                                    ;        ;                                   ;         ; --       ;                 ; --       ; --           ; --            ;
; AA2      ;            ;          ; GND                                                                                                                                   ; gnd    ;                                   ;         ; --       ;                 ; --       ; --           ; --            ;
; AA134    ;            ;          ; GND                                                                                                                                   ; gnd    ;                                   ;         ; --       ;                 ; --       ; --           ; --            ;
; AA135    ; 69         ; HPS      ; HPS_IOB_6, GPIO1_IO5, SPIS1_MOSI, UART1_RTS_N, EMAC2_PPSTRIG2, NAND_ADQ2, SDMMC_DATA2, I3C1_SCL, EMAC1_TXD1, TRACE_D5                 ;        ;                                   ;         ; --       ;                 ; --       ; --           ; 132ps         ;
; AB4      ;            ;          ; NC                                                                                                                                    ;        ;                                   ;         ; --       ;                 ; --       ; --           ; --            ;
; AB8      ;            ;          ; NC                                                                                                                                    ;        ;                                   ;         ; --       ;                 ; --       ; --           ; --            ;
; AB15     ;            ;          ; NC                                                                                                                                    ;        ;                                   ;         ; --       ;                 ; --       ; --           ; --            ;
; AB18     ;            ;          ; NC                                                                                                                                    ;        ;                                   ;         ; --       ;                 ; --       ; --           ; --            ;
; AB24     ;            ;          ; NC                                                                                                                                    ;        ;                                   ;         ; --       ;                 ; --       ; --           ; --            ;
; AB27     ;            ;          ; NC                                                                                                                                    ;        ;                                   ;         ; --       ;                 ; --       ; --           ; --            ;
; AB105    ; 332        ; 3A_B     ; RESERVED_INPUT_WITHOUT_WEAK_PULLUP                                                                                                    ;        ;                                   ; 1.2V    ; --       ;                 ; no       ; On           ; 152ps         ;
; AB108    ; 334        ; 3A_B     ; RESERVED_INPUT_WITHOUT_WEAK_PULLUP                                                                                                    ;        ;                                   ; 1.2V    ; --       ;                 ; no       ; On           ; 143ps         ;
; AB114    ; 338        ; 3A_B     ; RESERVED_INPUT_WITHOUT_WEAK_PULLUP                                                                                                    ;        ;                                   ; 1.2V    ; --       ;                 ; no       ; On           ; 154ps         ;
; AB117    ; 343        ; 3A_B     ; RESERVED_INPUT_WITHOUT_WEAK_PULLUP                                                                                                    ;        ;                                   ; 1.2V    ; --       ;                 ; no       ; On           ; 143ps         ;
; AB124    ; 83         ; HPS      ; HPS_IOB_20, GPIO1_IO19, SPIM0_SS0_N, MDIO1_MDC, I2C_EMAC1_SCL, NAND_ADQ11, EMAC2_RXD1, TRACE_CLK                                      ;        ;                                   ;         ; --       ;                 ; --       ; --           ; 114ps         ;
; AB127    ; 79         ; HPS      ; HPS_IOB_16, GPIO1_IO15, UART1_RX, NAND_DQS, SDMMC_DATA_STROBE, I3C1_SCL, EMAC2_RX_CTL, TRACE_D7                                       ;        ;                                   ;         ; --       ;                 ; --       ; --           ; 121ps         ;
; AB132    ; 71         ; HPS      ; HPS_IOB_8, GPIO1_IO7, SPIS1_MISO, UART1_RX, I2C1_SCL, NAND_CLE, SDMMC_CMD, I3C0_SCL, EMAC1_RXD1, TRACE_D15                            ;        ;                                   ;         ; --       ;                 ; --       ; --           ; 124ps         ;
; AC36     ;            ;          ; NC                                                                                                                                    ;        ;                                   ;         ; --       ;                 ; --       ; --           ; --            ;
; AC40     ;            ;          ; GND                                                                                                                                   ; gnd    ;                                   ;         ; --       ;                 ; --       ; --           ; --            ;
; AC43     ;            ;          ; NC                                                                                                                                    ;        ;                                   ;         ; --       ;                 ; --       ; --           ; --            ;
; AC46     ;            ;          ; NC                                                                                                                                    ;        ;                                   ;         ; --       ;                 ; --       ; --           ; --            ;
; AC50     ; 421        ; 3B_T     ; RESERVED_INPUT_WITHOUT_WEAK_PULLUP                                                                                                    ;        ;                                   ; 1.2V    ; --       ;                 ; no       ; On           ; 136ps         ;
; AC53     ; 422        ; 3B_T     ; RESERVED_INPUT_WITHOUT_WEAK_PULLUP                                                                                                    ;        ;                                   ; 1.2V    ; --       ;                 ; no       ; On           ; 137ps         ;
; AC57     ;            ;          ; GND                                                                                                                                   ; gnd    ;                                   ;         ; --       ;                 ; --       ; --           ; --            ;
; AC61     ; 425        ; 3B_T     ; RESERVED_INPUT_WITHOUT_WEAK_PULLUP                                                                                                    ;        ;                                   ; 1.2V    ; --       ;                 ; no       ; On           ; 90ps          ;
; AC64     ; 428        ; 3B_T     ; RESERVED_INPUT_WITHOUT_WEAK_PULLUP                                                                                                    ;        ;                                   ; 1.2V    ; --       ;                 ; no       ; On           ; 89ps          ;
; AC68     ; 440        ; 3B_B     ; RESERVED_INPUT_WITHOUT_WEAK_PULLUP                                                                                                    ;        ;                                   ; 1.2V    ; --       ;                 ; no       ; On           ; 106ps         ;
; AC72     ; 439        ; 3B_B     ; RESERVED_INPUT_WITHOUT_WEAK_PULLUP                                                                                                    ;        ;                                   ; 1.2V    ; --       ;                 ; no       ; On           ; 107ps         ;
; AC75     ;            ;          ; GND                                                                                                                                   ; gnd    ;                                   ;         ; --       ;                 ; --       ; --           ; --            ;
; AC79     ; 438        ; 3B_B     ; RESERVED_INPUT_WITHOUT_WEAK_PULLUP                                                                                                    ;        ;                                   ; 1.2V    ; --       ;                 ; no       ; On           ; 105ps         ;
; AC83     ; 433        ; 3B_B     ; RESERVED_INPUT_WITHOUT_WEAK_PULLUP                                                                                                    ;        ;                                   ; 1.2V    ; --       ;                 ; no       ; On           ; 144ps         ;
; AC86     ; 324        ; 3A_T     ; RESERVED_INPUT_WITHOUT_WEAK_PULLUP                                                                                                    ;        ;                                   ; 1.2V    ; --       ;                 ; no       ; On           ; 135ps         ;
; AC90     ; 325        ; 3A_T     ; RESERVED_INPUT_WITHOUT_WEAK_PULLUP                                                                                                    ;        ;                                   ; 1.2V    ; --       ;                 ; no       ; On           ; 135ps         ;
; AC93     ;            ;          ; GND                                                                                                                                   ; gnd    ;                                   ;         ; --       ;                 ; --       ; --           ; --            ;
; AC96     ; 328        ; 3A_T     ; RESERVED_INPUT_WITHOUT_WEAK_PULLUP                                                                                                    ;        ;                                   ; 1.2V    ; --       ;                 ; no       ; On           ; 108ps         ;
; AC100    ; 329        ; 3A_T     ; RESERVED_INPUT_WITHOUT_WEAK_PULLUP                                                                                                    ;        ;                                   ; 1.2V    ; --       ;                 ; no       ; On           ; 110ps         ;
; AD1      ;            ;          ; NC                                                                                                                                    ;        ;                                   ;         ; --       ;                 ; --       ; --           ; --            ;
; AD2      ;            ;          ; NC                                                                                                                                    ;        ;                                   ;         ; --       ;                 ; --       ; --           ; --            ;
; AD134    ; 57         ; HPS      ; HPS_IOA_18, GPIO0_IO17, I3C1_SCL, NAND_ADQ9, USB1_NXT, EMAC0_TXD1, TRACE_D5                                                           ;        ;                                   ;         ; --       ;                 ; --       ; --           ; 121ps         ;
; AD135    ; 55         ; HPS      ; HPS_IOA_16, GPIO0_IO15, NAND_DQS, SDMMC_DATA_STROBE, USB1_DATA0, EMAC0_RX_CTL, TRACE_D7                                               ;        ;                                   ;         ; --       ;                 ; --       ; --           ; 124ps         ;
; AE4      ;            ;          ; NC                                                                                                                                    ;        ;                                   ;         ; --       ;                 ; --       ; --           ; --            ;
; AE8      ;            ;          ; GND                                                                                                                                   ; gnd    ;                                   ;         ; --       ;                 ; --       ; --           ; --            ;
; AF1      ;            ;          ; GND                                                                                                                                   ; gnd    ;                                   ;         ; --       ;                 ; --       ; --           ; --            ;
; AF2      ;            ;          ; NC                                                                                                                                    ;        ;                                   ;         ; --       ;                 ; --       ; --           ; --            ;
; AG13     ;            ;          ; NC                                                                                                                                    ;        ;                                   ;         ; --       ;                 ; --       ; --           ; --            ;
; AG16     ;            ;          ; GND                                                                                                                                   ; gnd    ;                                   ;         ; --       ;                 ; --       ; --           ; --            ;
; AG21     ;            ;          ; NC                                                                                                                                    ;        ;                                   ;         ; --       ;                 ; --       ; --           ; --            ;
; AG25     ;            ;          ; GND                                                                                                                                   ; gnd    ;                                   ;         ; --       ;                 ; --       ; --           ; --            ;
; AG29     ;            ;          ; NC                                                                                                                                    ;        ;                                   ;         ; --       ;                 ; --       ; --           ; --            ;
; AG32     ;            ;          ; GND                                                                                                                                   ; gnd    ;                                   ;         ; --       ;                 ; --       ; --           ; --            ;
; AG36     ;            ;          ; NC                                                                                                                                    ;        ;                                   ;         ; --       ;                 ; --       ; --           ; --            ;
; AG40     ;            ;          ; NC                                                                                                                                    ;        ;                                   ;         ; --       ;                 ; --       ; --           ; --            ;
; AG43     ;            ; 6D       ; VCCIO_HVIO_6D                                                                                                                         ; power  ;                                   ; 1.8V    ; --       ;                 ; --       ; --           ; --            ;
; AG46     ;            ; 6D       ; VCCIO_HVIO_6D                                                                                                                         ; power  ;                                   ; 1.8V    ; --       ;                 ; --       ; --           ; --            ;
; AG50     ;            ;          ; GND                                                                                                                                   ; gnd    ;                                   ;         ; --       ;                 ; --       ; --           ; --            ;
; AG53     ; 423        ; 3B_T     ; RESERVED_INPUT_WITHOUT_WEAK_PULLUP                                                                                                    ;        ;                                   ; 1.2V    ; --       ;                 ; no       ; On           ; 120ps         ;
; AG57     ; 424        ; 3B_T     ; RESERVED_INPUT_WITHOUT_WEAK_PULLUP                                                                                                    ;        ;                                   ; 1.2V    ; --       ;                 ; no       ; On           ; 119ps         ;
; AG61     ; 426        ; 3B_T     ; RESERVED_INPUT_WITHOUT_WEAK_PULLUP                                                                                                    ;        ;                                   ; 1.2V    ; --       ;                 ; no       ; On           ; 89ps          ;
; AG64     ; 427        ; 3B_T     ; RESERVED_INPUT_WITHOUT_WEAK_PULLUP                                                                                                    ;        ;                                   ; 1.2V    ; --       ;                 ; no       ; On           ; 90ps          ;
; AG68     ;            ;          ; GND                                                                                                                                   ; gnd    ;                                   ;         ; --       ;                 ; --       ; --           ; --            ;
; AG72     ; 436        ; 3B_B     ; RESERVED_INPUT_WITHOUT_WEAK_PULLUP                                                                                                    ;        ;                                   ; 1.2V    ; --       ;                 ; no       ; On           ; 127ps         ;
; AG75     ; 435        ; 3B_B     ; RESERVED_INPUT_WITHOUT_WEAK_PULLUP                                                                                                    ;        ;                                   ; 1.2V    ; --       ;                 ; no       ; On           ; 127ps         ;
; AG79     ; 437        ; 3B_B     ; RESERVED_INPUT_WITHOUT_WEAK_PULLUP                                                                                                    ;        ;                                   ; 1.2V    ; --       ;                 ; no       ; On           ; 103ps         ;
; AG83     ; 434        ; 3B_B     ; RESERVED_INPUT_WITHOUT_WEAK_PULLUP                                                                                                    ;        ;                                   ; 1.2V    ; --       ;                 ; no       ; On           ; 143ps         ;
; AG86     ;            ;          ; GND                                                                                                                                   ; gnd    ;                                   ;         ; --       ;                 ; --       ; --           ; --            ;
; AG90     ; 327        ; 3A_T     ; RESERVED_INPUT_WITHOUT_WEAK_PULLUP                                                                                                    ;        ;                                   ; 1.2V    ; --       ;                 ; no       ; On           ; 121ps         ;
; AG93     ; 326        ; 3A_T     ; RESERVED_INPUT_WITHOUT_WEAK_PULLUP                                                                                                    ;        ;                                   ; 1.2V    ; --       ;                 ; no       ; On           ; 119ps         ;
; AG96     ;            ;          ; GND                                                                                                                                   ; gnd    ;                                   ;         ; --       ;                 ; --       ; --           ; --            ;
; AG100    ; 331        ; 3A_T     ; RESERVED_INPUT_WITHOUT_WEAK_PULLUP                                                                                                    ;        ;                                   ; 1.2V    ; --       ;                 ; no       ; On           ; 129ps         ;
; AG104    ; 330        ; 3A_T     ; RESERVED_INPUT_WITHOUT_WEAK_PULLUP                                                                                                    ;        ;                                   ; 1.2V    ; --       ;                 ; no       ; On           ; 130ps         ;
; AG107    ;            ;          ; GND                                                                                                                                   ; gnd    ;                                   ;         ; --       ;                 ; --       ; --           ; --            ;
; AG111    ; 340        ; 3A_B     ; RESERVED_INPUT_WITHOUT_WEAK_PULLUP                                                                                                    ;        ;                                   ; 1.2V    ; --       ;                 ; no       ; On           ; 134ps         ;
; AG115    ; 47         ; HPS      ; HPS_IOA_8, GPIO0_IO7, SPIM0_SS0_N, MDIO2_MDC, UART1_RX, I2C_EMAC2_SCL, NAND_CLE, SDMMC_CMD, USB0_DATA3, TRACE_D15                     ;        ;                                   ;         ; --       ;                 ; --       ; --           ; 81ps          ;
; AG120    ; 61         ; HPS      ; HPS_IOA_22, GPIO0_IO21, SPIM1_MOSI, SPIS0_MOSI, UART0_RTS_N, I2C1_SCL, NAND_ADQ13, USB1_DATA5, EMAC0_TXD3, TRACE_D1                   ;        ;                                   ;         ; --       ;                 ; --       ; --           ; 93ps          ;
; AG123    ; 67         ; HPS      ; HPS_IOB_4, GPIO1_IO3, SPIM1_SS0_N, UART0_RX, I2C0_SCL, NAND_RE_N, EMAC1_RX_CTL, TRACE_D7                                              ;        ;                                   ;         ; --       ;                 ; --       ; --           ; 104ps         ;
; AG126    ;            ;          ; GND                                                                                                                                   ; gnd    ;                                   ;         ; --       ;                 ; --       ; --           ; --            ;
; AG129    ; 59         ; HPS      ; HPS_IOA_20, GPIO0_IO19, SPIM1_SS1_N, I3C0_SCL, NAND_ADQ11, USB1_DATA3, EMAC0_RXD1, TRACE_CLK                                          ;        ;                                   ;         ; --       ;                 ; --       ; --           ; 106ps         ;
; AG131    ;            ;          ; GND                                                                                                                                   ; gnd    ;                                   ;         ; --       ;                 ; --       ; --           ; --            ;
; AG133    ;            ;          ; GND                                                                                                                                   ; gnd    ;                                   ;         ; --       ;                 ; --       ; --           ; --            ;
; AG135    ;            ;          ; GND                                                                                                                                   ; gnd    ;                                   ;         ; --       ;                 ; --       ; --           ; --            ;
; AH4      ;            ;          ; NC                                                                                                                                    ;        ;                                   ;         ; --       ;                 ; --       ; --           ; --            ;
; AH8      ;            ;          ; NC                                                                                                                                    ;        ;                                   ;         ; --       ;                 ; --       ; --           ; --            ;
; AJ1      ;            ;          ; NC                                                                                                                                    ;        ;                                   ;         ; --       ;                 ; --       ; --           ; --            ;
; AJ2      ;            ;          ; NC                                                                                                                                    ;        ;                                   ;         ; --       ;                 ; --       ; --           ; --            ;
; AK5      ;            ;          ; GND                                                                                                                                   ; gnd    ;                                   ;         ; --       ;                 ; --       ; --           ; --            ;
; AK7      ;            ;          ; GND                                                                                                                                   ; gnd    ;                                   ;         ; --       ;                 ; --       ; --           ; --            ;
; AK10     ;            ;          ; GND                                                                                                                                   ; gnd    ;                                   ;         ; --       ;                 ; --       ; --           ; --            ;
; AK13     ;            ;          ; GND                                                                                                                                   ; gnd    ;                                   ;         ; --       ;                 ; --       ; --           ; --            ;
; AK16     ;            ;          ; NC                                                                                                                                    ;        ;                                   ;         ; --       ;                 ; --       ; --           ; --            ;
; AK21     ;            ;          ; NC                                                                                                                                    ;        ;                                   ;         ; --       ;                 ; --       ; --           ; --            ;
; AK25     ;            ;          ; NC                                                                                                                                    ;        ;                                   ;         ; --       ;                 ; --       ; --           ; --            ;
; AK29     ;            ;          ; GND                                                                                                                                   ; gnd    ;                                   ;         ; --       ;                 ; --       ; --           ; --            ;
; AK32     ;            ;          ; NC                                                                                                                                    ;        ;                                   ;         ; --       ;                 ; --       ; --           ; --            ;
; AK36     ;            ;          ; GND                                                                                                                                   ; gnd    ;                                   ;         ; --       ;                 ; --       ; --           ; --            ;
; AK40     ;            ; 6C       ; VCCIO_HVIO_6C                                                                                                                         ; power  ;                                   ; 3.3V    ; --       ;                 ; --       ; --           ; --            ;
; AK43     ;            ;          ; GND                                                                                                                                   ; gnd    ;                                   ;         ; --       ;                 ; --       ; --           ; --            ;
; AK46     ;            ; --       ; VCCPT_HVIO                                                                                                                            ; power  ;                                   ; 1.8V    ; --       ;                 ; --       ; --           ; --            ;
; AK50     ;            ; 3B_T     ; VCCIO_PIO_3B_T                                                                                                                        ; power  ;                                   ; 1.2V    ; --       ;                 ; --       ; --           ; --            ;
; AK53     ;            ;          ; GND                                                                                                                                   ; gnd    ;                                   ;         ; --       ;                 ; --       ; --           ; --            ;
; AK57     ;            ; 3B_B     ; VCCIO_PIO_3B_B                                                                                                                        ; power  ;                                   ; 1.2V    ; --       ;                 ; --       ; --           ; --            ;
; AK61     ;            ; 3B_B     ; VCCIO_PIO_3B_B                                                                                                                        ; power  ;                                   ; 1.2V    ; --       ;                 ; --       ; --           ; --            ;
; AK64     ;            ;          ; GND                                                                                                                                   ; gnd    ;                                   ;         ; --       ;                 ; --       ; --           ; --            ;
; AK68     ;            ; 3A_T     ; VCCIO_PIO_3A_T                                                                                                                        ; power  ;                                   ; 1.2V    ; --       ;                 ; --       ; --           ; --            ;
; AK72     ;            ; 3A_B     ; VCCIO_PIO_3A_B                                                                                                                        ; power  ;                                   ; 1.2V    ; --       ;                 ; --       ; --           ; --            ;
; AK75     ;            ;          ; GND                                                                                                                                   ; gnd    ;                                   ;         ; --       ;                 ; --       ; --           ; --            ;
; AK79     ;            ; --       ; VCCL_HPS_CORE0_CORE1                                                                                                                  ; power  ;                                   ; GND     ; --       ;                 ; --       ; --           ; --            ;
; AK83     ;            ; --       ; VCCL_HPS                                                                                                                              ; power  ;                                   ; 0.75V   ; --       ;                 ; --       ; --           ; --            ;
; AK86     ;            ;          ; GND                                                                                                                                   ; gnd    ;                                   ;         ; --       ;                 ; --       ; --           ; --            ;
; AK90     ;            ; --       ; VCCIO_HPS                                                                                                                             ; power  ;                                   ; 1.8V    ; --       ;                 ; --       ; --           ; --            ;
; AK93     ;            ; --       ; VCCL_HPS_CORE2                                                                                                                        ; power  ;                                   ; GND     ; --       ;                 ; --       ; --           ; --            ;
; AK96     ;            ;          ; GND                                                                                                                                   ; gnd    ;                                   ;         ; --       ;                 ; --       ; --           ; --            ;
; AK100    ;            ;          ; GND                                                                                                                                   ; gnd    ;                                   ;         ; --       ;                 ; --       ; --           ; --            ;
; AK104    ; 336        ; 3A_B     ; RESERVED_INPUT_WITHOUT_WEAK_PULLUP                                                                                                    ;        ;                                   ; 1.2V    ; --       ;                 ; no       ; On           ; 140ps         ;
; AK107    ; 337        ; 3A_B     ; RESERVED_INPUT_WITHOUT_WEAK_PULLUP                                                                                                    ;        ;                                   ; 1.2V    ; --       ;                 ; no       ; On           ; 142ps         ;
; AK111    ; 341        ; 3A_B     ; RESERVED_INPUT_WITHOUT_WEAK_PULLUP                                                                                                    ;        ;                                   ; 1.2V    ; --       ;                 ; no       ; On           ; 135ps         ;
; AK115    ; 43         ; HPS      ; HPS_IOA_4, GPIO0_IO3, SPIS0_MISO, UART0_RX, I2C1_SCL, NAND_RE_N, USB0_DATA0, EMAC1_PPSTRIG1, TRACE_D7                                 ;        ;                                   ;         ; --       ;                 ; --       ; --           ; 80ps          ;
; AK120    ; 49         ; HPS      ; HPS_IOA_10, GPIO0_IO9, SPIM1_MOSI, SPIS1_MOSI, MDIO1_MDC, I2C_EMAC1_SCL, NAND_ADQ5, SDMMC_DATA5, USB0_DATA5, I3C1_SCL, TRACE_D13      ;        ;                                   ;         ; --       ;                 ; --       ; --           ; 85ps          ;
; AK123    ;            ;          ; GND                                                                                                                                   ; gnd    ;                                   ;         ; --       ;                 ; --       ; --           ; --            ;
; AK126    ;            ;          ; GND                                                                                                                                   ; gnd    ;                                   ;         ; --       ;                 ; --       ; --           ; --            ;
; AK129    ;            ;          ; GND                                                                                                                                   ; gnd    ;                                   ;         ; --       ;                 ; --       ; --           ; --            ;
; AK131    ;            ;          ; GND                                                                                                                                   ; gnd    ;                                   ;         ; --       ;                 ; --       ; --           ; --            ;
; AK133    ; 706        ; 1C       ; GND                                                                                                                                   ;        ;                                   ;         ; --       ;                 ; --       ; --           ; 75ps          ;
; AK135    ; 705        ; 1C       ; GND                                                                                                                                   ;        ;                                   ;         ; --       ;                 ; --       ; --           ; 75ps          ;
; AL1      ;            ;          ; GND                                                                                                                                   ; gnd    ;                                   ;         ; --       ;                 ; --       ; --           ; --            ;
; AL3      ;            ;          ; GND                                                                                                                                   ; gnd    ;                                   ;         ; --       ;                 ; --       ; --           ; --            ;
; AL5      ;            ;          ; GND                                                                                                                                   ; gnd    ;                                   ;         ; --       ;                 ; --       ; --           ; --            ;
; AL7      ; 842        ; 4C       ; GXB_NC                                                                                                                                ;        ;                                   ;         ; --       ;                 ; --       ; --           ; 62ps          ;
; AL10     ; 843        ; 4C       ; GXB_NC                                                                                                                                ;        ;                                   ;         ; --       ;                 ; --       ; --           ; 62ps          ;
; AL13     ;            ;          ; GND                                                                                                                                   ; gnd    ;                                   ;         ; --       ;                 ; --       ; --           ; --            ;
; AL16     ;            ;          ; NC                                                                                                                                    ;        ;                                   ;         ; --       ;                 ; --       ; --           ; --            ;
; AL21     ;            ;          ; GND                                                                                                                                   ; gnd    ;                                   ;         ; --       ;                 ; --       ; --           ; --            ;
; AL25     ;            ;          ; NC                                                                                                                                    ;        ;                                   ;         ; --       ;                 ; --       ; --           ; --            ;
; AL29     ;            ;          ; NC                                                                                                                                    ;        ;                                   ;         ; --       ;                 ; --       ; --           ; --            ;
; AL32     ;            ;          ; NC                                                                                                                                    ;        ;                                   ;         ; --       ;                 ; --       ; --           ; --            ;
; AL36     ;            ;          ; GND                                                                                                                                   ; gnd    ;                                   ;         ; --       ;                 ; --       ; --           ; --            ;
; AL40     ;            ; 6C       ; VCCIO_HVIO_6C                                                                                                                         ; power  ;                                   ; 3.3V    ; --       ;                 ; --       ; --           ; --            ;
; AL43     ;            ;          ; DNU                                                                                                                                   ;        ;                                   ;         ; --       ;                 ; --       ; --           ; --            ;
; AL46     ;            ; --       ; VCCPT_HVIO                                                                                                                            ; power  ;                                   ; 1.8V    ; --       ;                 ; --       ; --           ; --            ;
; AL50     ;            ;          ; GND                                                                                                                                   ; gnd    ;                                   ;         ; --       ;                 ; --       ; --           ; --            ;
; AL53     ;            ; 3B_T     ; VCCIO_PIO_3B_T                                                                                                                        ; power  ;                                   ; 1.2V    ; --       ;                 ; --       ; --           ; --            ;
; AL57     ;            ;          ; DNU                                                                                                                                   ;        ;                                   ;         ; --       ;                 ; --       ; --           ; --            ;
; AL61     ;            ;          ; GND                                                                                                                                   ; gnd    ;                                   ;         ; --       ;                 ; --       ; --           ; --            ;
; AL64     ;            ; 3A_T     ; VCCIO_PIO_3A_T                                                                                                                        ; power  ;                                   ; 1.2V    ; --       ;                 ; --       ; --           ; --            ;
; AL68     ;            ;          ; DNU                                                                                                                                   ;        ;                                   ;         ; --       ;                 ; --       ; --           ; --            ;
; AL72     ;            ;          ; GND                                                                                                                                   ; gnd    ;                                   ;         ; --       ;                 ; --       ; --           ; --            ;
; AL75     ;            ; 3A_B     ; VCCIO_PIO_3A_B                                                                                                                        ; power  ;                                   ; 1.2V    ; --       ;                 ; --       ; --           ; --            ;
; AL79     ;            ; --       ; VCCL_HPS_CORE0_CORE1                                                                                                                  ; power  ;                                   ; GND     ; --       ;                 ; --       ; --           ; --            ;
; AL83     ;            ;          ; GND                                                                                                                                   ; gnd    ;                                   ;         ; --       ;                 ; --       ; --           ; --            ;
; AL86     ;            ; --       ; VCCL_HPS                                                                                                                              ; power  ;                                   ; 0.75V   ; --       ;                 ; --       ; --           ; --            ;
; AL90     ;            ; --       ; VCCIO_HPS                                                                                                                             ; power  ;                                   ; 1.8V    ; --       ;                 ; --       ; --           ; --            ;
; AL93     ;            ;          ; GND                                                                                                                                   ; gnd    ;                                   ;         ; --       ;                 ; --       ; --           ; --            ;
; AL96     ;            ; --       ; VCCL_HPS_CORE2                                                                                                                        ; power  ;                                   ; GND     ; --       ;                 ; --       ; --           ; --            ;
; AL100    ;            ; --       ; VCCL_HPS_CORE3                                                                                                                        ; power  ;                                   ; GND     ; --       ;                 ; --       ; --           ; --            ;
; AL104    ;            ;          ; NC                                                                                                                                    ;        ;                                   ;         ; --       ;                 ; --       ; --           ; --            ;
; AL107    ;            ;          ; NC                                                                                                                                    ;        ;                                   ;         ; --       ;                 ; --       ; --           ; --            ;
; AL111    ;            ;          ; GND                                                                                                                                   ; gnd    ;                                   ;         ; --       ;                 ; --       ; --           ; --            ;
; AL115    ;            ;          ; DNU                                                                                                                                   ;        ;                                   ;         ; --       ;                 ; --       ; --           ; --            ;
; AL120    ; 45         ; HPS      ; HPS_IOA_6, GPIO0_IO5, SPIM0_MOSI, UART1_RTS_N, I2C0_SCL, NAND_ADQ2, SDMMC_DATA2, USB0_NXT, EMAC2_PPSTRIG2, TRACE_D5                   ;        ;                                   ;         ; --       ;                 ; --       ; --           ; 84ps          ;
; AL123    ;            ;          ; GND                                                                                                                                   ; gnd    ;                                   ;         ; --       ;                 ; --       ; --           ; --            ;
; AL126    ; 714        ; 1C       ; GXB_NC                                                                                                                                ;        ;                                   ;         ; --       ;                 ; --       ; --           ; 62ps          ;
; AL129    ; 713        ; 1C       ; GXB_NC                                                                                                                                ;        ;                                   ;         ; --       ;                 ; --       ; --           ; 62ps          ;
; AL131    ;            ;          ; GND                                                                                                                                   ; gnd    ;                                   ;         ; --       ;                 ; --       ; --           ; --            ;
; AL133    ;            ;          ; GND                                                                                                                                   ; gnd    ;                                   ;         ; --       ;                 ; --       ; --           ; --            ;
; AL135    ;            ;          ; GND                                                                                                                                   ; gnd    ;                                   ;         ; --       ;                 ; --       ; --           ; --            ;
; AM1      ; 834        ; 4C       ; GND                                                                                                                                   ;        ;                                   ;         ; --       ;                 ; --       ; --           ; 73ps          ;
; AM3      ; 835        ; 4C       ; GND                                                                                                                                   ;        ;                                   ;         ; --       ;                 ; --       ; --           ; 73ps          ;
; AM5      ;            ;          ; GND                                                                                                                                   ; gnd    ;                                   ;         ; --       ;                 ; --       ; --           ; --            ;
; AM7      ;            ;          ; GND                                                                                                                                   ; gnd    ;                                   ;         ; --       ;                 ; --       ; --           ; --            ;
; AM10     ;            ;          ; GND                                                                                                                                   ; gnd    ;                                   ;         ; --       ;                 ; --       ; --           ; --            ;
; AM13     ;            ;          ; GND                                                                                                                                   ; gnd    ;                                   ;         ; --       ;                 ; --       ; --           ; --            ;
; AM16     ;            ;          ; NC                                                                                                                                    ;        ;                                   ;         ; --       ;                 ; --       ; --           ; --            ;
; AM21     ;            ;          ; GND                                                                                                                                   ; gnd    ;                                   ;         ; --       ;                 ; --       ; --           ; --            ;
; AM25     ;            ;          ; GND                                                                                                                                   ; gnd    ;                                   ;         ; --       ;                 ; --       ; --           ; --            ;
; AM29     ;            ;          ; GND                                                                                                                                   ; gnd    ;                                   ;         ; --       ;                 ; --       ; --           ; --            ;
; AM32     ;            ;          ; GND                                                                                                                                   ; gnd    ;                                   ;         ; --       ;                 ; --       ; --           ; --            ;
; AM36     ;            ;          ; DNU                                                                                                                                   ;        ;                                   ;         ; --       ;                 ; --       ; --           ; --            ;
; AM40     ;            ;          ; DNU                                                                                                                                   ;        ;                                   ;         ; --       ;                 ; --       ; --           ; --            ;
; AM43     ;            ;          ; NC                                                                                                                                    ;        ;                                   ;         ; --       ;                 ; --       ; --           ; --            ;
; AM46     ;            ;          ; NC                                                                                                                                    ;        ;                                   ;         ; --       ;                 ; --       ; --           ; --            ;
; AM50     ;            ;          ; NC                                                                                                                                    ;        ;                                   ;         ; --       ;                 ; --       ; --           ; --            ;
; AM53     ;            ; --       ; VCCP                                                                                                                                  ; power  ;                                   ; 0.75V   ; --       ;                 ; --       ; --           ; --            ;
; AM57     ;            ;          ; GND                                                                                                                                   ; gnd    ;                                   ;         ; --       ;                 ; --       ; --           ; --            ;
; AM61     ;            ; --       ; VCCP                                                                                                                                  ; power  ;                                   ; 0.75V   ; --       ;                 ; --       ; --           ; --            ;
; AM64     ;            ; --       ; VCCP                                                                                                                                  ; power  ;                                   ; 0.75V   ; --       ;                 ; --       ; --           ; --            ;
; AM68     ;            ;          ; GND                                                                                                                                   ; gnd    ;                                   ;         ; --       ;                 ; --       ; --           ; --            ;
; AM72     ;            ; --       ; VCCP                                                                                                                                  ; power  ;                                   ; 0.75V   ; --       ;                 ; --       ; --           ; --            ;
; AM75     ;            ; --       ; VCCP                                                                                                                                  ; power  ;                                   ; 0.75V   ; --       ;                 ; --       ; --           ; --            ;
; AM79     ;            ;          ; GND                                                                                                                                   ; gnd    ;                                   ;         ; --       ;                 ; --       ; --           ; --            ;
; AM83     ;            ; --       ; VCCL_HPS                                                                                                                              ; power  ;                                   ; 0.75V   ; --       ;                 ; --       ; --           ; --            ;
; AM86     ;            ; --       ; VCCPLLDIG2_HPS                                                                                                                        ; power  ;                                   ; 0.75V   ; --       ;                 ; --       ; --           ; --            ;
; AM90     ;            ;          ; GND                                                                                                                                   ; gnd    ;                                   ;         ; --       ;                 ; --       ; --           ; --            ;
; AM93     ;            ; --       ; VCCPLL1_HPS                                                                                                                           ; power  ;                                   ; 1.8V    ; --       ;                 ; --       ; --           ; --            ;
; AM96     ;            ; --       ; VCCPLLDIG1_HPS                                                                                                                        ; power  ;                                   ; 0.75V   ; --       ;                 ; --       ; --           ; --            ;
; AM100    ;            ; --       ; VCCL_HPS_CORE3                                                                                                                        ; power  ;                                   ; GND     ; --       ;                 ; --       ; --           ; --            ;
; AM104    ;            ;          ; GND                                                                                                                                   ; gnd    ;                                   ;         ; --       ;                 ; --       ; --           ; --            ;
; AM107    ;            ;          ; GND                                                                                                                                   ; gnd    ;                                   ;         ; --       ;                 ; --       ; --           ; --            ;
; AM111    ;            ;          ; GND                                                                                                                                   ; gnd    ;                                   ;         ; --       ;                 ; --       ; --           ; --            ;
; AM115    ;            ;          ; GND                                                                                                                                   ; gnd    ;                                   ;         ; --       ;                 ; --       ; --           ; --            ;
; AM120    ;            ;          ; DNU                                                                                                                                   ;        ;                                   ;         ; --       ;                 ; --       ; --           ; --            ;
; AM123    ;            ;          ; GND                                                                                                                                   ; gnd    ;                                   ;         ; --       ;                 ; --       ; --           ; --            ;
; AM126    ;            ;          ; GND                                                                                                                                   ; gnd    ;                                   ;         ; --       ;                 ; --       ; --           ; --            ;
; AM129    ;            ;          ; GND                                                                                                                                   ; gnd    ;                                   ;         ; --       ;                 ; --       ; --           ; --            ;
; AM131    ;            ;          ; GND                                                                                                                                   ; gnd    ;                                   ;         ; --       ;                 ; --       ; --           ; --            ;
; AM133    ; 704        ; 1C       ; GND                                                                                                                                   ;        ;                                   ;         ; --       ;                 ; --       ; --           ; 73ps          ;
; AM135    ; 703        ; 1C       ; GND                                                                                                                                   ;        ;                                   ;         ; --       ;                 ; --       ; --           ; 73ps          ;
; AN1      ;            ;          ; GND                                                                                                                                   ; gnd    ;                                   ;         ; --       ;                 ; --       ; --           ; --            ;
; AN3      ;            ;          ; GND                                                                                                                                   ; gnd    ;                                   ;         ; --       ;                 ; --       ; --           ; --            ;
; AN5      ;            ;          ; GND                                                                                                                                   ; gnd    ;                                   ;         ; --       ;                 ; --       ; --           ; --            ;
; AN7      ; 840        ; 4C       ; GXB_NC                                                                                                                                ;        ;                                   ;         ; --       ;                 ; --       ; --           ; 60ps          ;
; AN10     ; 841        ; 4C       ; GXB_NC                                                                                                                                ;        ;                                   ;         ; --       ;                 ; --       ; --           ; 60ps          ;
; AN13     ;            ;          ; GND                                                                                                                                   ; gnd    ;                                   ;         ; --       ;                 ; --       ; --           ; --            ;
; AN16     ;            ;          ; GND                                                                                                                                   ; gnd    ;                                   ;         ; --       ;                 ; --       ; --           ; --            ;
; AN21     ;            ;          ; GND                                                                                                                                   ; gnd    ;                                   ;         ; --       ;                 ; --       ; --           ; --            ;
; AN25     ;            ;          ; NC                                                                                                                                    ;        ;                                   ;         ; --       ;                 ; --       ; --           ; --            ;
; AN29     ;            ;          ; NC                                                                                                                                    ;        ;                                   ;         ; --       ;                 ; --       ; --           ; --            ;
; AN32     ;            ;          ; GND                                                                                                                                   ; gnd    ;                                   ;         ; --       ;                 ; --       ; --           ; --            ;
; AN36     ;            ;          ; GND                                                                                                                                   ; gnd    ;                                   ;         ; --       ;                 ; --       ; --           ; --            ;
; AN40     ;            ;          ; GND                                                                                                                                   ; gnd    ;                                   ;         ; --       ;                 ; --       ; --           ; --            ;
; AN43     ;            ;          ; GND                                                                                                                                   ; gnd    ;                                   ;         ; --       ;                 ; --       ; --           ; --            ;
; AN46     ;            ;          ; GND                                                                                                                                   ; gnd    ;                                   ;         ; --       ;                 ; --       ; --           ; --            ;
; AN50     ;            ;          ; NC                                                                                                                                    ;        ;                                   ;         ; --       ;                 ; --       ; --           ; --            ;
; AN53     ;            ;          ; GND                                                                                                                                   ; gnd    ;                                   ;         ; --       ;                 ; --       ; --           ; --            ;
; AN57     ;            ; --       ; VCCP                                                                                                                                  ; power  ;                                   ; 0.75V   ; --       ;                 ; --       ; --           ; --            ;
; AN61     ;            ; --       ; VCCPT                                                                                                                                 ; power  ;                                   ; 1.8V    ; --       ;                 ; --       ; --           ; --            ;
; AN64     ;            ;          ; GND                                                                                                                                   ; gnd    ;                                   ;         ; --       ;                 ; --       ; --           ; --            ;
; AN68     ;            ; --       ; VCCP                                                                                                                                  ; power  ;                                   ; 0.75V   ; --       ;                 ; --       ; --           ; --            ;
; AN72     ;            ; --       ; VCC                                                                                                                                   ; power  ;                                   ; 0.75V   ; --       ;                 ; --       ; --           ; --            ;
; AN75     ;            ;          ; GND                                                                                                                                   ; gnd    ;                                   ;         ; --       ;                 ; --       ; --           ; --            ;
; AN79     ;            ; --       ; VCC                                                                                                                                   ; power  ;                                   ; 0.75V   ; --       ;                 ; --       ; --           ; --            ;
; AN83     ;            ; --       ; VCCL_HPS                                                                                                                              ; power  ;                                   ; 0.75V   ; --       ;                 ; --       ; --           ; --            ;
; AN86     ;            ;          ; GND                                                                                                                                   ; gnd    ;                                   ;         ; --       ;                 ; --       ; --           ; --            ;
; AN90     ;            ; --       ; VCCPLL2_HPS                                                                                                                           ; power  ;                                   ; 1.8V    ; --       ;                 ; --       ; --           ; --            ;
; AN93     ;            ;          ; GND                                                                                                                                   ; gnd    ;                                   ;         ; --       ;                 ; --       ; --           ; --            ;
; AN96     ;            ;          ; GND                                                                                                                                   ; gnd    ;                                   ;         ; --       ;                 ; --       ; --           ; --            ;
; AN100    ;            ;          ; GND                                                                                                                                   ; gnd    ;                                   ;         ; --       ;                 ; --       ; --           ; --            ;
; AN104    ;            ;          ; GND                                                                                                                                   ; gnd    ;                                   ;         ; --       ;                 ; --       ; --           ; --            ;
; AN107    ;            ;          ; NC                                                                                                                                    ;        ;                                   ;         ; --       ;                 ; --       ; --           ; --            ;
; AN111    ;            ;          ; NC                                                                                                                                    ;        ;                                   ;         ; --       ;                 ; --       ; --           ; --            ;
; AN115    ;            ;          ; GND                                                                                                                                   ; gnd    ;                                   ;         ; --       ;                 ; --       ; --           ; --            ;
; AN120    ;            ;          ; GND                                                                                                                                   ; gnd    ;                                   ;         ; --       ;                 ; --       ; --           ; --            ;
; AN123    ;            ;          ; GND                                                                                                                                   ; gnd    ;                                   ;         ; --       ;                 ; --       ; --           ; --            ;
; AN126    ; 712        ; 1C       ; GXB_NC                                                                                                                                ;        ;                                   ;         ; --       ;                 ; --       ; --           ; 60ps          ;
; AN129    ; 711        ; 1C       ; GXB_NC                                                                                                                                ;        ;                                   ;         ; --       ;                 ; --       ; --           ; 60ps          ;
; AN131    ;            ;          ; GND                                                                                                                                   ; gnd    ;                                   ;         ; --       ;                 ; --       ; --           ; --            ;
; AN133    ;            ;          ; GND                                                                                                                                   ; gnd    ;                                   ;         ; --       ;                 ; --       ; --           ; --            ;
; AN135    ;            ;          ; GND                                                                                                                                   ; gnd    ;                                   ;         ; --       ;                 ; --       ; --           ; --            ;
; AP1      ; 832        ; 4C       ; GND                                                                                                                                   ;        ;                                   ;         ; --       ;                 ; --       ; --           ; 74ps          ;
; AP3      ; 833        ; 4C       ; GND                                                                                                                                   ;        ;                                   ;         ; --       ;                 ; --       ; --           ; 74ps          ;
; AP5      ;            ;          ; GND                                                                                                                                   ; gnd    ;                                   ;         ; --       ;                 ; --       ; --           ; --            ;
; AP7      ;            ;          ; GND                                                                                                                                   ; gnd    ;                                   ;         ; --       ;                 ; --       ; --           ; --            ;
; AP10     ;            ;          ; GND                                                                                                                                   ; gnd    ;                                   ;         ; --       ;                 ; --       ; --           ; --            ;
; AP13     ;            ;          ; GND                                                                                                                                   ; gnd    ;                                   ;         ; --       ;                 ; --       ; --           ; --            ;
; AP16     ; 846        ; 4C       ; GND                                                                                                                                   ;        ;                                   ;         ; --       ;                 ; --       ; --           ; 64ps          ;
; AP21     ; 847        ; 4C       ; GND                                                                                                                                   ;        ;                                   ;         ; --       ;                 ; --       ; --           ; 66ps          ;
; AP25     ;            ; --       ; VCCEHT_GTSR4C                                                                                                                         ; power  ;                                   ; 1.8V    ; --       ;                 ; --       ; --           ; --            ;
; AP29     ;            ; --       ; VCCEHT_GTSR4C                                                                                                                         ; power  ;                                   ; 1.8V    ; --       ;                 ; --       ; --           ; --            ;
; AP32     ;            ;          ; GND                                                                                                                                   ; gnd    ;                                   ;         ; --       ;                 ; --       ; --           ; --            ;
; AP36     ;            ; --       ; VCCERT_GTSR4C                                                                                                                         ; power  ;                                   ; 1.0V    ; --       ;                 ; --       ; --           ; --            ;
; AP40     ;            ; --       ; VCCERT_GTSR4C                                                                                                                         ; power  ;                                   ; 1.0V    ; --       ;                 ; --       ; --           ; --            ;
; AP43     ;            ; --       ; VCC_HSSI_R4                                                                                                                           ; power  ;                                   ; 0.75V   ; --       ;                 ; --       ; --           ; --            ;
; AP46     ;            ; --       ; VCC_HSSI_R4                                                                                                                           ; power  ;                                   ; 0.75V   ; --       ;                 ; --       ; --           ; --            ;
; AP50     ;            ;          ; NC                                                                                                                                    ;        ;                                   ;         ; --       ;                 ; --       ; --           ; --            ;
; AP53     ;            ;          ; NC                                                                                                                                    ;        ;                                   ;         ; --       ;                 ; --       ; --           ; --            ;
; AP57     ;            ; --       ; VCCPT                                                                                                                                 ; power  ;                                   ; 1.8V    ; --       ;                 ; --       ; --           ; --            ;
; AP61     ;            ;          ; GND                                                                                                                                   ; gnd    ;                                   ;         ; --       ;                 ; --       ; --           ; --            ;
; AP64     ;            ; --       ; VCC                                                                                                                                   ; power  ;                                   ; 0.75V   ; --       ;                 ; --       ; --           ; --            ;
; AP68     ;            ; --       ; VCC                                                                                                                                   ; power  ;                                   ; 0.75V   ; --       ;                 ; --       ; --           ; --            ;
; AP72     ;            ;          ; GND                                                                                                                                   ; gnd    ;                                   ;         ; --       ;                 ; --       ; --           ; --            ;
; AP75     ;            ; --       ; VCC                                                                                                                                   ; power  ;                                   ; 0.75V   ; --       ;                 ; --       ; --           ; --            ;
; AP79     ;            ; --       ; VCC                                                                                                                                   ; power  ;                                   ; 0.75V   ; --       ;                 ; --       ; --           ; --            ;
; AP83     ;            ;          ; GND                                                                                                                                   ; gnd    ;                                   ;         ; --       ;                 ; --       ; --           ; --            ;
; AP86     ;            ; --       ; VCC                                                                                                                                   ; power  ;                                   ; 0.75V   ; --       ;                 ; --       ; --           ; --            ;
; AP90     ;            ; --       ; VCC_HSSI_L1                                                                                                                           ; power  ;                                   ; 0.75V   ; --       ;                 ; --       ; --           ; --            ;
; AP93     ;            ; --       ; VCC_HSSI_L1                                                                                                                           ; power  ;                                   ; 0.75V   ; --       ;                 ; --       ; --           ; --            ;
; AP96     ;            ; --       ; VCCERT_GTSL1C                                                                                                                         ; power  ;                                   ; 1.0V    ; --       ;                 ; --       ; --           ; --            ;
; AP100    ;            ; --       ; VCCERT_GTSL1C                                                                                                                         ; power  ;                                   ; 1.0V    ; --       ;                 ; --       ; --           ; --            ;
; AP104    ;            ;          ; GND                                                                                                                                   ; gnd    ;                                   ;         ; --       ;                 ; --       ; --           ; --            ;
; AP107    ;            ; --       ; VCCEHT_GTSL1C                                                                                                                         ; power  ;                                   ; 1.8V    ; --       ;                 ; --       ; --           ; --            ;
; AP111    ;            ; --       ; VCCEHT_GTSL1C                                                                                                                         ; power  ;                                   ; 1.8V    ; --       ;                 ; --       ; --           ; --            ;
; AP115    ; 718        ; 1C       ; GND                                                                                                                                   ;        ;                                   ;         ; --       ;                 ; --       ; --           ; 69ps          ;
; AP120    ; 717        ; 1C       ; GND                                                                                                                                   ;        ;                                   ;         ; --       ;                 ; --       ; --           ; 69ps          ;
; AP123    ;            ;          ; GND                                                                                                                                   ; gnd    ;                                   ;         ; --       ;                 ; --       ; --           ; --            ;
; AP126    ;            ;          ; GND                                                                                                                                   ; gnd    ;                                   ;         ; --       ;                 ; --       ; --           ; --            ;
; AP129    ;            ;          ; GND                                                                                                                                   ; gnd    ;                                   ;         ; --       ;                 ; --       ; --           ; --            ;
; AP131    ;            ;          ; GND                                                                                                                                   ; gnd    ;                                   ;         ; --       ;                 ; --       ; --           ; --            ;
; AP133    ; 702        ; 1C       ; GND                                                                                                                                   ;        ;                                   ;         ; --       ;                 ; --       ; --           ; 71ps          ;
; AP135    ; 701        ; 1C       ; GND                                                                                                                                   ;        ;                                   ;         ; --       ;                 ; --       ; --           ; 71ps          ;
; AR1      ;            ;          ; GND                                                                                                                                   ; gnd    ;                                   ;         ; --       ;                 ; --       ; --           ; --            ;
; AR3      ;            ;          ; GND                                                                                                                                   ; gnd    ;                                   ;         ; --       ;                 ; --       ; --           ; --            ;
; AR5      ;            ;          ; GND                                                                                                                                   ; gnd    ;                                   ;         ; --       ;                 ; --       ; --           ; --            ;
; AR7      ; 838        ; 4C       ; GXB_NC                                                                                                                                ;        ;                                   ;         ; --       ;                 ; --       ; --           ; 61ps          ;
; AR10     ; 839        ; 4C       ; GXB_NC                                                                                                                                ;        ;                                   ;         ; --       ;                 ; --       ; --           ; 61ps          ;
; AR13     ;            ;          ; GND                                                                                                                                   ; gnd    ;                                   ;         ; --       ;                 ; --       ; --           ; --            ;
; AR16     ;            ;          ; GND                                                                                                                                   ; gnd    ;                                   ;         ; --       ;                 ; --       ; --           ; --            ;
; AR21     ;            ;          ; GND                                                                                                                                   ; gnd    ;                                   ;         ; --       ;                 ; --       ; --           ; --            ;
; AR25     ;            ;          ; GND                                                                                                                                   ; gnd    ;                                   ;         ; --       ;                 ; --       ; --           ; --            ;
; AR29     ;            ;          ; APROBE_GTSR4C_CH3                                                                                                                     ;        ;                                   ;         ; --       ;                 ; --       ; --           ; --            ;
; AR32     ;            ;          ; DNU                                                                                                                                   ;        ;                                   ;         ; --       ;                 ; --       ; --           ; --            ;
; AR36     ;            ; --       ; VCCERT_GTSR4C                                                                                                                         ; power  ;                                   ; 1.0V    ; --       ;                 ; --       ; --           ; --            ;
; AR40     ;            ;          ; GND                                                                                                                                   ; gnd    ;                                   ;         ; --       ;                 ; --       ; --           ; --            ;
; AR43     ;            ; --       ; VCC_HSSI_R4                                                                                                                           ; power  ;                                   ; 0.75V   ; --       ;                 ; --       ; --           ; --            ;
; AR46     ;            ;          ; GND                                                                                                                                   ; gnd    ;                                   ;         ; --       ;                 ; --       ; --           ; --            ;
; AR50     ;            ;          ; NC                                                                                                                                    ;        ;                                   ;         ; --       ;                 ; --       ; --           ; --            ;
; AR53     ;            ; --       ; VCC                                                                                                                                   ; power  ;                                   ; 0.75V   ; --       ;                 ; --       ; --           ; --            ;
; AR57     ;            ;          ; GND                                                                                                                                   ; gnd    ;                                   ;         ; --       ;                 ; --       ; --           ; --            ;
; AR61     ;            ; --       ; VCC                                                                                                                                   ; power  ;                                   ; 0.75V   ; --       ;                 ; --       ; --           ; --            ;
; AR64     ;            ; --       ; VCC                                                                                                                                   ; power  ;                                   ; 0.75V   ; --       ;                 ; --       ; --           ; --            ;
; AR68     ;            ;          ; GND                                                                                                                                   ; gnd    ;                                   ;         ; --       ;                 ; --       ; --           ; --            ;
; AR72     ;            ; --       ; VCC                                                                                                                                   ; power  ;                                   ; 0.75V   ; --       ;                 ; --       ; --           ; --            ;
; AR75     ;            ; --       ; VCC                                                                                                                                   ; power  ;                                   ; 0.75V   ; --       ;                 ; --       ; --           ; --            ;
; AR79     ;            ;          ; GND                                                                                                                                   ; gnd    ;                                   ;         ; --       ;                 ; --       ; --           ; --            ;
; AR83     ;            ; --       ; VCC                                                                                                                                   ; power  ;                                   ; 0.75V   ; --       ;                 ; --       ; --           ; --            ;
; AR86     ;            ; --       ; VCCRCORE                                                                                                                              ; power  ;                                   ; 1.2V    ; --       ;                 ; --       ; --           ; --            ;
; AR90     ;            ;          ; GND                                                                                                                                   ; gnd    ;                                   ;         ; --       ;                 ; --       ; --           ; --            ;
; AR93     ;            ; --       ; VCC_HSSI_L1                                                                                                                           ; power  ;                                   ; 0.75V   ; --       ;                 ; --       ; --           ; --            ;
; AR96     ;            ;          ; GND                                                                                                                                   ; gnd    ;                                   ;         ; --       ;                 ; --       ; --           ; --            ;
; AR100    ;            ; --       ; VCCERT_GTSL1C                                                                                                                         ; power  ;                                   ; 1.0V    ; --       ;                 ; --       ; --           ; --            ;
; AR104    ;            ;          ; DNU                                                                                                                                   ;        ;                                   ;         ; --       ;                 ; --       ; --           ; --            ;
; AR107    ;            ;          ; APROBE_GTSL1C_CH3                                                                                                                     ;        ;                                   ;         ; --       ;                 ; --       ; --           ; --            ;
; AR111    ;            ;          ; GND                                                                                                                                   ; gnd    ;                                   ;         ; --       ;                 ; --       ; --           ; --            ;
; AR115    ;            ;          ; GND                                                                                                                                   ; gnd    ;                                   ;         ; --       ;                 ; --       ; --           ; --            ;
; AR120    ;            ;          ; GND                                                                                                                                   ; gnd    ;                                   ;         ; --       ;                 ; --       ; --           ; --            ;
; AR123    ;            ;          ; GND                                                                                                                                   ; gnd    ;                                   ;         ; --       ;                 ; --       ; --           ; --            ;
; AR126    ; 710        ; 1C       ; GXB_NC                                                                                                                                ;        ;                                   ;         ; --       ;                 ; --       ; --           ; 61ps          ;
; AR129    ; 709        ; 1C       ; GXB_NC                                                                                                                                ;        ;                                   ;         ; --       ;                 ; --       ; --           ; 61ps          ;
; AR131    ;            ;          ; GND                                                                                                                                   ; gnd    ;                                   ;         ; --       ;                 ; --       ; --           ; --            ;
; AR133    ;            ;          ; GND                                                                                                                                   ; gnd    ;                                   ;         ; --       ;                 ; --       ; --           ; --            ;
; AR135    ;            ;          ; GND                                                                                                                                   ; gnd    ;                                   ;         ; --       ;                 ; --       ; --           ; --            ;
; AT1      ; 830        ; 4C       ; GND                                                                                                                                   ;        ;                                   ;         ; --       ;                 ; --       ; --           ; 75ps          ;
; AT3      ; 831        ; 4C       ; GND                                                                                                                                   ;        ;                                   ;         ; --       ;                 ; --       ; --           ; 75ps          ;
; AT5      ;            ;          ; GND                                                                                                                                   ; gnd    ;                                   ;         ; --       ;                 ; --       ; --           ; --            ;
; AT7      ;            ;          ; GND                                                                                                                                   ; gnd    ;                                   ;         ; --       ;                 ; --       ; --           ; --            ;
; AT10     ;            ;          ; GND                                                                                                                                   ; gnd    ;                                   ;         ; --       ;                 ; --       ; --           ; --            ;
; AT13     ;            ;          ; GND                                                                                                                                   ; gnd    ;                                   ;         ; --       ;                 ; --       ; --           ; --            ;
; AT16     ; 852        ; 4C       ; GND                                                                                                                                   ;        ;                                   ;         ; --       ;                 ; --       ; --           ; 64ps          ;
; AT21     ; 853        ; 4C       ; GND                                                                                                                                   ;        ;                                   ;         ; --       ;                 ; --       ; --           ; 65ps          ;
; AT25     ;            ; --       ; VCCEHT_GTSR4B                                                                                                                         ; power  ;                                   ; 1.8V    ; --       ;                 ; --       ; --           ; --            ;
; AT29     ;            ;          ; GND                                                                                                                                   ; gnd    ;                                   ;         ; --       ;                 ; --       ; --           ; --            ;
; AT32     ;            ;          ; GND                                                                                                                                   ; gnd    ;                                   ;         ; --       ;                 ; --       ; --           ; --            ;
; AT36     ;            ;          ; GND                                                                                                                                   ; gnd    ;                                   ;         ; --       ;                 ; --       ; --           ; --            ;
; AT40     ;            ;          ; GND                                                                                                                                   ; gnd    ;                                   ;         ; --       ;                 ; --       ; --           ; --            ;
; AT43     ;            ; --       ; VCC_HSSI_R4                                                                                                                           ; power  ;                                   ; 0.75V   ; --       ;                 ; --       ; --           ; --            ;
; AT46     ;            ; --       ; VCC_HSSI_R4                                                                                                                           ; power  ;                                   ; 0.75V   ; --       ;                 ; --       ; --           ; --            ;
; AT50     ;            ;          ; NC                                                                                                                                    ;        ;                                   ;         ; --       ;                 ; --       ; --           ; --            ;
; AT53     ;            ;          ; GND                                                                                                                                   ; gnd    ;                                   ;         ; --       ;                 ; --       ; --           ; --            ;
; AT57     ;            ; --       ; VCC                                                                                                                                   ; power  ;                                   ; 0.75V   ; --       ;                 ; --       ; --           ; --            ;
; AT61     ;            ; --       ; VCC                                                                                                                                   ; power  ;                                   ; 0.75V   ; --       ;                 ; --       ; --           ; --            ;
; AT64     ;            ;          ; GND                                                                                                                                   ; gnd    ;                                   ;         ; --       ;                 ; --       ; --           ; --            ;
; AT68     ;            ; --       ; VCC                                                                                                                                   ; power  ;                                   ; 0.75V   ; --       ;                 ; --       ; --           ; --            ;
; AT72     ;            ; --       ; VCC                                                                                                                                   ; power  ;                                   ; 0.75V   ; --       ;                 ; --       ; --           ; --            ;
; AT75     ;            ;          ; GND                                                                                                                                   ; gnd    ;                                   ;         ; --       ;                 ; --       ; --           ; --            ;
; AT79     ;            ; --       ; VCC                                                                                                                                   ; power  ;                                   ; 0.75V   ; --       ;                 ; --       ; --           ; --            ;
; AT83     ;            ; --       ; VCCRCORE                                                                                                                              ; power  ;                                   ; 1.2V    ; --       ;                 ; --       ; --           ; --            ;
; AT86     ;            ;          ; GND                                                                                                                                   ; gnd    ;                                   ;         ; --       ;                 ; --       ; --           ; --            ;
; AT90     ;            ; --       ; VCC_HSSI_L1                                                                                                                           ; power  ;                                   ; 0.75V   ; --       ;                 ; --       ; --           ; --            ;
; AT93     ;            ; --       ; VCC_HSSI_L1                                                                                                                           ; power  ;                                   ; 0.75V   ; --       ;                 ; --       ; --           ; --            ;
; AT96     ;            ;          ; GND                                                                                                                                   ; gnd    ;                                   ;         ; --       ;                 ; --       ; --           ; --            ;
; AT100    ;            ;          ; GND                                                                                                                                   ; gnd    ;                                   ;         ; --       ;                 ; --       ; --           ; --            ;
; AT104    ;            ;          ; GND                                                                                                                                   ; gnd    ;                                   ;         ; --       ;                 ; --       ; --           ; --            ;
; AT107    ;            ;          ; GND                                                                                                                                   ; gnd    ;                                   ;         ; --       ;                 ; --       ; --           ; --            ;
; AT111    ;            ; --       ; VCCEHT_GTSL1B                                                                                                                         ; power  ;                                   ; 1.8V    ; --       ;                 ; --       ; --           ; --            ;
; AT115    ; 724        ; 1C       ; GND                                                                                                                                   ;        ;                                   ;         ; --       ;                 ; --       ; --           ; 64ps          ;
; AT120    ; 723        ; 1C       ; GND                                                                                                                                   ;        ;                                   ;         ; --       ;                 ; --       ; --           ; 65ps          ;
; AT123    ;            ;          ; GND                                                                                                                                   ; gnd    ;                                   ;         ; --       ;                 ; --       ; --           ; --            ;
; AT126    ;            ;          ; GND                                                                                                                                   ; gnd    ;                                   ;         ; --       ;                 ; --       ; --           ; --            ;
; AT129    ;            ;          ; GND                                                                                                                                   ; gnd    ;                                   ;         ; --       ;                 ; --       ; --           ; --            ;
; AT131    ;            ;          ; GND                                                                                                                                   ; gnd    ;                                   ;         ; --       ;                 ; --       ; --           ; --            ;
; AT133    ; 700        ; 1C       ; GND                                                                                                                                   ;        ;                                   ;         ; --       ;                 ; --       ; --           ; 72ps          ;
; AT135    ; 699        ; 1C       ; GND                                                                                                                                   ;        ;                                   ;         ; --       ;                 ; --       ; --           ; 72ps          ;
; AU1      ;            ;          ; GND                                                                                                                                   ; gnd    ;                                   ;         ; --       ;                 ; --       ; --           ; --            ;
; AU3      ;            ;          ; GND                                                                                                                                   ; gnd    ;                                   ;         ; --       ;                 ; --       ; --           ; --            ;
; AU5      ;            ;          ; GND                                                                                                                                   ; gnd    ;                                   ;         ; --       ;                 ; --       ; --           ; --            ;
; AU7      ; 836        ; 4C       ; GXB_NC                                                                                                                                ;        ;                                   ;         ; --       ;                 ; --       ; --           ; 67ps          ;
; AU10     ; 837        ; 4C       ; GXB_NC                                                                                                                                ;        ;                                   ;         ; --       ;                 ; --       ; --           ; 67ps          ;
; AU13     ;            ;          ; GND                                                                                                                                   ; gnd    ;                                   ;         ; --       ;                 ; --       ; --           ; --            ;
; AU16     ;            ;          ; GND                                                                                                                                   ; gnd    ;                                   ;         ; --       ;                 ; --       ; --           ; --            ;
; AU21     ;            ;          ; GND                                                                                                                                   ; gnd    ;                                   ;         ; --       ;                 ; --       ; --           ; --            ;
; AU25     ;            ; --       ; VCCEHT_GTSR4B                                                                                                                         ; power  ;                                   ; 1.8V    ; --       ;                 ; --       ; --           ; --            ;
; AU29     ;            ;          ; RCOMP_GTSR4B_P                                                                                                                        ;        ;                                   ;         ; --       ;                 ; --       ; --           ; --            ;
; AU32     ;            ;          ; RCOMP_GTSR4B_N                                                                                                                        ;        ;                                   ;         ; --       ;                 ; --       ; --           ; --            ;
; AU36     ;            ; --       ; VCCERT_GTSR4B                                                                                                                         ; power  ;                                   ; 1.0V    ; --       ;                 ; --       ; --           ; --            ;
; AU40     ;            ; --       ; VCCERT_GTSR4B                                                                                                                         ; power  ;                                   ; 1.0V    ; --       ;                 ; --       ; --           ; --            ;
; AU43     ;            ; --       ; VCC_HSSI_R4                                                                                                                           ; power  ;                                   ; 0.75V   ; --       ;                 ; --       ; --           ; --            ;
; AU46     ;            ;          ; GND                                                                                                                                   ; gnd    ;                                   ;         ; --       ;                 ; --       ; --           ; --            ;
; AU50     ;            ;          ; NC                                                                                                                                    ;        ;                                   ;         ; --       ;                 ; --       ; --           ; --            ;
; AU53     ;            ; --       ; VCC                                                                                                                                   ; power  ;                                   ; 0.75V   ; --       ;                 ; --       ; --           ; --            ;
; AU57     ;            ; --       ; VCC                                                                                                                                   ; power  ;                                   ; 0.75V   ; --       ;                 ; --       ; --           ; --            ;
; AU61     ;            ;          ; GND                                                                                                                                   ; gnd    ;                                   ;         ; --       ;                 ; --       ; --           ; --            ;
; AU64     ;            ; --       ; VCC                                                                                                                                   ; power  ;                                   ; 0.75V   ; --       ;                 ; --       ; --           ; --            ;
; AU68     ;            ; --       ; VCC                                                                                                                                   ; power  ;                                   ; 0.75V   ; --       ;                 ; --       ; --           ; --            ;
; AU72     ;            ;          ; GNDSENSE                                                                                                                              ;        ;                                   ;         ; --       ;                 ; --       ; --           ; --            ;
; AU75     ;            ; --       ; VCC                                                                                                                                   ; power  ;                                   ; 0.75V   ; --       ;                 ; --       ; --           ; --            ;
; AU79     ;            ; --       ; VCC                                                                                                                                   ; power  ;                                   ; 0.75V   ; --       ;                 ; --       ; --           ; --            ;
; AU83     ;            ;          ; GND                                                                                                                                   ; gnd    ;                                   ;         ; --       ;                 ; --       ; --           ; --            ;
; AU86     ;            ; --       ; VCCRCORE                                                                                                                              ; power  ;                                   ; 1.2V    ; --       ;                 ; --       ; --           ; --            ;
; AU90     ;            ;          ; GND                                                                                                                                   ; gnd    ;                                   ;         ; --       ;                 ; --       ; --           ; --            ;
; AU93     ;            ; --       ; VCC_HSSI_L1                                                                                                                           ; power  ;                                   ; 0.75V   ; --       ;                 ; --       ; --           ; --            ;
; AU96     ;            ; --       ; VCCERT_GTSL1B                                                                                                                         ; power  ;                                   ; 1.0V    ; --       ;                 ; --       ; --           ; --            ;
; AU100    ;            ; --       ; VCCERT_GTSL1B                                                                                                                         ; power  ;                                   ; 1.0V    ; --       ;                 ; --       ; --           ; --            ;
; AU104    ;            ;          ; RCOMP_GTSL1B_N                                                                                                                        ;        ;                                   ;         ; --       ;                 ; --       ; --           ; --            ;
; AU107    ;            ;          ; RCOMP_GTSL1B_P                                                                                                                        ;        ;                                   ;         ; --       ;                 ; --       ; --           ; --            ;
; AU111    ;            ; --       ; VCCEHT_GTSL1B                                                                                                                         ; power  ;                                   ; 1.8V    ; --       ;                 ; --       ; --           ; --            ;
; AU115    ;            ;          ; GND                                                                                                                                   ; gnd    ;                                   ;         ; --       ;                 ; --       ; --           ; --            ;
; AU120    ;            ;          ; GND                                                                                                                                   ; gnd    ;                                   ;         ; --       ;                 ; --       ; --           ; --            ;
; AU123    ;            ;          ; GND                                                                                                                                   ; gnd    ;                                   ;         ; --       ;                 ; --       ; --           ; --            ;
; AU126    ; 708        ; 1C       ; GXB_NC                                                                                                                                ;        ;                                   ;         ; --       ;                 ; --       ; --           ; 67ps          ;
; AU129    ; 707        ; 1C       ; GXB_NC                                                                                                                                ;        ;                                   ;         ; --       ;                 ; --       ; --           ; 67ps          ;
; AU131    ;            ;          ; GND                                                                                                                                   ; gnd    ;                                   ;         ; --       ;                 ; --       ; --           ; --            ;
; AU133    ;            ;          ; GND                                                                                                                                   ; gnd    ;                                   ;         ; --       ;                 ; --       ; --           ; --            ;
; AU135    ;            ;          ; GND                                                                                                                                   ; gnd    ;                                   ;         ; --       ;                 ; --       ; --           ; --            ;
; AV1      ; 828        ; 4C       ; GND                                                                                                                                   ;        ;                                   ;         ; --       ;                 ; --       ; --           ; 76ps          ;
; AV3      ; 829        ; 4C       ; GND                                                                                                                                   ;        ;                                   ;         ; --       ;                 ; --       ; --           ; 76ps          ;
; AV5      ;            ;          ; GND                                                                                                                                   ; gnd    ;                                   ;         ; --       ;                 ; --       ; --           ; --            ;
; AV7      ;            ;          ; GND                                                                                                                                   ; gnd    ;                                   ;         ; --       ;                 ; --       ; --           ; --            ;
; AV10     ;            ;          ; GND                                                                                                                                   ; gnd    ;                                   ;         ; --       ;                 ; --       ; --           ; --            ;
; AV13     ;            ;          ; GND                                                                                                                                   ; gnd    ;                                   ;         ; --       ;                 ; --       ; --           ; --            ;
; AV16     ; 803        ; 4B       ; GND                                                                                                                                   ;        ;                                   ;         ; --       ;                 ; --       ; --           ; 64ps          ;
; AV21     ; 804        ; 4B       ; GND                                                                                                                                   ;        ;                                   ;         ; --       ;                 ; --       ; --           ; 63ps          ;
; AV25     ;            ;          ; GND                                                                                                                                   ; gnd    ;                                   ;         ; --       ;                 ; --       ; --           ; --            ;
; AV29     ;            ;          ; GND                                                                                                                                   ; gnd    ;                                   ;         ; --       ;                 ; --       ; --           ; --            ;
; AV32     ;            ;          ; GND                                                                                                                                   ; gnd    ;                                   ;         ; --       ;                 ; --       ; --           ; --            ;
; AV36     ;            ; --       ; VCCERT_GTSR4B                                                                                                                         ; power  ;                                   ; 1.0V    ; --       ;                 ; --       ; --           ; --            ;
; AV40     ;            ;          ; GND                                                                                                                                   ; gnd    ;                                   ;         ; --       ;                 ; --       ; --           ; --            ;
; AV43     ;            ; --       ; VCC_HSSI_R4                                                                                                                           ; power  ;                                   ; 0.75V   ; --       ;                 ; --       ; --           ; --            ;
; AV46     ;            ; --       ; VCC_HSSI_R4                                                                                                                           ; power  ;                                   ; 0.75V   ; --       ;                 ; --       ; --           ; --            ;
; AV50     ;            ;          ; NC                                                                                                                                    ;        ;                                   ;         ; --       ;                 ; --       ; --           ; --            ;
; AV53     ;            ; --       ; VCC                                                                                                                                   ; power  ;                                   ; 0.75V   ; --       ;                 ; --       ; --           ; --            ;
; AV57     ;            ;          ; GND                                                                                                                                   ; gnd    ;                                   ;         ; --       ;                 ; --       ; --           ; --            ;
; AV61     ;            ; --       ; VCC                                                                                                                                   ; power  ;                                   ; 0.75V   ; --       ;                 ; --       ; --           ; --            ;
; AV64     ;            ; --       ; VCC                                                                                                                                   ; power  ;                                   ; 0.75V   ; --       ;                 ; --       ; --           ; --            ;
; AV68     ;            ;          ; GND                                                                                                                                   ; gnd    ;                                   ;         ; --       ;                 ; --       ; --           ; --            ;
; AV72     ;            ;          ; VCCLSENSE                                                                                                                             ;        ;                                   ;         ; --       ;                 ; --       ; --           ; --            ;
; AV75     ;            ; --       ; VCC                                                                                                                                   ; power  ;                                   ; 0.75V   ; --       ;                 ; --       ; --           ; --            ;
; AV79     ;            ;          ; GND                                                                                                                                   ; gnd    ;                                   ;         ; --       ;                 ; --       ; --           ; --            ;
; AV83     ;            ; --       ; VCC                                                                                                                                   ; power  ;                                   ; 0.75V   ; --       ;                 ; --       ; --           ; --            ;
; AV86     ;            ; --       ; VCC                                                                                                                                   ; power  ;                                   ; 0.75V   ; --       ;                 ; --       ; --           ; --            ;
; AV90     ;            ; --       ; VCC_HSSI_L1                                                                                                                           ; power  ;                                   ; 0.75V   ; --       ;                 ; --       ; --           ; --            ;
; AV93     ;            ; --       ; VCC_HSSI_L1                                                                                                                           ; power  ;                                   ; 0.75V   ; --       ;                 ; --       ; --           ; --            ;
; AV96     ;            ;          ; GND                                                                                                                                   ; gnd    ;                                   ;         ; --       ;                 ; --       ; --           ; --            ;
; AV100    ;            ; --       ; VCCERT_GTSL1B                                                                                                                         ; power  ;                                   ; 1.0V    ; --       ;                 ; --       ; --           ; --            ;
; AV104    ;            ;          ; GND                                                                                                                                   ; gnd    ;                                   ;         ; --       ;                 ; --       ; --           ; --            ;
; AV107    ;            ;          ; GND                                                                                                                                   ; gnd    ;                                   ;         ; --       ;                 ; --       ; --           ; --            ;
; AV111    ;            ;          ; GND                                                                                                                                   ; gnd    ;                                   ;         ; --       ;                 ; --       ; --           ; --            ;
; AV115    ; 675        ; 1B       ; GND                                                                                                                                   ;        ;                                   ;         ; --       ;                 ; --       ; --           ; 61ps          ;
; AV120    ; 674        ; 1B       ; GND                                                                                                                                   ;        ;                                   ;         ; --       ;                 ; --       ; --           ; 63ps          ;
; AV123    ;            ;          ; GND                                                                                                                                   ; gnd    ;                                   ;         ; --       ;                 ; --       ; --           ; --            ;
; AV126    ;            ;          ; GND                                                                                                                                   ; gnd    ;                                   ;         ; --       ;                 ; --       ; --           ; --            ;
; AV129    ;            ;          ; GND                                                                                                                                   ; gnd    ;                                   ;         ; --       ;                 ; --       ; --           ; --            ;
; AV131    ;            ;          ; GND                                                                                                                                   ; gnd    ;                                   ;         ; --       ;                 ; --       ; --           ; --            ;
; AV133    ; 663        ; 1B       ; GND                                                                                                                                   ;        ;                                   ;         ; --       ;                 ; --       ; --           ; 75ps          ;
; AV135    ; 662        ; 1B       ; GND                                                                                                                                   ;        ;                                   ;         ; --       ;                 ; --       ; --           ; 75ps          ;
; AW1      ;            ;          ; GND                                                                                                                                   ; gnd    ;                                   ;         ; --       ;                 ; --       ; --           ; --            ;
; AW3      ;            ;          ; GND                                                                                                                                   ; gnd    ;                                   ;         ; --       ;                 ; --       ; --           ; --            ;
; AW5      ;            ;          ; GND                                                                                                                                   ; gnd    ;                                   ;         ; --       ;                 ; --       ; --           ; --            ;
; AW7      ; 799        ; 4B       ; GXB_NC                                                                                                                                ;        ;                                   ;         ; --       ;                 ; --       ; --           ; 67ps          ;
; AW10     ; 800        ; 4B       ; GXB_NC                                                                                                                                ;        ;                                   ;         ; --       ;                 ; --       ; --           ; 67ps          ;
; AW13     ;            ;          ; GND                                                                                                                                   ; gnd    ;                                   ;         ; --       ;                 ; --       ; --           ; --            ;
; AW16     ;            ;          ; GND                                                                                                                                   ; gnd    ;                                   ;         ; --       ;                 ; --       ; --           ; --            ;
; AW21     ;            ;          ; GND                                                                                                                                   ; gnd    ;                                   ;         ; --       ;                 ; --       ; --           ; --            ;
; AW25     ;            ;          ; GND                                                                                                                                   ; gnd    ;                                   ;         ; --       ;                 ; --       ; --           ; --            ;
; AW29     ;            ;          ; APROBE_GTSR4B_CH3                                                                                                                     ;        ;                                   ;         ; --       ;                 ; --       ; --           ; --            ;
; AW32     ;            ;          ; APROBE2_GTSR4C                                                                                                                        ;        ;                                   ;         ; --       ;                 ; --       ; --           ; --            ;
; AW36     ;            ; --       ; VCCERT_GTSR4A                                                                                                                         ; power  ;                                   ; 1.0V    ; --       ;                 ; --       ; --           ; --            ;
; AW40     ;            ;          ; GND                                                                                                                                   ; gnd    ;                                   ;         ; --       ;                 ; --       ; --           ; --            ;
; AW43     ;            ; --       ; VCC_HSSI_R4                                                                                                                           ; power  ;                                   ; 0.75V   ; --       ;                 ; --       ; --           ; --            ;
; AW46     ;            ;          ; GND                                                                                                                                   ; gnd    ;                                   ;         ; --       ;                 ; --       ; --           ; --            ;
; AW50     ;            ;          ; NC                                                                                                                                    ;        ;                                   ;         ; --       ;                 ; --       ; --           ; --            ;
; AW53     ;            ;          ; GND                                                                                                                                   ; gnd    ;                                   ;         ; --       ;                 ; --       ; --           ; --            ;
; AW57     ;            ; --       ; VCC                                                                                                                                   ; power  ;                                   ; 0.75V   ; --       ;                 ; --       ; --           ; --            ;
; AW61     ;            ; --       ; VCC                                                                                                                                   ; power  ;                                   ; 0.75V   ; --       ;                 ; --       ; --           ; --            ;
; AW64     ;            ;          ; GND                                                                                                                                   ; gnd    ;                                   ;         ; --       ;                 ; --       ; --           ; --            ;
; AW68     ;            ; --       ; VCC                                                                                                                                   ; power  ;                                   ; 0.75V   ; --       ;                 ; --       ; --           ; --            ;
; AW72     ;            ; --       ; VCC                                                                                                                                   ; power  ;                                   ; 0.75V   ; --       ;                 ; --       ; --           ; --            ;
; AW75     ;            ;          ; GND                                                                                                                                   ; gnd    ;                                   ;         ; --       ;                 ; --       ; --           ; --            ;
; AW79     ;            ; --       ; VCC                                                                                                                                   ; power  ;                                   ; 0.75V   ; --       ;                 ; --       ; --           ; --            ;
; AW83     ;            ; --       ; VCCIO_PIO_SDM                                                                                                                         ; power  ;                                   ; 1.2V    ; --       ;                 ; --       ; --           ; --            ;
; AW86     ;            ;          ; GND                                                                                                                                   ; gnd    ;                                   ;         ; --       ;                 ; --       ; --           ; --            ;
; AW90     ;            ;          ; GND                                                                                                                                   ; gnd    ;                                   ;         ; --       ;                 ; --       ; --           ; --            ;
; AW93     ;            ; --       ; VCC_HSSI_L1                                                                                                                           ; power  ;                                   ; 0.75V   ; --       ;                 ; --       ; --           ; --            ;
; AW96     ;            ;          ; GND                                                                                                                                   ; gnd    ;                                   ;         ; --       ;                 ; --       ; --           ; --            ;
; AW100    ;            ; --       ; VCCERT_GTSL1A                                                                                                                         ; power  ;                                   ; 1.0V    ; --       ;                 ; --       ; --           ; --            ;
; AW104    ;            ;          ; APROBE2_GTSL1C                                                                                                                        ;        ;                                   ;         ; --       ;                 ; --       ; --           ; --            ;
; AW107    ;            ;          ; APROBE_GTSL1C_CH2                                                                                                                     ;        ;                                   ;         ; --       ;                 ; --       ; --           ; --            ;
; AW111    ;            ;          ; GND                                                                                                                                   ; gnd    ;                                   ;         ; --       ;                 ; --       ; --           ; --            ;
; AW115    ;            ;          ; GND                                                                                                                                   ; gnd    ;                                   ;         ; --       ;                 ; --       ; --           ; --            ;
; AW120    ;            ;          ; GND                                                                                                                                   ; gnd    ;                                   ;         ; --       ;                 ; --       ; --           ; --            ;
; AW123    ;            ;          ; GND                                                                                                                                   ; gnd    ;                                   ;         ; --       ;                 ; --       ; --           ; --            ;
; AW126    ; 671        ; 1B       ; GXB_NC                                                                                                                                ;        ;                                   ;         ; --       ;                 ; --       ; --           ; 66ps          ;
; AW129    ; 670        ; 1B       ; GXB_NC                                                                                                                                ;        ;                                   ;         ; --       ;                 ; --       ; --           ; 66ps          ;
; AW131    ;            ;          ; GND                                                                                                                                   ; gnd    ;                                   ;         ; --       ;                 ; --       ; --           ; --            ;
; AW133    ;            ;          ; GND                                                                                                                                   ; gnd    ;                                   ;         ; --       ;                 ; --       ; --           ; --            ;
; AW135    ;            ;          ; GND                                                                                                                                   ; gnd    ;                                   ;         ; --       ;                 ; --       ; --           ; --            ;
; AY1      ; 791        ; 4B       ; GND                                                                                                                                   ;        ;                                   ;         ; --       ;                 ; --       ; --           ; 81ps          ;
; AY3      ; 792        ; 4B       ; GND                                                                                                                                   ;        ;                                   ;         ; --       ;                 ; --       ; --           ; 81ps          ;
; AY5      ;            ;          ; GND                                                                                                                                   ; gnd    ;                                   ;         ; --       ;                 ; --       ; --           ; --            ;
; AY7      ;            ;          ; GND                                                                                                                                   ; gnd    ;                                   ;         ; --       ;                 ; --       ; --           ; --            ;
; AY10     ;            ;          ; GND                                                                                                                                   ; gnd    ;                                   ;         ; --       ;                 ; --       ; --           ; --            ;
; AY13     ;            ;          ; GND                                                                                                                                   ; gnd    ;                                   ;         ; --       ;                 ; --       ; --           ; --            ;
; AY16     ; 809        ; 4B       ; GND                                                                                                                                   ;        ;                                   ;         ; --       ;                 ; --       ; --           ; 61ps          ;
; AY21     ; 810        ; 4B       ; GND                                                                                                                                   ;        ;                                   ;         ; --       ;                 ; --       ; --           ; 59ps          ;
; AY25     ;            ; --       ; VCCEHT_GTSR4A                                                                                                                         ; power  ;                                   ; 1.8V    ; --       ;                 ; --       ; --           ; --            ;
; AY29     ;            ; --       ; VCCEHT_GTSR4A                                                                                                                         ; power  ;                                   ; 1.8V    ; --       ;                 ; --       ; --           ; --            ;
; AY32     ;            ;          ; GND                                                                                                                                   ; gnd    ;                                   ;         ; --       ;                 ; --       ; --           ; --            ;
; AY36     ;            ; --       ; VCCERT_GTSR4A                                                                                                                         ; power  ;                                   ; 1.0V    ; --       ;                 ; --       ; --           ; --            ;
; AY40     ;            ; --       ; VCCERT_GTSR4A                                                                                                                         ; power  ;                                   ; 1.0V    ; --       ;                 ; --       ; --           ; --            ;
; AY43     ;            ; --       ; VCC_HSSI_R4                                                                                                                           ; power  ;                                   ; 0.75V   ; --       ;                 ; --       ; --           ; --            ;
; AY46     ;            ; --       ; VCC_HSSI_R4                                                                                                                           ; power  ;                                   ; 0.75V   ; --       ;                 ; --       ; --           ; --            ;
; AY50     ;            ;          ; NC                                                                                                                                    ;        ;                                   ;         ; --       ;                 ; --       ; --           ; --            ;
; AY53     ;            ; --       ; VCC                                                                                                                                   ; power  ;                                   ; 0.75V   ; --       ;                 ; --       ; --           ; --            ;
; AY57     ;            ; --       ; VCC                                                                                                                                   ; power  ;                                   ; 0.75V   ; --       ;                 ; --       ; --           ; --            ;
; AY61     ;            ;          ; GND                                                                                                                                   ; gnd    ;                                   ;         ; --       ;                 ; --       ; --           ; --            ;
; AY64     ;            ; --       ; VCC                                                                                                                                   ; power  ;                                   ; 0.75V   ; --       ;                 ; --       ; --           ; --            ;
; AY68     ;            ; --       ; VCC                                                                                                                                   ; power  ;                                   ; 0.75V   ; --       ;                 ; --       ; --           ; --            ;
; AY72     ;            ;          ; GND                                                                                                                                   ; gnd    ;                                   ;         ; --       ;                 ; --       ; --           ; --            ;
; AY75     ;            ; --       ; VCC                                                                                                                                   ; power  ;                                   ; 0.75V   ; --       ;                 ; --       ; --           ; --            ;
; AY79     ;            ; --       ; VCCL_SDM                                                                                                                              ; power  ;                                   ; 0.75V   ; --       ;                 ; --       ; --           ; --            ;
; AY83     ;            ;          ; GND                                                                                                                                   ; gnd    ;                                   ;         ; --       ;                 ; --       ; --           ; --            ;
; AY86     ;            ; --       ; VCCL_ADC_SDM                                                                                                                          ; power  ;                                   ; 0.75V   ; --       ;                 ; --       ; --           ; --            ;
; AY90     ;            ; --       ; VCC_HSSI_L1                                                                                                                           ; power  ;                                   ; 0.75V   ; --       ;                 ; --       ; --           ; --            ;
; AY93     ;            ; --       ; VCC_HSSI_L1                                                                                                                           ; power  ;                                   ; 0.75V   ; --       ;                 ; --       ; --           ; --            ;
; AY96     ;            ; --       ; VCCERT_GTSL1A                                                                                                                         ; power  ;                                   ; 1.0V    ; --       ;                 ; --       ; --           ; --            ;
; AY100    ;            ; --       ; VCCERT_GTSL1A                                                                                                                         ; power  ;                                   ; 1.0V    ; --       ;                 ; --       ; --           ; --            ;
; AY104    ;            ;          ; GND                                                                                                                                   ; gnd    ;                                   ;         ; --       ;                 ; --       ; --           ; --            ;
; AY107    ;            ; --       ; VCCEHT_GTSL1A                                                                                                                         ; power  ;                                   ; 1.8V    ; --       ;                 ; --       ; --           ; --            ;
; AY111    ;            ; --       ; VCCEHT_GTSL1A                                                                                                                         ; power  ;                                   ; 1.8V    ; --       ;                 ; --       ; --           ; --            ;
; AY115    ; 681        ; 1B       ; GND                                                                                                                                   ;        ;                                   ;         ; --       ;                 ; --       ; --           ; 64ps          ;
; AY120    ; 680        ; 1B       ; GND                                                                                                                                   ;        ;                                   ;         ; --       ;                 ; --       ; --           ; 64ps          ;
; AY123    ;            ;          ; GND                                                                                                                                   ; gnd    ;                                   ;         ; --       ;                 ; --       ; --           ; --            ;
; AY126    ;            ;          ; GND                                                                                                                                   ; gnd    ;                                   ;         ; --       ;                 ; --       ; --           ; --            ;
; AY129    ;            ;          ; GND                                                                                                                                   ; gnd    ;                                   ;         ; --       ;                 ; --       ; --           ; --            ;
; AY131    ;            ;          ; GND                                                                                                                                   ; gnd    ;                                   ;         ; --       ;                 ; --       ; --           ; --            ;
; AY133    ; 661        ; 1B       ; GND                                                                                                                                   ;        ;                                   ;         ; --       ;                 ; --       ; --           ; 77ps          ;
; AY135    ; 660        ; 1B       ; GND                                                                                                                                   ;        ;                                   ;         ; --       ;                 ; --       ; --           ; 77ps          ;
; B2       ;            ;          ; GND                                                                                                                                   ; gnd    ;                                   ;         ; --       ;                 ; --       ; --           ; --            ;
; B4       ; 589        ; 6D       ; rgmii_out[1]                                                                                                                          ; output ; 1.8-V LVCMOS                      ; 1.8V    ; --       ; Y               ; no       ; Off          ; 130ps         ;
; B6       ;            ;          ; GND                                                                                                                                   ; gnd    ;                                   ;         ; --       ;                 ; --       ; --           ; --            ;
; B8       ;            ;          ; GND                                                                                                                                   ; gnd    ;                                   ;         ; --       ;                 ; --       ; --           ; --            ;
; B11      ; 591        ; 6D       ; rgmii_out[3]                                                                                                                          ; output ; 1.8-V LVCMOS                      ; 1.8V    ; --       ; Y               ; no       ; Off          ; 117ps         ;
; B14      ; 592        ; 6D       ; rgmii_txclk                                                                                                                           ; output ; 1.8-V LVCMOS                      ; 1.8V    ; --       ; Y               ; no       ; Off          ; 116ps         ;
; B17      ;            ;          ; GND                                                                                                                                   ; gnd    ;                                   ;         ; --       ;                 ; --       ; --           ; --            ;
; B20      ; 597        ; 6D       ; rgmii_rxctl                                                                                                                           ; input  ; 1.8-V LVCMOS                      ; 1.8V    ; --       ; Y               ; no       ; Off          ; 113ps         ;
; B23      ; 598        ; 6D       ; rgmii_rxclk                                                                                                                           ; input  ; 1.8-V LVCMOS                      ; 1.8V    ; --       ; Y               ; no       ; Off          ; 111ps         ;
; B26      ; 599        ; 6D       ; MDC                                                                                                                                   ; output ; 1.8-V LVCMOS                      ; 1.8V    ; --       ; Y               ; no       ; Off          ; 100ps         ;
; B30      ; 600        ; 6D       ; rgmii_in[1]                                                                                                                           ; input  ; 1.8-V LVCMOS                      ; 1.8V    ; --       ; Y               ; no       ; Off          ; 99ps          ;
; B33      ;            ;          ; GND                                                                                                                                   ; gnd    ;                                   ;         ; --       ;                 ; --       ; --           ; --            ;
; B35      ; 605        ; 6D       ; RESERVED_INPUT_WITHOUT_WEAK_PULLUP                                                                                                    ;        ;                                   ; 1.8V    ; --       ;                 ; no       ; On           ; 102ps         ;
; B39      ; 607        ; 6D       ; RESERVED_INPUT_WITHOUT_WEAK_PULLUP                                                                                                    ;        ;                                   ; 1.8V    ; --       ;                 ; no       ; On           ; 99ps          ;
; B42      ; 381        ; 3B_T     ; RESERVED_INPUT_WITHOUT_WEAK_PULLUP                                                                                                    ;        ;                                   ; 1.2V    ; --       ;                 ; no       ; On           ; 100ps         ;
; B45      ; 384        ; 3B_T     ; RESERVED_INPUT_WITHOUT_WEAK_PULLUP                                                                                                    ;        ;                                   ; 1.2V    ; --       ;                 ; no       ; On           ; 101ps         ;
; B48      ;            ;          ; GND                                                                                                                                   ; gnd    ;                                   ;         ; --       ;                 ; --       ; --           ; --            ;
; B51      ; 386        ; 3B_T     ; RESERVED_INPUT_WITHOUT_WEAK_PULLUP                                                                                                    ;        ;                                   ; 1.2V    ; --       ;                 ; no       ; On           ; 105ps         ;
; B54      ; 387        ; 3B_T     ; RESERVED_INPUT_WITHOUT_WEAK_PULLUP                                                                                                    ;        ;                                   ; 1.2V    ; --       ;                 ; no       ; On           ; 105ps         ;
; B56      ; 392        ; 3B_T     ; RESERVED_INPUT_WITHOUT_WEAK_PULLUP                                                                                                    ;        ;                                   ; 1.2V    ; --       ;                 ; no       ; On           ; 113ps         ;
; B60      ; 389        ; 3B_T     ; RESERVED_INPUT_WITHOUT_WEAK_PULLUP                                                                                                    ;        ;                                   ; 1.2V    ; --       ;                 ; no       ; On           ; 115ps         ;
; B63      ;            ;          ; GND                                                                                                                                   ; gnd    ;                                   ;         ; --       ;                 ; --       ; --           ; --            ;
; B66      ; 466        ; 3B_B     ; RESERVED_INPUT_WITHOUT_WEAK_PULLUP                                                                                                    ;        ;                                   ; 1.2V    ; --       ;                 ; no       ; On           ; 102ps         ;
; B70      ; 468        ; 3B_B     ; RESERVED_INPUT_WITHOUT_WEAK_PULLUP                                                                                                    ;        ;                                   ; 1.2V    ; --       ;                 ; no       ; On           ; 98ps          ;
; B73      ; 470        ; 3B_B     ; RESERVED_INPUT_WITHOUT_WEAK_PULLUP                                                                                                    ;        ;                                   ; 1.2V    ; --       ;                 ; no       ; On           ; 95ps          ;
; B76      ; 471        ; 3B_B     ; RESERVED_INPUT_WITHOUT_WEAK_PULLUP                                                                                                    ;        ;                                   ; 1.2V    ; --       ;                 ; no       ; On           ; 106ps         ;
; B80      ;            ;          ; GND                                                                                                                                   ; gnd    ;                                   ;         ; --       ;                 ; --       ; --           ; --            ;
; B82      ; 475        ; 3B_B     ; RESERVED_INPUT_WITHOUT_WEAK_PULLUP                                                                                                    ;        ;                                   ; 1.2V    ; --       ;                 ; no       ; On           ; 106ps         ;
; B85      ; 474        ; 3B_B     ; RESERVED_INPUT_WITHOUT_WEAK_PULLUP                                                                                                    ;        ;                                   ; 1.2V    ; --       ;                 ; no       ; On           ; 103ps         ;
; B88      ; 285        ; 3A_T     ; RESERVED_INPUT_WITHOUT_WEAK_PULLUP                                                                                                    ;        ;                                   ; 1.2V    ; --       ;                 ; no       ; On           ; 107ps         ;
; B91      ; 287        ; 3A_T     ; RESERVED_INPUT_WITHOUT_WEAK_PULLUP                                                                                                    ;        ;                                   ; 1.2V    ; --       ;                 ; no       ; On           ; 109ps         ;
; B94      ;            ;          ; GND                                                                                                                                   ; gnd    ;                                   ;         ; --       ;                 ; --       ; --           ; --            ;
; B97      ; 289        ; 3A_T     ; RESERVED_INPUT_WITHOUT_WEAK_PULLUP                                                                                                    ;        ;                                   ; 1.2V    ; --       ;                 ; no       ; On           ; 112ps         ;
; B101     ; 290        ; 3A_T     ; RESERVED_INPUT_WITHOUT_WEAK_PULLUP                                                                                                    ;        ;                                   ; 1.2V    ; --       ;                 ; no       ; On           ; 117ps         ;
; B103     ; 294        ; 3A_T     ; RESERVED_INPUT_WITHOUT_WEAK_PULLUP                                                                                                    ;        ;                                   ; 1.2V    ; --       ;                 ; no       ; On           ; 131ps         ;
; B106     ; 293        ; 3A_T     ; RESERVED_INPUT_WITHOUT_WEAK_PULLUP                                                                                                    ;        ;                                   ; 1.2V    ; --       ;                 ; no       ; On           ; 134ps         ;
; B110     ;            ;          ; GND                                                                                                                                   ; gnd    ;                                   ;         ; --       ;                 ; --       ; --           ; --            ;
; B113     ; 369        ; 3A_B     ; RESERVED_INPUT_WITHOUT_WEAK_PULLUP                                                                                                    ;        ;                                   ; 1.2V    ; --       ;                 ; no       ; On           ; 138ps         ;
; B116     ; 371        ; 3A_B     ; RESERVED_INPUT_WITHOUT_WEAK_PULLUP                                                                                                    ;        ;                                   ; 1.2V    ; --       ;                 ; no       ; On           ; 137ps         ;
; B119     ; 373        ; 3A_B     ; RESERVED_INPUT_WITHOUT_WEAK_PULLUP                                                                                                    ;        ;                                   ; 1.2V    ; --       ;                 ; no       ; On           ; 144ps         ;
; B122     ; 375        ; 3A_B     ; RESERVED_INPUT_WITHOUT_WEAK_PULLUP                                                                                                    ;        ;                                   ; 1.2V    ; --       ;                 ; no       ; On           ; 153ps         ;
; B125     ;            ;          ; GND                                                                                                                                   ; gnd    ;                                   ;         ; --       ;                 ; --       ; --           ; --            ;
; B128     ; 379        ; 3A_B     ; RESERVED_INPUT_WITHOUT_WEAK_PULLUP                                                                                                    ;        ;                                   ; 1.2V    ; --       ;                 ; no       ; On           ; 155ps         ;
; B130     ; 377        ; 3A_B     ; RESERVED_INPUT_WITHOUT_WEAK_PULLUP                                                                                                    ;        ;                                   ; 1.2V    ; --       ;                 ; no       ; On           ; 155ps         ;
; B132     ;            ;          ; GND                                                                                                                                   ; gnd    ;                                   ;         ; --       ;                 ; --       ; --           ; --            ;
; B134     ; 68         ; HPS      ; HPS_IOB_5, GPIO1_IO4, SPIM1_SS1_N, SPIS1_CLK, UART1_CTS_N, EMAC2_PPS2, NAND_WP_N, SDMMC_WRITE_PROTECT, I3C1_SDA, EMAC1_TXD0, TRACE_D6 ;        ;                                   ;         ; --       ;                 ; --       ; --           ; 165ps         ;
; B135     ;            ;          ; GND                                                                                                                                   ; gnd    ;                                   ;         ; --       ;                 ; --       ; --           ; --            ;
; BA1      ;            ;          ; GND                                                                                                                                   ; gnd    ;                                   ;         ; --       ;                 ; --       ; --           ; --            ;
; BA3      ;            ;          ; GND                                                                                                                                   ; gnd    ;                                   ;         ; --       ;                 ; --       ; --           ; --            ;
; BA5      ;            ;          ; GND                                                                                                                                   ; gnd    ;                                   ;         ; --       ;                 ; --       ; --           ; --            ;
; BA7      ; 797        ; 4B       ; GXB_NC                                                                                                                                ;        ;                                   ;         ; --       ;                 ; --       ; --           ; 74ps          ;
; BA10     ; 798        ; 4B       ; GXB_NC                                                                                                                                ;        ;                                   ;         ; --       ;                 ; --       ; --           ; 74ps          ;
; BA13     ;            ;          ; GND                                                                                                                                   ; gnd    ;                                   ;         ; --       ;                 ; --       ; --           ; --            ;
; BA16     ;            ;          ; GND                                                                                                                                   ; gnd    ;                                   ;         ; --       ;                 ; --       ; --           ; --            ;
; BA21     ;            ;          ; GND                                                                                                                                   ; gnd    ;                                   ;         ; --       ;                 ; --       ; --           ; --            ;
; BA25     ;            ;          ; GND                                                                                                                                   ; gnd    ;                                   ;         ; --       ;                 ; --       ; --           ; --            ;
; BA29     ;            ;          ; APROBE_GTSR4A_CH3                                                                                                                     ;        ;                                   ;         ; --       ;                 ; --       ; --           ; --            ;
; BA32     ;            ;          ; DNU                                                                                                                                   ;        ;                                   ;         ; --       ;                 ; --       ; --           ; --            ;
; BA36     ;            ;          ; GND                                                                                                                                   ; gnd    ;                                   ;         ; --       ;                 ; --       ; --           ; --            ;
; BA40     ;            ;          ; GND                                                                                                                                   ; gnd    ;                                   ;         ; --       ;                 ; --       ; --           ; --            ;
; BA43     ;            ;          ; GND                                                                                                                                   ; gnd    ;                                   ;         ; --       ;                 ; --       ; --           ; --            ;
; BA46     ;            ;          ; GND                                                                                                                                   ; gnd    ;                                   ;         ; --       ;                 ; --       ; --           ; --            ;
; BA50     ;            ; --       ; VCCPT_HVIO                                                                                                                            ; power  ;                                   ; 1.8V    ; --       ;                 ; --       ; --           ; --            ;
; BA53     ;            ; --       ; VCCP                                                                                                                                  ; power  ;                                   ; 0.75V   ; --       ;                 ; --       ; --           ; --            ;
; BA57     ;            ;          ; GND                                                                                                                                   ; gnd    ;                                   ;         ; --       ;                 ; --       ; --           ; --            ;
; BA61     ;            ; --       ; VCC                                                                                                                                   ; power  ;                                   ; 0.75V   ; --       ;                 ; --       ; --           ; --            ;
; BA64     ;            ; --       ; VCCP                                                                                                                                  ; power  ;                                   ; 0.75V   ; --       ;                 ; --       ; --           ; --            ;
; BA68     ;            ;          ; GND                                                                                                                                   ; gnd    ;                                   ;         ; --       ;                 ; --       ; --           ; --            ;
; BA72     ;            ; --       ; VCCPT                                                                                                                                 ; power  ;                                   ; 1.8V    ; --       ;                 ; --       ; --           ; --            ;
; BA75     ;            ; --       ; VCCPT                                                                                                                                 ; power  ;                                   ; 1.8V    ; --       ;                 ; --       ; --           ; --            ;
; BA79     ;            ;          ; GND                                                                                                                                   ; gnd    ;                                   ;         ; --       ;                 ; --       ; --           ; --            ;
; BA83     ;            ; --       ; VCCL_SDM                                                                                                                              ; power  ;                                   ; 0.75V   ; --       ;                 ; --       ; --           ; --            ;
; BA86     ;            ; --       ; VCCH_SDM                                                                                                                              ; power  ;                                   ; 1.0V    ; --       ;                 ; --       ; --           ; --            ;
; BA90     ;            ;          ; GND                                                                                                                                   ; gnd    ;                                   ;         ; --       ;                 ; --       ; --           ; --            ;
; BA93     ;            ;          ; GND                                                                                                                                   ; gnd    ;                                   ;         ; --       ;                 ; --       ; --           ; --            ;
; BA96     ;            ;          ; GND                                                                                                                                   ; gnd    ;                                   ;         ; --       ;                 ; --       ; --           ; --            ;
; BA100    ;            ;          ; GND                                                                                                                                   ; gnd    ;                                   ;         ; --       ;                 ; --       ; --           ; --            ;
; BA104    ;            ;          ; DNU                                                                                                                                   ;        ;                                   ;         ; --       ;                 ; --       ; --           ; --            ;
; BA107    ;            ;          ; APROBE_GTSL1A_CH3                                                                                                                     ;        ;                                   ;         ; --       ;                 ; --       ; --           ; --            ;
; BA111    ;            ;          ; GND                                                                                                                                   ; gnd    ;                                   ;         ; --       ;                 ; --       ; --           ; --            ;
; BA115    ;            ;          ; GND                                                                                                                                   ; gnd    ;                                   ;         ; --       ;                 ; --       ; --           ; --            ;
; BA120    ;            ;          ; GND                                                                                                                                   ; gnd    ;                                   ;         ; --       ;                 ; --       ; --           ; --            ;
; BA123    ;            ;          ; GND                                                                                                                                   ; gnd    ;                                   ;         ; --       ;                 ; --       ; --           ; --            ;
; BA126    ; 669        ; 1B       ; GXB_NC                                                                                                                                ;        ;                                   ;         ; --       ;                 ; --       ; --           ; 76ps          ;
; BA129    ; 668        ; 1B       ; GXB_NC                                                                                                                                ;        ;                                   ;         ; --       ;                 ; --       ; --           ; 76ps          ;
; BA131    ;            ;          ; GND                                                                                                                                   ; gnd    ;                                   ;         ; --       ;                 ; --       ; --           ; --            ;
; BA133    ;            ;          ; GND                                                                                                                                   ; gnd    ;                                   ;         ; --       ;                 ; --       ; --           ; --            ;
; BA135    ;            ;          ; GND                                                                                                                                   ; gnd    ;                                   ;         ; --       ;                 ; --       ; --           ; --            ;
; BB1      ; 789        ; 4B       ; GND                                                                                                                                   ;        ;                                   ;         ; --       ;                 ; --       ; --           ; 88ps          ;
; BB3      ; 790        ; 4B       ; GND                                                                                                                                   ;        ;                                   ;         ; --       ;                 ; --       ; --           ; 88ps          ;
; BB5      ;            ;          ; GND                                                                                                                                   ; gnd    ;                                   ;         ; --       ;                 ; --       ; --           ; --            ;
; BB7      ;            ;          ; GND                                                                                                                                   ; gnd    ;                                   ;         ; --       ;                 ; --       ; --           ; --            ;
; BB10     ;            ;          ; GND                                                                                                                                   ; gnd    ;                                   ;         ; --       ;                 ; --       ; --           ; --            ;
; BB13     ;            ;          ; GND                                                                                                                                   ; gnd    ;                                   ;         ; --       ;                 ; --       ; --           ; --            ;
; BB16     ; 760        ; 4A       ; GND                                                                                                                                   ;        ;                                   ;         ; --       ;                 ; --       ; --           ; 63ps          ;
; BB21     ; 761        ; 4A       ; GND                                                                                                                                   ;        ;                                   ;         ; --       ;                 ; --       ; --           ; 61ps          ;
; BB25     ;            ;          ; GND                                                                                                                                   ; gnd    ;                                   ;         ; --       ;                 ; --       ; --           ; --            ;
; BB29     ;            ;          ; GND                                                                                                                                   ; gnd    ;                                   ;         ; --       ;                 ; --       ; --           ; --            ;
; BB32     ;            ;          ; GND                                                                                                                                   ; gnd    ;                                   ;         ; --       ;                 ; --       ; --           ; --            ;
; BB36     ;            ;          ; GND                                                                                                                                   ; gnd    ;                                   ;         ; --       ;                 ; --       ; --           ; --            ;
; BB40     ;            ; 6A       ; VCCIO_HVIO_6A                                                                                                                         ; power  ;                                   ; 3.3V    ; --       ;                 ; --       ; --           ; --            ;
; BB43     ;            ; 6A       ; VCCIO_HVIO_6A                                                                                                                         ; power  ;                                   ; 3.3V    ; --       ;                 ; --       ; --           ; --            ;
; BB46     ;            ; --       ; VCCPT_HVIO                                                                                                                            ; power  ;                                   ; 1.8V    ; --       ;                 ; --       ; --           ; --            ;
; BB50     ;            ; --       ; VCCP                                                                                                                                  ; power  ;                                   ; 0.75V   ; --       ;                 ; --       ; --           ; --            ;
; BB53     ;            ;          ; GND                                                                                                                                   ; gnd    ;                                   ;         ; --       ;                 ; --       ; --           ; --            ;
; BB57     ;            ; --       ; VCCP                                                                                                                                  ; power  ;                                   ; 0.75V   ; --       ;                 ; --       ; --           ; --            ;
; BB61     ;            ; --       ; VCCP                                                                                                                                  ; power  ;                                   ; 0.75V   ; --       ;                 ; --       ; --           ; --            ;
; BB64     ;            ;          ; GND                                                                                                                                   ; gnd    ;                                   ;         ; --       ;                 ; --       ; --           ; --            ;
; BB68     ;            ; --       ; VCCP                                                                                                                                  ; power  ;                                   ; 0.75V   ; --       ;                 ; --       ; --           ; --            ;
; BB72     ;            ; --       ; VCCP                                                                                                                                  ; power  ;                                   ; 0.75V   ; --       ;                 ; --       ; --           ; --            ;
; BB75     ;            ;          ; GND                                                                                                                                   ; gnd    ;                                   ;         ; --       ;                 ; --       ; --           ; --            ;
; BB79     ;            ; --       ; VCCL_SDM                                                                                                                              ; power  ;                                   ; 0.75V   ; --       ;                 ; --       ; --           ; --            ;
; BB83     ;            ; --       ; VCCL_SDM                                                                                                                              ; power  ;                                   ; 0.75V   ; --       ;                 ; --       ; --           ; --            ;
; BB86     ;            ;          ; GND                                                                                                                                   ; gnd    ;                                   ;         ; --       ;                 ; --       ; --           ; --            ;
; BB90     ;            ; --       ; VCCPT_HVIO                                                                                                                            ; power  ;                                   ; 1.8V    ; --       ;                 ; --       ; --           ; --            ;
; BB93     ;            ; 5B       ; VCCIO_HVIO_5B                                                                                                                         ; power  ;                                   ; 3.3V    ; --       ;                 ; --       ; --           ; --            ;
; BB96     ;            ; 5B       ; VCCIO_HVIO_5B                                                                                                                         ; power  ;                                   ; 3.3V    ; --       ;                 ; --       ; --           ; --            ;
; BB100    ;            ;          ; GND                                                                                                                                   ; gnd    ;                                   ;         ; --       ;                 ; --       ; --           ; --            ;
; BB104    ;            ;          ; GND                                                                                                                                   ; gnd    ;                                   ;         ; --       ;                 ; --       ; --           ; --            ;
; BB107    ;            ;          ; GND                                                                                                                                   ; gnd    ;                                   ;         ; --       ;                 ; --       ; --           ; --            ;
; BB111    ;            ;          ; GND                                                                                                                                   ; gnd    ;                                   ;         ; --       ;                 ; --       ; --           ; --            ;
; BB115    ; 632        ; 1A       ; GND                                                                                                                                   ;        ;                                   ;         ; --       ;                 ; --       ; --           ; 65ps          ;
; BB120    ; 631        ; 1A       ; GND                                                                                                                                   ;        ;                                   ;         ; --       ;                 ; --       ; --           ; 63ps          ;
; BB123    ;            ;          ; GND                                                                                                                                   ; gnd    ;                                   ;         ; --       ;                 ; --       ; --           ; --            ;
; BB126    ;            ;          ; GND                                                                                                                                   ; gnd    ;                                   ;         ; --       ;                 ; --       ; --           ; --            ;
; BB129    ;            ;          ; GND                                                                                                                                   ; gnd    ;                                   ;         ; --       ;                 ; --       ; --           ; --            ;
; BB131    ;            ;          ; GND                                                                                                                                   ; gnd    ;                                   ;         ; --       ;                 ; --       ; --           ; --            ;
; BB133    ; 659        ; 1B       ; GND                                                                                                                                   ;        ;                                   ;         ; --       ;                 ; --       ; --           ; 79ps          ;
; BB135    ; 658        ; 1B       ; GND                                                                                                                                   ;        ;                                   ;         ; --       ;                 ; --       ; --           ; 79ps          ;
; BC1      ;            ;          ; GND                                                                                                                                   ; gnd    ;                                   ;         ; --       ;                 ; --       ; --           ; --            ;
; BC3      ;            ;          ; GND                                                                                                                                   ; gnd    ;                                   ;         ; --       ;                 ; --       ; --           ; --            ;
; BC5      ;            ;          ; GND                                                                                                                                   ; gnd    ;                                   ;         ; --       ;                 ; --       ; --           ; --            ;
; BC7      ; 795        ; 4B       ; GXB_NC                                                                                                                                ;        ;                                   ;         ; --       ;                 ; --       ; --           ; 76ps          ;
; BC10     ; 796        ; 4B       ; GXB_NC                                                                                                                                ;        ;                                   ;         ; --       ;                 ; --       ; --           ; 76ps          ;
; BC13     ;            ;          ; GND                                                                                                                                   ; gnd    ;                                   ;         ; --       ;                 ; --       ; --           ; --            ;
; BC16     ;            ;          ; GND                                                                                                                                   ; gnd    ;                                   ;         ; --       ;                 ; --       ; --           ; --            ;
; BC21     ;            ;          ; GND                                                                                                                                   ; gnd    ;                                   ;         ; --       ;                 ; --       ; --           ; --            ;
; BC25     ; 767        ; 4A       ; GND                                                                                                                                   ;        ;                                   ;         ; --       ;                 ; --       ; --           ; 52ps          ;
; BC29     ; 766        ; 4A       ; GND                                                                                                                                   ;        ;                                   ;         ; --       ;                 ; --       ; --           ; 50ps          ;
; BC32     ;            ;          ; GND                                                                                                                                   ; gnd    ;                                   ;         ; --       ;                 ; --       ; --           ; --            ;
; BC36     ;            ;          ; DNU                                                                                                                                   ;        ;                                   ;         ; --       ;                 ; --       ; --           ; --            ;
; BC40     ;            ;          ; DNU                                                                                                                                   ;        ;                                   ;         ; --       ;                 ; --       ; --           ; --            ;
; BC43     ;            ; 6B       ; VCCIO_HVIO_6B                                                                                                                         ; power  ;                                   ; 3.3V    ; --       ;                 ; --       ; --           ; --            ;
; BC46     ;            ; 2B_T     ; VCCIO_PIO_2B_T                                                                                                                        ; power  ;                                   ; 1.2V    ; --       ;                 ; --       ; --           ; --            ;
; BC50     ;            ;          ; GND                                                                                                                                   ; gnd    ;                                   ;         ; --       ;                 ; --       ; --           ; --            ;
; BC53     ;            ; 2B_B     ; VCCIO_PIO_2B_B                                                                                                                        ; power  ;                                   ; 1.2V    ; --       ;                 ; --       ; --           ; --            ;
; BC57     ;            ; 2B_B     ; VCCIO_PIO_2B_B                                                                                                                        ; power  ;                                   ; 1.2V    ; --       ;                 ; --       ; --           ; --            ;
; BC61     ;            ;          ; GND                                                                                                                                   ; gnd    ;                                   ;         ; --       ;                 ; --       ; --           ; --            ;
; BC64     ;            ; 2A_T     ; VCCIO_PIO_2A_T                                                                                                                        ; power  ;                                   ; 1.1V    ; --       ;                 ; --       ; --           ; --            ;
; BC68     ;            ; 2A_B     ; VCCIO_PIO_2A_B                                                                                                                        ; power  ;                                   ; 1.1V    ; --       ;                 ; --       ; --           ; --            ;
; BC72     ;            ;          ; GND                                                                                                                                   ; gnd    ;                                   ;         ; --       ;                 ; --       ; --           ; --            ;
; BC75     ;            ; --       ; VCCPLLDIG_SDM                                                                                                                         ; power  ;                                   ; 0.75V   ; --       ;                 ; --       ; --           ; --            ;
; BC79     ;            ; --       ; VCCPLL_SDM                                                                                                                            ; power  ;                                   ; 1.8V    ; --       ;                 ; --       ; --           ; --            ;
; BC83     ;            ;          ; GND                                                                                                                                   ; gnd    ;                                   ;         ; --       ;                 ; --       ; --           ; --            ;
; BC86     ;            ; --       ; VCCFUSEWR_SDM                                                                                                                         ; power  ;                                   ; 1.8V    ; --       ;                 ; --       ; --           ; --            ;
; BC90     ;            ; --       ; VCCPT_HVIO                                                                                                                            ; power  ;                                   ; 1.8V    ; --       ;                 ; --       ; --           ; --            ;
; BC93     ;            ;          ; GND                                                                                                                                   ; gnd    ;                                   ;         ; --       ;                 ; --       ; --           ; --            ;
; BC96     ;            ; 5A       ; VCCIO_HVIO_5A                                                                                                                         ; power  ;                                   ; 3.3V    ; --       ;                 ; --       ; --           ; --            ;
; BC100    ;            ;          ; DNU                                                                                                                                   ;        ;                                   ;         ; --       ;                 ; --       ; --           ; --            ;
; BC104    ;            ;          ; GND                                                                                                                                   ; gnd    ;                                   ;         ; --       ;                 ; --       ; --           ; --            ;
; BC107    ; 638        ; 1A       ; GND                                                                                                                                   ;        ;                                   ;         ; --       ;                 ; --       ; --           ; 53ps          ;
; BC111    ; 637        ; 1A       ; GND                                                                                                                                   ;        ;                                   ;         ; --       ;                 ; --       ; --           ; 52ps          ;
; BC115    ;            ;          ; GND                                                                                                                                   ; gnd    ;                                   ;         ; --       ;                 ; --       ; --           ; --            ;
; BC120    ;            ;          ; GND                                                                                                                                   ; gnd    ;                                   ;         ; --       ;                 ; --       ; --           ; --            ;
; BC123    ;            ;          ; GND                                                                                                                                   ; gnd    ;                                   ;         ; --       ;                 ; --       ; --           ; --            ;
; BC126    ; 667        ; 1B       ; GXB_NC                                                                                                                                ;        ;                                   ;         ; --       ;                 ; --       ; --           ; 76ps          ;
; BC129    ; 666        ; 1B       ; GXB_NC                                                                                                                                ;        ;                                   ;         ; --       ;                 ; --       ; --           ; 76ps          ;
; BC131    ;            ;          ; GND                                                                                                                                   ; gnd    ;                                   ;         ; --       ;                 ; --       ; --           ; --            ;
; BC133    ;            ;          ; GND                                                                                                                                   ; gnd    ;                                   ;         ; --       ;                 ; --       ; --           ; --            ;
; BC135    ;            ;          ; GND                                                                                                                                   ; gnd    ;                                   ;         ; --       ;                 ; --       ; --           ; --            ;
; BD1      ; 787        ; 4B       ; GND                                                                                                                                   ;        ;                                   ;         ; --       ;                 ; --       ; --           ; 88ps          ;
; BD3      ; 788        ; 4B       ; GND                                                                                                                                   ;        ;                                   ;         ; --       ;                 ; --       ; --           ; 88ps          ;
; BD5      ;            ;          ; GND                                                                                                                                   ; gnd    ;                                   ;         ; --       ;                 ; --       ; --           ; --            ;
; BD7      ;            ;          ; GND                                                                                                                                   ; gnd    ;                                   ;         ; --       ;                 ; --       ; --           ; --            ;
; BD10     ;            ;          ; GND                                                                                                                                   ; gnd    ;                                   ;         ; --       ;                 ; --       ; --           ; --            ;
; BD13     ;            ;          ; GND                                                                                                                                   ; gnd    ;                                   ;         ; --       ;                 ; --       ; --           ; --            ;
; BD16     ;            ;          ; NC                                                                                                                                    ;        ;                                   ;         ; --       ;                 ; --       ; --           ; --            ;
; BD21     ;            ;          ; GND                                                                                                                                   ; gnd    ;                                   ;         ; --       ;                 ; --       ; --           ; --            ;
; BD25     ;            ;          ; GND                                                                                                                                   ; gnd    ;                                   ;         ; --       ;                 ; --       ; --           ; --            ;
; BD29     ;            ;          ; GND                                                                                                                                   ; gnd    ;                                   ;         ; --       ;                 ; --       ; --           ; --            ;
; BD32     ;            ;          ; GND                                                                                                                                   ; gnd    ;                                   ;         ; --       ;                 ; --       ; --           ; --            ;
; BD36     ;            ;          ; DNU                                                                                                                                   ;        ;                                   ;         ; --       ;                 ; --       ; --           ; --            ;
; BD40     ;            ;          ; GND                                                                                                                                   ; gnd    ;                                   ;         ; --       ;                 ; --       ; --           ; --            ;
; BD43     ;            ; 6B       ; VCCIO_HVIO_6B                                                                                                                         ; power  ;                                   ; 3.3V    ; --       ;                 ; --       ; --           ; --            ;
; BD46     ;            ;          ; GND                                                                                                                                   ; gnd    ;                                   ;         ; --       ;                 ; --       ; --           ; --            ;
; BD50     ;            ; 2B_T     ; VCCIO_PIO_2B_T                                                                                                                        ; power  ;                                   ; 1.2V    ; --       ;                 ; --       ; --           ; --            ;
; BD53     ;            ;          ; DNU                                                                                                                                   ;        ;                                   ;         ; --       ;                 ; --       ; --           ; --            ;
; BD57     ;            ;          ; GND                                                                                                                                   ; gnd    ;                                   ;         ; --       ;                 ; --       ; --           ; --            ;
; BD61     ;            ; 2A_T     ; VCCIO_PIO_2A_T                                                                                                                        ; power  ;                                   ; 1.1V    ; --       ;                 ; --       ; --           ; --            ;
; BD64     ;            ;          ; DNU                                                                                                                                   ;        ;                                   ;         ; --       ;                 ; --       ; --           ; --            ;
; BD68     ;            ;          ; GND                                                                                                                                   ; gnd    ;                                   ;         ; --       ;                 ; --       ; --           ; --            ;
; BD72     ;            ; 2A_B     ; VCCIO_PIO_2A_B                                                                                                                        ; power  ;                                   ; 1.1V    ; --       ;                 ; --       ; --           ; --            ;
; BD75     ;            ; --       ; VCCIO_SDM                                                                                                                             ; power  ;                                   ; 1.8V    ; --       ;                 ; --       ; --           ; --            ;
; BD79     ;            ;          ; GND                                                                                                                                   ; gnd    ;                                   ;         ; --       ;                 ; --       ; --           ; --            ;
; BD83     ;            ; --       ; VCCADC                                                                                                                                ; power  ;                                   ; 1.8V    ; --       ;                 ; --       ; --           ; --            ;
; BD86     ;            ; --       ; VCCBAT                                                                                                                                ; power  ;                                   ; 1.8V    ; --       ;                 ; --       ; --           ; --            ;
; BD90     ;            ; --       ; VCC_IO_SDM                                                                                                                            ; power  ;                                   ; 0.75V   ; --       ;                 ; --       ; --           ; --            ;
; BD93     ;            ;          ; GND                                                                                                                                   ; gnd    ;                                   ;         ; --       ;                 ; --       ; --           ; --            ;
; BD96     ;            ; 5A       ; VCCIO_HVIO_5A                                                                                                                         ; power  ;                                   ; 3.3V    ; --       ;                 ; --       ; --           ; --            ;
; BD100    ;            ;          ; DNU                                                                                                                                   ;        ;                                   ;         ; --       ;                 ; --       ; --           ; --            ;
; BD104    ;            ;          ; GND                                                                                                                                   ; gnd    ;                                   ;         ; --       ;                 ; --       ; --           ; --            ;
; BD107    ;            ;          ; GND                                                                                                                                   ; gnd    ;                                   ;         ; --       ;                 ; --       ; --           ; --            ;
; BD111    ;            ;          ; GND                                                                                                                                   ; gnd    ;                                   ;         ; --       ;                 ; --       ; --           ; --            ;
; BD115    ;            ;          ; GND                                                                                                                                   ; gnd    ;                                   ;         ; --       ;                 ; --       ; --           ; --            ;
; BD120    ;            ;          ; DNU                                                                                                                                   ;        ;                                   ;         ; --       ;                 ; --       ; --           ; --            ;
; BD123    ;            ;          ; GND                                                                                                                                   ; gnd    ;                                   ;         ; --       ;                 ; --       ; --           ; --            ;
; BD126    ;            ;          ; GND                                                                                                                                   ; gnd    ;                                   ;         ; --       ;                 ; --       ; --           ; --            ;
; BD129    ;            ;          ; GND                                                                                                                                   ; gnd    ;                                   ;         ; --       ;                 ; --       ; --           ; --            ;
; BD131    ;            ;          ; GND                                                                                                                                   ; gnd    ;                                   ;         ; --       ;                 ; --       ; --           ; --            ;
; BD133    ; 657        ; 1B       ; GND                                                                                                                                   ;        ;                                   ;         ; --       ;                 ; --       ; --           ; 84ps          ;
; BD135    ; 656        ; 1B       ; GND                                                                                                                                   ;        ;                                   ;         ; --       ;                 ; --       ; --           ; 84ps          ;
; BE1      ;            ;          ; GND                                                                                                                                   ; gnd    ;                                   ;         ; --       ;                 ; --       ; --           ; --            ;
; BE3      ;            ;          ; GND                                                                                                                                   ; gnd    ;                                   ;         ; --       ;                 ; --       ; --           ; --            ;
; BE5      ;            ;          ; GND                                                                                                                                   ; gnd    ;                                   ;         ; --       ;                 ; --       ; --           ; --            ;
; BE7      ; 793        ; 4B       ; GXB_NC                                                                                                                                ;        ;                                   ;         ; --       ;                 ; --       ; --           ; 86ps          ;
; BE10     ; 794        ; 4B       ; GXB_NC                                                                                                                                ;        ;                                   ;         ; --       ;                 ; --       ; --           ; 86ps          ;
; BE13     ;            ;          ; GND                                                                                                                                   ; gnd    ;                                   ;         ; --       ;                 ; --       ; --           ; --            ;
; BE16     ;            ;          ; GND                                                                                                                                   ; gnd    ;                                   ;         ; --       ;                 ; --       ; --           ; --            ;
; BE21     ; 544        ; 6B       ; RESERVED_INPUT_WITHOUT_WEAK_PULLUP                                                                                                    ;        ;                                   ; 3.3V    ; --       ;                 ; no       ; On           ; 63ps          ;
; BE25     ; 548        ; 6B       ; RESERVED_INPUT_WITHOUT_WEAK_PULLUP                                                                                                    ;        ;                                   ; 3.3V    ; --       ;                 ; no       ; On           ; 55ps          ;
; BE29     ; 547        ; 6B       ; RESERVED_INPUT_WITHOUT_WEAK_PULLUP                                                                                                    ;        ;                                   ; 3.3V    ; --       ;                 ; no       ; On           ; 58ps          ;
; BE32     ;            ;          ; GND                                                                                                                                   ; gnd    ;                                   ;         ; --       ;                 ; --       ; --           ; --            ;
; BE36     ;            ;          ; GND                                                                                                                                   ; gnd    ;                                   ;         ; --       ;                 ; --       ; --           ; --            ;
; BE40     ;            ;          ; GND                                                                                                                                   ; gnd    ;                                   ;         ; --       ;                 ; --       ; --           ; --            ;
; BE43     ; 545        ; 6B       ; RESERVED_INPUT_WITHOUT_WEAK_PULLUP                                                                                                    ;        ;                                   ; 3.3V    ; --       ;                 ; no       ; On           ; 69ps          ;
; BE46     ; 212        ; 2B_T     ; RESERVED_INPUT_WITHOUT_WEAK_PULLUP                                                                                                    ;        ;                                   ; 1.2V    ; --       ;                 ; no       ; On           ; 116ps         ;
; BE50     ; 213        ; 2B_T     ; RESERVED_INPUT_WITHOUT_WEAK_PULLUP                                                                                                    ;        ;                                   ; 1.2V    ; --       ;                 ; no       ; On           ; 141ps         ;
; BE53     ;            ;          ; GND                                                                                                                                   ; gnd    ;                                   ;         ; --       ;                 ; --       ; --           ; --            ;
; BE57     ; 217        ; 2B_T     ; RESERVED_INPUT_WITHOUT_WEAK_PULLUP                                                                                                    ;        ;                                   ; 1.2V    ; --       ;                 ; no       ; On           ; 110ps         ;
; BE61     ; 218        ; 2B_T     ; RESERVED_INPUT_WITHOUT_WEAK_PULLUP                                                                                                    ;        ;                                   ; 1.2V    ; --       ;                 ; no       ; On           ; 112ps         ;
; BE64     ; 220        ; 2B_T     ; RESERVED_INPUT_WITHOUT_WEAK_PULLUP                                                                                                    ;        ;                                   ; 1.2V    ; --       ;                 ; no       ; On           ; 134ps         ;
; BE68     ; 221        ; 2B_T     ; RESERVED_INPUT_WITHOUT_WEAK_PULLUP                                                                                                    ;        ;                                   ; 1.2V    ; --       ;                 ; no       ; On           ; 153ps         ;
; BE72     ;            ;          ; GND                                                                                                                                   ; gnd    ;                                   ;         ; --       ;                 ; --       ; --           ; --            ;
; BE75     ; 128        ; 2A_T     ; RESERVED_INPUT_WITHOUT_WEAK_PULLUP                                                                                                    ;        ;                                   ; 1.1V    ; --       ;                 ; no       ; On           ; 109ps         ;
; BE79     ; 129        ; 2A_T     ; RESERVED_INPUT_WITHOUT_WEAK_PULLUP                                                                                                    ;        ;                                   ; 1.1V    ; --       ;                 ; no       ; On           ; 109ps         ;
; BE83     ; 131        ; 2A_T     ; RESERVED_INPUT_WITHOUT_WEAK_PULLUP                                                                                                    ;        ;                                   ; 1.1V    ; --       ;                 ; no       ; On           ; 96ps          ;
; BE86     ; 132        ; 2A_T     ; RESERVED_INPUT_WITHOUT_WEAK_PULLUP                                                                                                    ;        ;                                   ; 1.1V    ; --       ;                 ; no       ; On           ; 94ps          ;
; BE90     ;            ;          ; GND                                                                                                                                   ; gnd    ;                                   ;         ; --       ;                 ; --       ; --           ; --            ;
; BE93     ; 136        ; 2A_T     ; RESERVED_INPUT_WITHOUT_WEAK_PULLUP                                                                                                    ;        ;                                   ; 1.1V    ; --       ;                 ; no       ; On           ; 130ps         ;
; BE96     ; 137        ; 2A_T     ; RESERVED_INPUT_WITHOUT_WEAK_PULLUP                                                                                                    ;        ;                                   ; 1.1V    ; --       ;                 ; no       ; On           ; 131ps         ;
; BE100    ; 26         ; SDM      ; ^TEMPDIODE0Ap                                                                                                                         ;        ;                                   ;         ; --       ;                 ; --       ; --           ; 57ps          ;
; BE104    ;            ;          ; GND                                                                                                                                   ; gnd    ;                                   ;         ; --       ;                 ; --       ; --           ; --            ;
; BE107    ; 506        ; 5B       ; RESERVED_INPUT_WITHOUT_WEAK_PULLUP                                                                                                    ;        ;                                   ; 3.3V    ; --       ;                 ; no       ; On           ; 53ps          ;
; BE111    ; 508        ; 5B       ; RESERVED_INPUT_WITHOUT_WEAK_PULLUP                                                                                                    ;        ;                                   ; 3.3V    ; --       ;                 ; no       ; On           ; 57ps          ;
; BE115    ; 500        ; 5B       ; RESERVED_INPUT_WITHOUT_WEAK_PULLUP                                                                                                    ;        ;                                   ; 3.3V    ; --       ;                 ; no       ; On           ; 71ps          ;
; BE120    ;            ;          ; GND                                                                                                                                   ; gnd    ;                                   ;         ; --       ;                 ; --       ; --           ; --            ;
; BE123    ;            ;          ; GND                                                                                                                                   ; gnd    ;                                   ;         ; --       ;                 ; --       ; --           ; --            ;
; BE126    ; 665        ; 1B       ; GXB_NC                                                                                                                                ;        ;                                   ;         ; --       ;                 ; --       ; --           ; 86ps          ;
; BE129    ; 664        ; 1B       ; GXB_NC                                                                                                                                ;        ;                                   ;         ; --       ;                 ; --       ; --           ; 86ps          ;
; BE131    ;            ;          ; GND                                                                                                                                   ; gnd    ;                                   ;         ; --       ;                 ; --       ; --           ; --            ;
; BE133    ;            ;          ; GND                                                                                                                                   ; gnd    ;                                   ;         ; --       ;                 ; --       ; --           ; --            ;
; BE135    ;            ;          ; GND                                                                                                                                   ; gnd    ;                                   ;         ; --       ;                 ; --       ; --           ; --            ;
; BF1      ; 785        ; 4B       ; GND                                                                                                                                   ;        ;                                   ;         ; --       ;                 ; --       ; --           ; 91ps          ;
; BF3      ; 786        ; 4B       ; GND                                                                                                                                   ;        ;                                   ;         ; --       ;                 ; --       ; --           ; 91ps          ;
; BF5      ;            ;          ; GND                                                                                                                                   ; gnd    ;                                   ;         ; --       ;                 ; --       ; --           ; --            ;
; BF7      ;            ;          ; GND                                                                                                                                   ; gnd    ;                                   ;         ; --       ;                 ; --       ; --           ; --            ;
; BF10     ;            ;          ; GND                                                                                                                                   ; gnd    ;                                   ;         ; --       ;                 ; --       ; --           ; --            ;
; BF13     ;            ;          ; GND                                                                                                                                   ; gnd    ;                                   ;         ; --       ;                 ; --       ; --           ; --            ;
; BF16     ; 553        ; 6B       ; RESERVED_INPUT_WITHOUT_WEAK_PULLUP                                                                                                    ;        ;                                   ; 3.3V    ; --       ;                 ; no       ; On           ; 172ps         ;
; BF21     ; 543        ; 6B       ; RESERVED_INPUT_WITHOUT_WEAK_PULLUP                                                                                                    ;        ;                                   ; 3.3V    ; --       ;                 ; no       ; On           ; 63ps          ;
; BF25     ; 552        ; 6B       ; RESERVED_INPUT_WITHOUT_WEAK_PULLUP                                                                                                    ;        ;                                   ; 3.3V    ; --       ;                 ; no       ; On           ; 60ps          ;
; BF29     ; 551        ; 6B       ; RESERVED_INPUT_WITHOUT_WEAK_PULLUP                                                                                                    ;        ;                                   ; 3.3V    ; --       ;                 ; no       ; On           ; 55ps          ;
; BF32     ; 549        ; 6B       ; RESERVED_INPUT_WITHOUT_WEAK_PULLUP                                                                                                    ;        ;                                   ; 3.3V    ; --       ;                 ; no       ; On           ; 59ps          ;
; BF36     ; 550        ; 6B       ; RESERVED_INPUT_WITHOUT_WEAK_PULLUP                                                                                                    ;        ;                                   ; 3.3V    ; --       ;                 ; no       ; On           ; 57ps          ;
; BF40     ; 546        ; 6B       ; RESERVED_INPUT_WITHOUT_WEAK_PULLUP                                                                                                    ;        ;                                   ; 3.3V    ; --       ;                 ; no       ; On           ; 62ps          ;
; BF43     ;            ;          ; GND                                                                                                                                   ; gnd    ;                                   ;         ; --       ;                 ; --       ; --           ; --            ;
; BF46     ; 211        ; 2B_T     ; RESERVED_INPUT_WITHOUT_WEAK_PULLUP                                                                                                    ;        ;                                   ; 1.2V    ; --       ;                 ; no       ; On           ; 117ps         ;
; BF50     ; 214        ; 2B_T     ; RESERVED_INPUT_WITHOUT_WEAK_PULLUP                                                                                                    ;        ;                                   ; 1.2V    ; --       ;                 ; no       ; On           ; 141ps         ;
; BF53     ; 215        ; 2B_T     ; RESERVED_INPUT_WITHOUT_WEAK_PULLUP                                                                                                    ;        ;                                   ; 1.2V    ; --       ;                 ; no       ; On           ; 149ps         ;
; BF57     ; 216        ; 2B_T     ; RESERVED_INPUT_WITHOUT_WEAK_PULLUP                                                                                                    ;        ;                                   ; 1.2V    ; --       ;                 ; no       ; On           ; 149ps         ;
; BF61     ;            ;          ; GND                                                                                                                                   ; gnd    ;                                   ;         ; --       ;                 ; --       ; --           ; --            ;
; BF64     ; 219        ; 2B_T     ; RESERVED_INPUT_WITHOUT_WEAK_PULLUP                                                                                                    ;        ;                                   ; 1.2V    ; --       ;                 ; no       ; On           ; 135ps         ;
; BF68     ; 222        ; 2B_T     ; RESERVED_INPUT_WITHOUT_WEAK_PULLUP                                                                                                    ;        ;                                   ; 1.2V    ; --       ;                 ; no       ; On           ; 153ps         ;
; BF72     ; 126        ; 2A_T     ; RESERVED_INPUT_WITHOUT_WEAK_PULLUP                                                                                                    ;        ;                                   ; 1.1V    ; --       ;                 ; no       ; On           ; 117ps         ;
; BF75     ; 127        ; 2A_T     ; RESERVED_INPUT_WITHOUT_WEAK_PULLUP                                                                                                    ;        ;                                   ; 1.1V    ; --       ;                 ; no       ; On           ; 117ps         ;
; BF79     ;            ;          ; GND                                                                                                                                   ; gnd    ;                                   ;         ; --       ;                 ; --       ; --           ; --            ;
; BF83     ; 130        ; 2A_T     ; RESERVED_INPUT_WITHOUT_WEAK_PULLUP                                                                                                    ;        ;                                   ; 1.1V    ; --       ;                 ; no       ; On           ; 94ps          ;
; BF86     ; 133        ; 2A_T     ; RESERVED_INPUT_WITHOUT_WEAK_PULLUP                                                                                                    ;        ;                                   ; 1.1V    ; --       ;                 ; no       ; On           ; 95ps          ;
; BF90     ; 134        ; 2A_T     ; RESERVED_INPUT_WITHOUT_WEAK_PULLUP                                                                                                    ;        ;                                   ; 1.1V    ; --       ;                 ; no       ; On           ; 105ps         ;
; BF93     ; 135        ; 2A_T     ; RESERVED_INPUT_WITHOUT_WEAK_PULLUP                                                                                                    ;        ;                                   ; 1.1V    ; --       ;                 ; no       ; On           ; 105ps         ;
; BF96     ;            ;          ; GND                                                                                                                                   ; gnd    ;                                   ;         ; --       ;                 ; --       ; --           ; --            ;
; BF100    ; 25         ; SDM      ; ^TEMPDIODE0An                                                                                                                         ;        ;                                   ;         ; --       ;                 ; --       ; --           ; 58ps          ;
; BF104    ; 504        ; 5B       ; RESERVED_INPUT_WITHOUT_WEAK_PULLUP                                                                                                    ;        ;                                   ; 3.3V    ; --       ;                 ; no       ; On           ; 52ps          ;
; BF107    ; 502        ; 5B       ; RESERVED_INPUT_WITHOUT_WEAK_PULLUP                                                                                                    ;        ;                                   ; 3.3V    ; --       ;                 ; no       ; On           ; 52ps          ;
; BF111    ; 498        ; 5B       ; RESERVED_INPUT_WITHOUT_WEAK_PULLUP                                                                                                    ;        ;                                   ; 3.3V    ; --       ;                 ; no       ; On           ; 64ps          ;
; BF115    ; 501        ; 5B       ; RESERVED_INPUT_WITHOUT_WEAK_PULLUP                                                                                                    ;        ;                                   ; 3.3V    ; --       ;                 ; no       ; On           ; 79ps          ;
; BF120    ; 517        ; 5B       ; RESERVED_INPUT_WITHOUT_WEAK_PULLUP                                                                                                    ;        ;                                   ; 3.3V    ; --       ;                 ; no       ; On           ; 144ps         ;
; BF123    ;            ;          ; GND                                                                                                                                   ; gnd    ;                                   ;         ; --       ;                 ; --       ; --           ; --            ;
; BF126    ;            ;          ; GND                                                                                                                                   ; gnd    ;                                   ;         ; --       ;                 ; --       ; --           ; --            ;
; BF129    ;            ;          ; GND                                                                                                                                   ; gnd    ;                                   ;         ; --       ;                 ; --       ; --           ; --            ;
; BF131    ;            ;          ; GND                                                                                                                                   ; gnd    ;                                   ;         ; --       ;                 ; --       ; --           ; --            ;
; BF133    ; 620        ; 1A       ; GND                                                                                                                                   ;        ;                                   ;         ; --       ;                 ; --       ; --           ; 84ps          ;
; BF135    ; 619        ; 1A       ; GND                                                                                                                                   ;        ;                                   ;         ; --       ;                 ; --       ; --           ; 84ps          ;
; BG1      ;            ;          ; GND                                                                                                                                   ; gnd    ;                                   ;         ; --       ;                 ; --       ; --           ; --            ;
; BG3      ;            ;          ; GND                                                                                                                                   ; gnd    ;                                   ;         ; --       ;                 ; --       ; --           ; --            ;
; BG5      ;            ;          ; GND                                                                                                                                   ; gnd    ;                                   ;         ; --       ;                 ; --       ; --           ; --            ;
; BG7      ; 756        ; 4A       ; GXB_NC                                                                                                                                ;        ;                                   ;         ; --       ;                 ; --       ; --           ; 87ps          ;
; BG10     ; 757        ; 4A       ; GXB_NC                                                                                                                                ;        ;                                   ;         ; --       ;                 ; --       ; --           ; 87ps          ;
; BG13     ;            ;          ; GND                                                                                                                                   ; gnd    ;                                   ;         ; --       ;                 ; --       ; --           ; --            ;
; BG123    ;            ;          ; GND                                                                                                                                   ; gnd    ;                                   ;         ; --       ;                 ; --       ; --           ; --            ;
; BG126    ; 628        ; 1A       ; GXB_NC                                                                                                                                ;        ;                                   ;         ; --       ;                 ; --       ; --           ; 88ps          ;
; BG129    ; 627        ; 1A       ; GXB_NC                                                                                                                                ;        ;                                   ;         ; --       ;                 ; --       ; --           ; 88ps          ;
; BG131    ;            ;          ; GND                                                                                                                                   ; gnd    ;                                   ;         ; --       ;                 ; --       ; --           ; --            ;
; BG133    ;            ;          ; GND                                                                                                                                   ; gnd    ;                                   ;         ; --       ;                 ; --       ; --           ; --            ;
; BG135    ;            ;          ; GND                                                                                                                                   ; gnd    ;                                   ;         ; --       ;                 ; --       ; --           ; --            ;
; BH19     ; 554        ; 6B       ; RESERVED_INPUT_WITHOUT_WEAK_PULLUP                                                                                                    ;        ;                                   ; 3.3V    ; --       ;                 ; no       ; On           ; 166ps         ;
; BH22     ;            ;          ; GND                                                                                                                                   ; gnd    ;                                   ;         ; --       ;                 ; --       ; --           ; --            ;
; BH28     ; 538        ; 6A       ; RESERVED_INPUT_WITHOUT_WEAK_PULLUP                                                                                                    ;        ;                                   ; 3.3V    ; --       ;                 ; no       ; On           ; 165ps         ;
; BH31     ;            ;          ; GND                                                                                                                                   ; gnd    ;                                   ;         ; --       ;                 ; --       ; --           ; --            ;
; BH38     ; 226        ; 2B_T     ; RESERVED_INPUT_WITHOUT_WEAK_PULLUP                                                                                                    ;        ;                                   ; 1.2V    ; --       ;                 ; no       ; On           ; 151ps         ;
; BH41     ; 225        ; 2B_T     ; RESERVED_INPUT_WITHOUT_WEAK_PULLUP                                                                                                    ;        ;                                   ; 1.2V    ; --       ;                 ; no       ; On           ; 151ps         ;
; BH49     ; 232        ; 2B_T     ; RESERVED_INPUT_WITHOUT_WEAK_PULLUP                                                                                                    ;        ;                                   ; 1.2V    ; --       ;                 ; no       ; On           ; 96ps          ;
; BH52     ; 231        ; 2B_T     ; RESERVED_INPUT_WITHOUT_WEAK_PULLUP                                                                                                    ;        ;                                   ; 1.2V    ; --       ;                 ; no       ; On           ; 95ps          ;
; BH59     ; 116        ; 2A_T     ; user_led[1]                                                                                                                           ; output ; 1.1-V                             ; 1.1V    ; --       ; Y               ; no       ; Off          ; 97ps          ;
; BH62     ; 117        ; 2A_T     ; user_led[2]                                                                                                                           ; output ; 1.1-V                             ; 1.1V    ; --       ; Y               ; no       ; Off          ; 96ps          ;
; BH69     ; 123        ; 2A_T     ; RESERVED_INPUT_WITHOUT_WEAK_PULLUP                                                                                                    ;        ;                                   ; 1.1V    ; --       ;                 ; no       ; On           ; 63ps          ;
; BH71     ; 122        ; 2A_T     ; RESERVED_INPUT_WITHOUT_WEAK_PULLUP                                                                                                    ;        ;                                   ; 1.1V    ; --       ;                 ; no       ; On           ; 61ps          ;
; BH78     ; 140        ; 2A_B     ; RESERVED_INPUT_WITHOUT_WEAK_PULLUP                                                                                                    ;        ;                                   ; 1.1V    ; --       ;                 ; no       ; On           ; 138ps         ;
; BH81     ; 141        ; 2A_B     ; RESERVED_INPUT_WITHOUT_WEAK_PULLUP                                                                                                    ;        ;                                   ; 1.1V    ; --       ;                 ; no       ; On           ; 139ps         ;
; BH89     ; 147        ; 2A_B     ; RESERVED_INPUT_WITHOUT_WEAK_PULLUP                                                                                                    ;        ;                                   ; 1.1V    ; --       ;                 ; no       ; On           ; 138ps         ;
; BH92     ; 146        ; 2A_B     ; RESERVED_INPUT_WITHOUT_WEAK_PULLUP                                                                                                    ;        ;                                   ; 1.1V    ; --       ;                 ; no       ; On           ; 138ps         ;
; BH99     ; 9          ; SDM      ; ~ALTERA_AVSTx8_DATA1~ / RESERVED_INPUT                                                                                                ; input  ; 1.8-V                             ;         ; --       ; N               ; no       ; Off          ; 65ps          ;
; BH102    ;            ;          ; GND                                                                                                                                   ; gnd    ;                                   ;         ; --       ;                 ; --       ; --           ; --            ;
; BH109    ; 499        ; 5B       ; RESERVED_INPUT_WITHOUT_WEAK_PULLUP                                                                                                    ;        ;                                   ; 3.3V    ; --       ;                 ; no       ; On           ; 69ps          ;
; BH112    ;            ;          ; GND                                                                                                                                   ; gnd    ;                                   ;         ; --       ;                 ; --       ; --           ; --            ;
; BH118    ; 516        ; 5B       ; RESERVED_INPUT_WITHOUT_WEAK_PULLUP                                                                                                    ;        ;                                   ; 3.3V    ; --       ;                 ; no       ; On           ; 143ps         ;
; BJ1      ; 748        ; 4A       ; GND                                                                                                                                   ;        ;                                   ;         ; --       ;                 ; --       ; --           ; 95ps          ;
; BJ3      ; 749        ; 4A       ; GND                                                                                                                                   ;        ;                                   ;         ; --       ;                 ; --       ; --           ; 95ps          ;
; BJ5      ;            ;          ; GND                                                                                                                                   ; gnd    ;                                   ;         ; --       ;                 ; --       ; --           ; --            ;
; BJ7      ;            ;          ; GND                                                                                                                                   ; gnd    ;                                   ;         ; --       ;                 ; --       ; --           ; --            ;
; BJ10     ;            ;          ; GND                                                                                                                                   ; gnd    ;                                   ;         ; --       ;                 ; --       ; --           ; --            ;
; BJ13     ;            ;          ; GND                                                                                                                                   ; gnd    ;                                   ;         ; --       ;                 ; --       ; --           ; --            ;
; BJ123    ;            ;          ; GND                                                                                                                                   ; gnd    ;                                   ;         ; --       ;                 ; --       ; --           ; --            ;
; BJ126    ;            ;          ; GND                                                                                                                                   ; gnd    ;                                   ;         ; --       ;                 ; --       ; --           ; --            ;
; BJ129    ;            ;          ; GND                                                                                                                                   ; gnd    ;                                   ;         ; --       ;                 ; --       ; --           ; --            ;
; BJ131    ;            ;          ; GND                                                                                                                                   ; gnd    ;                                   ;         ; --       ;                 ; --       ; --           ; --            ;
; BJ133    ; 618        ; 1A       ; GND                                                                                                                                   ;        ;                                   ;         ; --       ;                 ; --       ; --           ; 88ps          ;
; BJ135    ; 617        ; 1A       ; GND                                                                                                                                   ;        ;                                   ;         ; --       ;                 ; --       ; --           ; 88ps          ;
; BK19     ; 541        ; 6A       ; RESERVED_INPUT_WITHOUT_WEAK_PULLUP                                                                                                    ;        ;                                   ; 3.3V    ; --       ;                 ; no       ; On           ; 141ps         ;
; BK22     ; 555        ; 6B       ; RESERVED_INPUT_WITHOUT_WEAK_PULLUP                                                                                                    ;        ;                                   ; 3.3V    ; --       ;                 ; no       ; On           ; 178ps         ;
; BK28     ; 533        ; 6A       ; RESERVED_INPUT_WITHOUT_WEAK_PULLUP                                                                                                    ;        ;                                   ; 3.3V    ; --       ;                 ; no       ; On           ; 101ps         ;
; BK31     ; 531        ; 6A       ; RESERVED_INPUT_WITHOUT_WEAK_PULLUP                                                                                                    ;        ;                                   ; 3.3V    ; --       ;                 ; no       ; On           ; 108ps         ;
; BK38     ; 224        ; 2B_T     ; RESERVED_INPUT_WITHOUT_WEAK_PULLUP                                                                                                    ;        ;                                   ; 1.2V    ; --       ;                 ; no       ; On           ; 126ps         ;
; BK41     ;            ;          ; GND                                                                                                                                   ; gnd    ;                                   ;         ; --       ;                 ; --       ; --           ; --            ;
; BK49     ; 230        ; 2B_T     ; RESERVED_INPUT_WITHOUT_WEAK_PULLUP                                                                                                    ;        ;                                   ; 1.2V    ; --       ;                 ; no       ; On           ; 96ps          ;
; BK52     ;            ;          ; GND                                                                                                                                   ; gnd    ;                                   ;         ; --       ;                 ; --       ; --           ; --            ;
; BK59     ; 114        ; 2A_T     ; user_led[3]                                                                                                                           ; output ; 1.1-V                             ; 1.1V    ; --       ; Y               ; no       ; Off          ; 117ps         ;
; BK62     ;            ;          ; GND                                                                                                                                   ; gnd    ;                                   ;         ; --       ;                 ; --       ; --           ; --            ;
; BK69     ; 120        ; 2A_T     ; RESERVED_INPUT_WITHOUT_WEAK_PULLUP                                                                                                    ;        ;                                   ; 1.1V    ; --       ;                 ; no       ; On           ; 61ps          ;
; BK71     ;            ;          ; GND                                                                                                                                   ; gnd    ;                                   ;         ; --       ;                 ; --       ; --           ; --            ;
; BK78     ; 138        ; 2A_B     ; RESERVED_INPUT_WITHOUT_WEAK_PULLUP                                                                                                    ;        ;                                   ; 1.1V    ; --       ;                 ; no       ; On           ; 118ps         ;
; BK81     ;            ;          ; GND                                                                                                                                   ; gnd    ;                                   ;         ; --       ;                 ; --       ; --           ; --            ;
; BK89     ; 145        ; 2A_B     ; RESERVED_INPUT_WITHOUT_WEAK_PULLUP                                                                                                    ;        ;                                   ; 1.1V    ; --       ;                 ; no       ; On           ; 124ps         ;
; BK92     ;            ;          ; GND                                                                                                                                   ; gnd    ;                                   ;         ; --       ;                 ; --       ; --           ; --            ;
; BK99     ; 10         ; SDM      ; ~ALTERA_AVSTx8_DATA0~ / RESERVED_INPUT                                                                                                ; input  ; 1.8-V                             ;         ; --       ; N               ; no       ; Off          ; 74ps          ;
; BK102    ; 5          ; SDM      ; ~ALTERA_AVSTx8_DATA2~ / RESERVED_INPUT                                                                                                ; input  ; 1.8-V                             ;         ; --       ; N               ; no       ; Off          ; 73ps          ;
; BK109    ; 507        ; 5B       ; RESERVED_INPUT_WITHOUT_WEAK_PULLUP                                                                                                    ;        ;                                   ; 3.3V    ; --       ;                 ; no       ; On           ; 159ps         ;
; BK112    ; 515        ; 5B       ; RESERVED_INPUT_WITHOUT_WEAK_PULLUP                                                                                                    ;        ;                                   ; 3.3V    ; --       ;                 ; no       ; On           ; 120ps         ;
; BK118    ; 511        ; 5B       ; RESERVED_INPUT_WITHOUT_WEAK_PULLUP                                                                                                    ;        ;                                   ; 3.3V    ; --       ;                 ; no       ; On           ; 150ps         ;
; BL1      ;            ;          ; GND                                                                                                                                   ; gnd    ;                                   ;         ; --       ;                 ; --       ; --           ; --            ;
; BL3      ;            ;          ; GND                                                                                                                                   ; gnd    ;                                   ;         ; --       ;                 ; --       ; --           ; --            ;
; BL5      ;            ;          ; GND                                                                                                                                   ; gnd    ;                                   ;         ; --       ;                 ; --       ; --           ; --            ;
; BL7      ; 754        ; 4A       ; GXB_NC                                                                                                                                ;        ;                                   ;         ; --       ;                 ; --       ; --           ; 95ps          ;
; BL10     ; 755        ; 4A       ; GXB_NC                                                                                                                                ;        ;                                   ;         ; --       ;                 ; --       ; --           ; 95ps          ;
; BL13     ;            ;          ; GND                                                                                                                                   ; gnd    ;                                   ;         ; --       ;                 ; --       ; --           ; --            ;
; BL123    ;            ;          ; GND                                                                                                                                   ; gnd    ;                                   ;         ; --       ;                 ; --       ; --           ; --            ;
; BL126    ; 626        ; 1A       ; GXB_NC                                                                                                                                ;        ;                                   ;         ; --       ;                 ; --       ; --           ; 94ps          ;
; BL129    ; 625        ; 1A       ; GXB_NC                                                                                                                                ;        ;                                   ;         ; --       ;                 ; --       ; --           ; 94ps          ;
; BL131    ;            ;          ; GND                                                                                                                                   ; gnd    ;                                   ;         ; --       ;                 ; --       ; --           ; --            ;
; BL133    ;            ;          ; GND                                                                                                                                   ; gnd    ;                                   ;         ; --       ;                 ; --       ; --           ; --            ;
; BL135    ;            ;          ; GND                                                                                                                                   ; gnd    ;                                   ;         ; --       ;                 ; --       ; --           ; --            ;
; BM19     ; 556        ; 6B       ; RESERVED_INPUT_WITHOUT_WEAK_PULLUP                                                                                                    ;        ;                                   ; 3.3V    ; --       ;                 ; no       ; On           ; 176ps         ;
; BM22     ; 539        ; 6A       ; RESERVED_INPUT_WITHOUT_WEAK_PULLUP                                                                                                    ;        ;                                   ; 3.3V    ; --       ;                 ; no       ; On           ; 146ps         ;
; BM28     ; 528        ; 6A       ; RESERVED_INPUT_WITHOUT_WEAK_PULLUP                                                                                                    ;        ;                                   ; 3.3V    ; --       ;                 ; no       ; On           ; 110ps         ;
; BM31     ; 530        ; 6A       ; RESERVED_INPUT_WITHOUT_WEAK_PULLUP                                                                                                    ;        ;                                   ; 3.3V    ; --       ;                 ; no       ; On           ; 111ps         ;
; BM38     ; 223        ; 2B_T     ; RESERVED_INPUT_WITHOUT_WEAK_PULLUP                                                                                                    ;        ;                                   ; 1.2V    ; --       ;                 ; no       ; On           ; 125ps         ;
; BM41     ; 227        ; 2B_T     ; RESERVED_INPUT_WITHOUT_WEAK_PULLUP                                                                                                    ;        ;                                   ; 1.2V    ; --       ;                 ; no       ; On           ; 124ps         ;
; BM49     ; 229        ; 2B_T     ; RESERVED_INPUT_WITHOUT_WEAK_PULLUP                                                                                                    ;        ;                                   ; 1.2V    ; --       ;                 ; no       ; On           ; 95ps          ;
; BM52     ; 234        ; 2B_T     ; RESERVED_INPUT_WITHOUT_WEAK_PULLUP                                                                                                    ;        ;                                   ; 1.2V    ; --       ;                 ; no       ; On           ; 95ps          ;
; BM59     ; 115        ; 2A_T     ; user_led[0]                                                                                                                           ; output ; 1.1-V                             ; 1.1V    ; --       ; Y               ; no       ; Off          ; 117ps         ;
; BM62     ; 119        ; 2A_T     ; RESERVED_INPUT_WITHOUT_WEAK_PULLUP                                                                                                    ;        ;                                   ; 1.1V    ; --       ;                 ; no       ; On           ; 70ps          ;
; BM69     ; 121        ; 2A_T     ; RESERVED_INPUT_WITHOUT_WEAK_PULLUP                                                                                                    ;        ;                                   ; 1.1V    ; --       ;                 ; no       ; On           ; 62ps          ;
; BM71     ; 125        ; 2A_T     ; CLK_125M                                                                                                                              ; input  ; 1.1-V True Differential Signaling ; 1.1V    ; --       ; Y               ; no       ; Off          ; 65ps          ;
; BM78     ; 139        ; 2A_B     ; RESERVED_INPUT_WITHOUT_WEAK_PULLUP                                                                                                    ;        ;                                   ; 1.1V    ; --       ;                 ; no       ; On           ; 118ps         ;
; BM81     ; 143        ; 2A_B     ; RESERVED_INPUT_WITHOUT_WEAK_PULLUP                                                                                                    ;        ;                                   ; 1.1V    ; --       ;                 ; no       ; On           ; 115ps         ;
; BM89     ; 144        ; 2A_B     ; RESERVED_INPUT_WITHOUT_WEAK_PULLUP                                                                                                    ;        ;                                   ; 1.1V    ; --       ;                 ; no       ; On           ; 124ps         ;
; BM92     ; 148        ; 2A_B     ; RESERVED_INPUT_WITHOUT_WEAK_PULLUP                                                                                                    ;        ;                                   ; 1.1V    ; --       ;                 ; no       ; On           ; 139ps         ;
; BM99     ; 11         ; SDM      ; ~ALTERA_MSEL1~ / RESERVED_INPUT                                                                                                       ; input  ; 1.8-V                             ;         ; --       ; N               ; no       ; Off          ; 74ps          ;
; BM102    ; 17         ; SDM      ; ~ALTERA_MSEL2~ / RESERVED_INPUT                                                                                                       ; input  ; 1.8-V                             ;         ; --       ; N               ; no       ; Off          ; 74ps          ;
; BM109    ; 509        ; 5B       ; RESERVED_INPUT_WITHOUT_WEAK_PULLUP                                                                                                    ;        ;                                   ; 3.3V    ; --       ;                 ; no       ; On           ; 157ps         ;
; BM112    ; 514        ; 5B       ; RESERVED_INPUT_WITHOUT_WEAK_PULLUP                                                                                                    ;        ;                                   ; 3.3V    ; --       ;                 ; no       ; On           ; 106ps         ;
; BM118    ; 512        ; 5B       ; RESERVED_INPUT_WITHOUT_WEAK_PULLUP                                                                                                    ;        ;                                   ; 3.3V    ; --       ;                 ; no       ; On           ; 144ps         ;
; BN1      ; 746        ; 4A       ; GND                                                                                                                                   ;        ;                                   ;         ; --       ;                 ; --       ; --           ; 98ps          ;
; BN3      ; 747        ; 4A       ; GND                                                                                                                                   ;        ;                                   ;         ; --       ;                 ; --       ; --           ; 98ps          ;
; BN5      ;            ;          ; GND                                                                                                                                   ; gnd    ;                                   ;         ; --       ;                 ; --       ; --           ; --            ;
; BN7      ;            ;          ; GND                                                                                                                                   ; gnd    ;                                   ;         ; --       ;                 ; --       ; --           ; --            ;
; BN10     ;            ;          ; GND                                                                                                                                   ; gnd    ;                                   ;         ; --       ;                 ; --       ; --           ; --            ;
; BN13     ;            ;          ; GND                                                                                                                                   ; gnd    ;                                   ;         ; --       ;                 ; --       ; --           ; --            ;
; BN123    ;            ;          ; GND                                                                                                                                   ; gnd    ;                                   ;         ; --       ;                 ; --       ; --           ; --            ;
; BN126    ;            ;          ; GND                                                                                                                                   ; gnd    ;                                   ;         ; --       ;                 ; --       ; --           ; --            ;
; BN129    ;            ;          ; GND                                                                                                                                   ; gnd    ;                                   ;         ; --       ;                 ; --       ; --           ; --            ;
; BN131    ;            ;          ; GND                                                                                                                                   ; gnd    ;                                   ;         ; --       ;                 ; --       ; --           ; --            ;
; BN133    ; 616        ; 1A       ; GND                                                                                                                                   ;        ;                                   ;         ; --       ;                 ; --       ; --           ; 93ps          ;
; BN135    ; 615        ; 1A       ; GND                                                                                                                                   ;        ;                                   ;         ; --       ;                 ; --       ; --           ; 93ps          ;
; BP19     ;            ;          ; GND                                                                                                                                   ; gnd    ;                                   ;         ; --       ;                 ; --       ; --           ; --            ;
; BP22     ; 532        ; 6A       ; RESERVED_INPUT_WITHOUT_WEAK_PULLUP                                                                                                    ;        ;                                   ; 3.3V    ; --       ;                 ; no       ; On           ; 155ps         ;
; BP28     ;            ;          ; GND                                                                                                                                   ; gnd    ;                                   ;         ; --       ;                 ; --       ; --           ; --            ;
; BP31     ; 524        ; 6A       ; RESERVED_INPUT_WITHOUT_WEAK_PULLUP                                                                                                    ;        ;                                   ; 3.3V    ; --       ;                 ; no       ; On           ; 87ps          ;
; BP38     ;            ;          ; GND                                                                                                                                   ; gnd    ;                                   ;         ; --       ;                 ; --       ; --           ; --            ;
; BP41     ; 228        ; 2B_T     ; RESERVED_INPUT_WITHOUT_WEAK_PULLUP                                                                                                    ;        ;                                   ; 1.2V    ; --       ;                 ; no       ; On           ; 123ps         ;
; BP49     ;            ;          ; GND                                                                                                                                   ; gnd    ;                                   ;         ; --       ;                 ; --       ; --           ; --            ;
; BP52     ; 233        ; 2B_T     ; RESERVED_INPUT_WITHOUT_WEAK_PULLUP                                                                                                    ;        ;                                   ; 1.2V    ; --       ;                 ; no       ; On           ; 95ps          ;
; BP59     ;            ;          ; GND                                                                                                                                   ; gnd    ;                                   ;         ; --       ;                 ; --       ; --           ; --            ;
; BP62     ; 118        ; 2A_T     ; RESERVED_INPUT_WITHOUT_WEAK_PULLUP                                                                                                    ;        ;                                   ; 1.1V    ; --       ;                 ; no       ; On           ; 70ps          ;
; BP69     ;            ;          ; GND                                                                                                                                   ; gnd    ;                                   ;         ; --       ;                 ; --       ; --           ; --            ;
; BP71     ; 124        ; 2A_T     ; CLK_125M(n)                                                                                                                           ; input  ; 1.1-V True Differential Signaling ; 1.1V    ; --       ; N               ; no       ; Off          ; 64ps          ;
; BP78     ;            ;          ; GND                                                                                                                                   ; gnd    ;                                   ;         ; --       ;                 ; --       ; --           ; --            ;
; BP81     ; 142        ; 2A_B     ; RESERVED_INPUT_WITHOUT_WEAK_PULLUP                                                                                                    ;        ;                                   ; 1.1V    ; --       ;                 ; no       ; On           ; 115ps         ;
; BP89     ;            ;          ; GND                                                                                                                                   ; gnd    ;                                   ;         ; --       ;                 ; --       ; --           ; --            ;
; BP92     ; 149        ; 2A_B     ; RESERVED_INPUT_WITHOUT_WEAK_PULLUP                                                                                                    ;        ;                                   ; 1.1V    ; --       ;                 ; no       ; On           ; 139ps         ;
; BP99     ;            ;          ; GND                                                                                                                                   ; gnd    ;                                   ;         ; --       ;                 ; --       ; --           ; --            ;
; BP102    ; 14         ; SDM      ; SDM_IO16, PWRMGT_SDA                                                                                                                  ;        ;                                   ;         ; --       ;                 ; --       ; --           ; 72ps          ;
; BP109    ;            ;          ; GND                                                                                                                                   ; gnd    ;                                   ;         ; --       ;                 ; --       ; --           ; --            ;
; BP112    ; 513        ; 5B       ; RESERVED_INPUT_WITHOUT_WEAK_PULLUP                                                                                                    ;        ;                                   ; 3.3V    ; --       ;                 ; no       ; On           ; 85ps          ;
; BP118    ;            ;          ; GND                                                                                                                                   ; gnd    ;                                   ;         ; --       ;                 ; --       ; --           ; --            ;
; BR19     ; 558        ; 6B       ; RESERVED_INPUT_WITHOUT_WEAK_PULLUP                                                                                                    ;        ;                                   ; 3.3V    ; --       ;                 ; no       ; On           ; 153ps         ;
; BR22     ; 534        ; 6A       ; RESERVED_INPUT_WITHOUT_WEAK_PULLUP                                                                                                    ;        ;                                   ; 3.3V    ; --       ;                 ; no       ; On           ; 154ps         ;
; BR28     ; 525        ; 6A       ; RESERVED_INPUT_WITHOUT_WEAK_PULLUP                                                                                                    ;        ;                                   ; 3.3V    ; --       ;                 ; no       ; On           ; 90ps          ;
; BR31     ; 526        ; 6A       ; RESERVED_INPUT_WITHOUT_WEAK_PULLUP                                                                                                    ;        ;                                   ; 3.3V    ; --       ;                 ; no       ; On           ; 87ps          ;
; BR38     ; 238        ; 2B_B     ; RESERVED_INPUT_WITHOUT_WEAK_PULLUP                                                                                                    ;        ;                                   ; 1.2V    ; --       ;                 ; no       ; On           ; 77ps          ;
; BR41     ; 240        ; 2B_B     ; RESERVED_INPUT_WITHOUT_WEAK_PULLUP                                                                                                    ;        ;                                   ; 1.2V    ; --       ;                 ; no       ; On           ; 79ps          ;
; BR49     ; 246        ; 2B_B     ; RESERVED_INPUT_WITHOUT_WEAK_PULLUP                                                                                                    ;        ;                                   ; 1.2V    ; --       ;                 ; no       ; On           ; 77ps          ;
; BR52     ; 244        ; 2B_B     ; RESERVED_INPUT_WITHOUT_WEAK_PULLUP                                                                                                    ;        ;                                   ; 1.2V    ; --       ;                 ; no       ; On           ; 81ps          ;
; BR59     ; 104        ; 2A_T     ; RESERVED_INPUT_WITHOUT_WEAK_PULLUP                                                                                                    ;        ;                                   ; 1.1V    ; --       ;                 ; no       ; On           ; 64ps          ;
; BR62     ; 106        ; 2A_T     ; RESERVED_INPUT_WITHOUT_WEAK_PULLUP                                                                                                    ;        ;                                   ; 1.1V    ; --       ;                 ; no       ; On           ; 64ps          ;
; BR69     ; 113        ; 2A_T     ; RESERVED_INPUT_WITHOUT_WEAK_PULLUP                                                                                                    ;        ;                                   ; 1.1V    ; --       ;                 ; no       ; On           ; 67ps          ;
; BR71     ; 111        ; 2A_T     ; RESERVED_INPUT_WITHOUT_WEAK_PULLUP                                                                                                    ;        ;                                   ; 1.1V    ; --       ;                 ; no       ; On           ; 67ps          ;
; BR78     ; 153        ; 2A_B     ; RESERVED_INPUT_WITHOUT_WEAK_PULLUP                                                                                                    ;        ;                                   ; 1.1V    ; --       ;                 ; no       ; On           ; 64ps          ;
; BR81     ; 155        ; 2A_B     ; RESERVED_INPUT_WITHOUT_WEAK_PULLUP                                                                                                    ;        ;                                   ; 1.1V    ; --       ;                 ; no       ; On           ; 68ps          ;
; BR89     ; 161        ; 2A_B     ; RESERVED_INPUT_WITHOUT_WEAK_PULLUP                                                                                                    ;        ;                                   ; 1.1V    ; --       ;                 ; no       ; On           ; 79ps          ;
; BR92     ; 159        ; 2A_B     ; RESERVED_INPUT_WITHOUT_WEAK_PULLUP                                                                                                    ;        ;                                   ; 1.1V    ; --       ;                 ; no       ; On           ; 81ps          ;
; BR99     ; 21         ; SDM      ; ~HPS_COLD_nRESET~                                                                                                                     ; bidir  ; 1.8-V                             ;         ; --       ; N               ; no       ; Off          ; 77ps          ;
; BR102    ; 4          ; SDM      ; ~ALTERA_OSC_CLK_1~                                                                                                                    ; input  ; 1.8-V                             ;         ; --       ; N               ; no       ; Off          ; 75ps          ;
; BR109    ; 505        ; 5B       ; RESERVED_INPUT_WITHOUT_WEAK_PULLUP                                                                                                    ;        ;                                   ; 3.3V    ; --       ;                 ; no       ; On           ; 79ps          ;
; BR112    ; 510        ; 5B       ; RESERVED_INPUT_WITHOUT_WEAK_PULLUP                                                                                                    ;        ;                                   ; 3.3V    ; --       ;                 ; no       ; On           ; 86ps          ;
; BR118    ; 491        ; 5A       ; RESERVED_INPUT_WITHOUT_WEAK_PULLUP                                                                                                    ;        ;                                   ; 3.3V    ; --       ;                 ; no       ; On           ; 85ps          ;
; BT1      ;            ;          ; GND                                                                                                                                   ; gnd    ;                                   ;         ; --       ;                 ; --       ; --           ; --            ;
; BT3      ;            ;          ; GND                                                                                                                                   ; gnd    ;                                   ;         ; --       ;                 ; --       ; --           ; --            ;
; BT5      ;            ;          ; GND                                                                                                                                   ; gnd    ;                                   ;         ; --       ;                 ; --       ; --           ; --            ;
; BT7      ; 752        ; 4A       ; GXB_NC                                                                                                                                ;        ;                                   ;         ; --       ;                 ; --       ; --           ; 95ps          ;
; BT10     ; 753        ; 4A       ; GXB_NC                                                                                                                                ;        ;                                   ;         ; --       ;                 ; --       ; --           ; 95ps          ;
; BT13     ;            ;          ; GND                                                                                                                                   ; gnd    ;                                   ;         ; --       ;                 ; --       ; --           ; --            ;
; BT123    ;            ;          ; GND                                                                                                                                   ; gnd    ;                                   ;         ; --       ;                 ; --       ; --           ; --            ;
; BT126    ; 624        ; 1A       ; GXB_NC                                                                                                                                ;        ;                                   ;         ; --       ;                 ; --       ; --           ; 96ps          ;
; BT129    ; 623        ; 1A       ; GXB_NC                                                                                                                                ;        ;                                   ;         ; --       ;                 ; --       ; --           ; 96ps          ;
; BT131    ;            ;          ; GND                                                                                                                                   ; gnd    ;                                   ;         ; --       ;                 ; --       ; --           ; --            ;
; BT133    ;            ;          ; GND                                                                                                                                   ; gnd    ;                                   ;         ; --       ;                 ; --       ; --           ; --            ;
; BT135    ;            ;          ; GND                                                                                                                                   ; gnd    ;                                   ;         ; --       ;                 ; --       ; --           ; --            ;
; BU19     ; 557        ; 6B       ; RESERVED_INPUT_WITHOUT_WEAK_PULLUP                                                                                                    ;        ;                                   ; 3.3V    ; --       ;                 ; no       ; On           ; 157ps         ;
; BU22     ; 536        ; 6A       ; RESERVED_INPUT_WITHOUT_WEAK_PULLUP                                                                                                    ;        ;                                   ; 3.3V    ; --       ;                 ; no       ; On           ; 108ps         ;
; BU28     ; 523        ; 6A       ; RESERVED_INPUT_WITHOUT_WEAK_PULLUP                                                                                                    ;        ;                                   ; 3.3V    ; --       ;                 ; no       ; On           ; 88ps          ;
; BU31     ; 527        ; 6A       ; RESERVED_INPUT_WITHOUT_WEAK_PULLUP                                                                                                    ;        ;                                   ; 3.3V    ; --       ;                 ; no       ; On           ; 111ps         ;
; BU38     ; 237        ; 2B_B     ; RESERVED_INPUT_WITHOUT_WEAK_PULLUP                                                                                                    ;        ;                                   ; 1.2V    ; --       ;                 ; no       ; On           ; 79ps          ;
; BU41     ; 239        ; 2B_B     ; RESERVED_INPUT_WITHOUT_WEAK_PULLUP                                                                                                    ;        ;                                   ; 1.2V    ; --       ;                 ; no       ; On           ; 78ps          ;
; BU49     ; 245        ; 2B_B     ; RESERVED_INPUT_WITHOUT_WEAK_PULLUP                                                                                                    ;        ;                                   ; 1.2V    ; --       ;                 ; no       ; On           ; 77ps          ;
; BU52     ; 243        ; 2B_B     ; RESERVED_INPUT_WITHOUT_WEAK_PULLUP                                                                                                    ;        ;                                   ; 1.2V    ; --       ;                 ; no       ; On           ; 80ps          ;
; BU59     ; 105        ; 2A_T     ; RESERVED_INPUT_WITHOUT_WEAK_PULLUP                                                                                                    ;        ;                                   ; 1.1V    ; --       ;                 ; no       ; On           ; 64ps          ;
; BU62     ; 107        ; 2A_T     ; RESERVED_INPUT_WITHOUT_WEAK_PULLUP                                                                                                    ;        ;                                   ; 1.1V    ; --       ;                 ; no       ; On           ; 64ps          ;
; BU69     ; 112        ; 2A_T     ; RESERVED_INPUT_WITHOUT_WEAK_PULLUP                                                                                                    ;        ;                                   ; 1.1V    ; --       ;                 ; no       ; On           ; 67ps          ;
; BU71     ; 110        ; 2A_T     ; RESERVED_INPUT_WITHOUT_WEAK_PULLUP                                                                                                    ;        ;                                   ; 1.1V    ; --       ;                 ; no       ; On           ; 66ps          ;
; BU78     ; 152        ; 2A_B     ; RESERVED_INPUT_WITHOUT_WEAK_PULLUP                                                                                                    ;        ;                                   ; 1.1V    ; --       ;                 ; no       ; On           ; 64ps          ;
; BU81     ; 154        ; 2A_B     ; RESERVED_INPUT_WITHOUT_WEAK_PULLUP                                                                                                    ;        ;                                   ; 1.1V    ; --       ;                 ; no       ; On           ; 67ps          ;
; BU89     ; 160        ; 2A_B     ; RESERVED_INPUT_WITHOUT_WEAK_PULLUP                                                                                                    ;        ;                                   ; 1.1V    ; --       ;                 ; no       ; On           ; 79ps          ;
; BU92     ; 158        ; 2A_B     ; RESERVED_INPUT_WITHOUT_WEAK_PULLUP                                                                                                    ;        ;                                   ; 1.1V    ; --       ;                 ; no       ; On           ; 80ps          ;
; BU99     ; 8          ; SDM      ; ^nCONFIG                                                                                                                              ;        ;                                   ;         ; --       ;                 ; --       ; --           ; 79ps          ;
; BU102    ;            ;          ; GND                                                                                                                                   ; gnd    ;                                   ;         ; --       ;                 ; --       ; --           ; --            ;
; BU109    ; 503        ; 5B       ; RESERVED_INPUT_WITHOUT_WEAK_PULLUP                                                                                                    ;        ;                                   ; 3.3V    ; --       ;                 ; no       ; On           ; 83ps          ;
; BU112    ;            ;          ; GND                                                                                                                                   ; gnd    ;                                   ;         ; --       ;                 ; --       ; --           ; --            ;
; BU118    ; 490        ; 5A       ; RESERVED_INPUT_WITHOUT_WEAK_PULLUP                                                                                                    ;        ;                                   ; 3.3V    ; --       ;                 ; no       ; On           ; 84ps          ;
; BV1      ; 744        ; 4A       ; GND                                                                                                                                   ;        ;                                   ;         ; --       ;                 ; --       ; --           ; 101ps         ;
; BV3      ; 745        ; 4A       ; GND                                                                                                                                   ;        ;                                   ;         ; --       ;                 ; --       ; --           ; 101ps         ;
; BV5      ;            ;          ; GND                                                                                                                                   ; gnd    ;                                   ;         ; --       ;                 ; --       ; --           ; --            ;
; BV7      ;            ;          ; GND                                                                                                                                   ; gnd    ;                                   ;         ; --       ;                 ; --       ; --           ; --            ;
; BV10     ;            ;          ; GND                                                                                                                                   ; gnd    ;                                   ;         ; --       ;                 ; --       ; --           ; --            ;
; BV13     ;            ;          ; GND                                                                                                                                   ; gnd    ;                                   ;         ; --       ;                 ; --       ; --           ; --            ;
; BV123    ;            ;          ; GND                                                                                                                                   ; gnd    ;                                   ;         ; --       ;                 ; --       ; --           ; --            ;
; BV126    ;            ;          ; GND                                                                                                                                   ; gnd    ;                                   ;         ; --       ;                 ; --       ; --           ; --            ;
; BV129    ;            ;          ; GND                                                                                                                                   ; gnd    ;                                   ;         ; --       ;                 ; --       ; --           ; --            ;
; BV131    ;            ;          ; GND                                                                                                                                   ; gnd    ;                                   ;         ; --       ;                 ; --       ; --           ; --            ;
; BV133    ; 614        ; 1A       ; GND                                                                                                                                   ;        ;                                   ;         ; --       ;                 ; --       ; --           ; 96ps          ;
; BV135    ; 613        ; 1A       ; GND                                                                                                                                   ;        ;                                   ;         ; --       ;                 ; --       ; --           ; 96ps          ;
; BW19     ; 537        ; 6A       ; RESERVED_INPUT_WITHOUT_WEAK_PULLUP                                                                                                    ;        ;                                   ; 3.3V    ; --       ;                 ; no       ; On           ; 101ps         ;
; BW22     ;            ;          ; GND                                                                                                                                   ; gnd    ;                                   ;         ; --       ;                 ; --       ; --           ; --            ;
; BW28     ; 529        ; 6A       ; RESERVED_INPUT_WITHOUT_WEAK_PULLUP                                                                                                    ;        ;                                   ; 3.3V    ; --       ;                 ; no       ; On           ; 103ps         ;
; BW31     ;            ;          ; GND                                                                                                                                   ; gnd    ;                                   ;         ; --       ;                 ; --       ; --           ; --            ;
; BW38     ; 235        ; 2B_B     ; RESERVED_INPUT_WITHOUT_WEAK_PULLUP                                                                                                    ;        ;                                   ; 1.2V    ; --       ;                 ; no       ; On           ; 84ps          ;
; BW41     ;            ;          ; GND                                                                                                                                   ; gnd    ;                                   ;         ; --       ;                 ; --       ; --           ; --            ;
; BW49     ; 242        ; 2B_B     ; RESERVED_INPUT_WITHOUT_WEAK_PULLUP                                                                                                    ;        ;                                   ; 1.2V    ; --       ;                 ; no       ; On           ; 82ps          ;
; BW52     ;            ;          ; GND                                                                                                                                   ; gnd    ;                                   ;         ; --       ;                 ; --       ; --           ; --            ;
; BW59     ; 103        ; 2A_T     ; RESERVED_INPUT_WITHOUT_WEAK_PULLUP                                                                                                    ;        ;                                   ; 1.1V    ; --       ;                 ; no       ; On           ; 75ps          ;
; BW62     ;            ;          ; GND                                                                                                                                   ; gnd    ;                                   ;         ; --       ;                 ; --       ; --           ; --            ;
; BW69     ; 109        ; 2A_T     ; RESERVED_INPUT_WITHOUT_WEAK_PULLUP                                                                                                    ;        ;                                   ; 1.1V    ; --       ;                 ; no       ; On           ; 76ps          ;
; BW71     ;            ;          ; GND                                                                                                                                   ; gnd    ;                                   ;         ; --       ;                 ; --       ; --           ; --            ;
; BW78     ; 151        ; 2A_B     ; RESERVED_INPUT_WITHOUT_WEAK_PULLUP                                                                                                    ;        ;                                   ; 1.1V    ; --       ;                 ; no       ; On           ; 75ps          ;
; BW81     ;            ;          ; GND                                                                                                                                   ; gnd    ;                                   ;         ; --       ;                 ; --       ; --           ; --            ;
; BW89     ; 157        ; 2A_B     ; RESERVED_INPUT_WITHOUT_WEAK_PULLUP                                                                                                    ;        ;                                   ; 1.1V    ; --       ;                 ; no       ; On           ; 88ps          ;
; BW92     ;            ;          ; GND                                                                                                                                   ; gnd    ;                                   ;         ; --       ;                 ; --       ; --           ; --            ;
; BW99     ; 13         ; SDM      ; ^nSTATUS                                                                                                                              ;        ;                                   ;         ; --       ;                 ; --       ; --           ; 87ps          ;
; BW102    ; 16         ; SDM      ; ~ALTERA_AVSTx8_DATA5~ / RESERVED_INPUT                                                                                                ; input  ; 1.8-V                             ;         ; --       ; N               ; no       ; Off          ; 87ps          ;
; BW109    ; 0          ; SDM      ; altera_reserved_tdo                                                                                                                   ; output ; 1.8-V                             ;         ; --       ; N               ; no       ; Off          ; 102ps         ;
; BW112    ; 3          ; SDM      ; altera_reserved_tdi                                                                                                                   ; input  ; 1.8-V                             ;         ; --       ; N               ; no       ; Off          ; 118ps         ;
; BW118    ; 493        ; 5A       ; RESERVED_INPUT_WITHOUT_WEAK_PULLUP                                                                                                    ;        ;                                   ; 3.3V    ; --       ;                 ; no       ; On           ; 89ps          ;
; BY1      ;            ;          ; GND                                                                                                                                   ; gnd    ;                                   ;         ; --       ;                 ; --       ; --           ; --            ;
; BY3      ;            ;          ; GND                                                                                                                                   ; gnd    ;                                   ;         ; --       ;                 ; --       ; --           ; --            ;
; BY5      ;            ;          ; GND                                                                                                                                   ; gnd    ;                                   ;         ; --       ;                 ; --       ; --           ; --            ;
; BY7      ; 750        ; 4A       ; GXB_NC                                                                                                                                ;        ;                                   ;         ; --       ;                 ; --       ; --           ; 97ps          ;
; BY10     ; 751        ; 4A       ; GXB_NC                                                                                                                                ;        ;                                   ;         ; --       ;                 ; --       ; --           ; 96ps          ;
; BY13     ;            ;          ; GND                                                                                                                                   ; gnd    ;                                   ;         ; --       ;                 ; --       ; --           ; --            ;
; BY123    ;            ;          ; GND                                                                                                                                   ; gnd    ;                                   ;         ; --       ;                 ; --       ; --           ; --            ;
; BY126    ; 622        ; 1A       ; GXB_NC                                                                                                                                ;        ;                                   ;         ; --       ;                 ; --       ; --           ; 96ps          ;
; BY129    ; 621        ; 1A       ; GXB_NC                                                                                                                                ;        ;                                   ;         ; --       ;                 ; --       ; --           ; 96ps          ;
; BY131    ;            ;          ; GND                                                                                                                                   ; gnd    ;                                   ;         ; --       ;                 ; --       ; --           ; --            ;
; BY133    ;            ;          ; GND                                                                                                                                   ; gnd    ;                                   ;         ; --       ;                 ; --       ; --           ; --            ;
; BY135    ;            ;          ; GND                                                                                                                                   ; gnd    ;                                   ;         ; --       ;                 ; --       ; --           ; --            ;
; C1       ;            ;          ; GND                                                                                                                                   ; gnd    ;                                   ;         ; --       ;                 ; --       ; --           ; --            ;
; C2       ; 580        ; 6C       ; RESERVED_INPUT_WITHOUT_WEAK_PULLUP                                                                                                    ;        ;                                   ; 3.3V    ; --       ;                 ; no       ; On           ; 121ps         ;
; C134     ;            ;          ; GND                                                                                                                                   ; gnd    ;                                   ;         ; --       ;                 ; --       ; --           ; --            ;
; C135     ;            ;          ; GND                                                                                                                                   ; gnd    ;                                   ;         ; --       ;                 ; --       ; --           ; --            ;
; CA19     ;            ;          ; GND                                                                                                                                   ; gnd    ;                                   ;         ; --       ;                 ; --       ; --           ; --            ;
; CA22     ; 191        ; 2B_T     ; RESERVED_INPUT_WITHOUT_WEAK_PULLUP                                                                                                    ;        ;                                   ; 1.2V    ; --       ;                 ; no       ; On           ; 104ps         ;
; CA28     ;            ;          ; GND                                                                                                                                   ; gnd    ;                                   ;         ; --       ;                 ; --       ; --           ; --            ;
; CA31     ; 196        ; 2B_T     ; RESERVED_INPUT_WITHOUT_WEAK_PULLUP                                                                                                    ;        ;                                   ; 1.2V    ; --       ;                 ; no       ; On           ; 87ps          ;
; CA38     ; 236        ; 2B_B     ; RESERVED_INPUT_WITHOUT_WEAK_PULLUP                                                                                                    ;        ;                                   ; 1.2V    ; --       ;                 ; no       ; On           ; 84ps          ;
; CA41     ; 249        ; 2B_B     ; RESERVED_INPUT_WITHOUT_WEAK_PULLUP                                                                                                    ;        ;                                   ; 1.2V    ; --       ;                 ; no       ; On           ; 84ps          ;
; CA49     ; 241        ; 2B_B     ; RESERVED_INPUT_WITHOUT_WEAK_PULLUP                                                                                                    ;        ;                                   ; 1.2V    ; --       ;                 ; no       ; On           ; 82ps          ;
; CA52     ; 255        ; 2B_B     ; RESERVED_INPUT_WITHOUT_WEAK_PULLUP                                                                                                    ;        ;                                   ; 1.2V    ; --       ;                 ; no       ; On           ; 82ps          ;
; CA59     ; 102        ; 2A_T     ; RESERVED_INPUT_WITHOUT_WEAK_PULLUP                                                                                                    ;        ;                                   ; 1.1V    ; --       ;                 ; no       ; On           ; 74ps          ;
; CA62     ; 95         ; 2A_T     ; RESERVED_INPUT_WITHOUT_WEAK_PULLUP                                                                                                    ;        ;                                   ; 1.1V    ; --       ;                 ; no       ; On           ; 86ps          ;
; CA69     ; 108        ; 2A_T     ; RESERVED_INPUT_WITHOUT_WEAK_PULLUP                                                                                                    ;        ;                                   ; 1.1V    ; --       ;                 ; no       ; On           ; 75ps          ;
; CA71     ; 98         ; 2A_T     ; RESERVED_INPUT_WITHOUT_WEAK_PULLUP                                                                                                    ;        ;                                   ; 1.1V    ; --       ;                 ; no       ; On           ; 89ps          ;
; CA78     ; 150        ; 2A_B     ; RESERVED_INPUT_WITHOUT_WEAK_PULLUP                                                                                                    ;        ;                                   ; 1.1V    ; --       ;                 ; no       ; On           ; 74ps          ;
; CA81     ; 165        ; 2A_B     ; RESERVED_INPUT_WITHOUT_WEAK_PULLUP                                                                                                    ;        ;                                   ; 1.1V    ; --       ;                 ; no       ; On           ; 85ps          ;
; CA89     ; 156        ; 2A_B     ; RESERVED_INPUT_WITHOUT_WEAK_PULLUP                                                                                                    ;        ;                                   ; 1.1V    ; --       ;                 ; no       ; On           ; 87ps          ;
; CA92     ; 172        ; 2A_B     ; RESERVED_INPUT_WITHOUT_WEAK_PULLUP                                                                                                    ;        ;                                   ; 1.1V    ; --       ;                 ; no       ; On           ; 99ps          ;
; CA99     ; 15         ; SDM      ; SDM_IO0, PWRMGT_SCL, PWRMGT_ALERT                                                                                                     ;        ;                                   ;         ; --       ;                 ; --       ; --           ; 89ps          ;
; CA102    ; 22         ; SDM      ; ~ALTERA_AVSTx8_DATA6_AS_nRST~ / RESERVED_INPUT                                                                                        ; input  ; 1.8-V                             ;         ; --       ; N               ; no       ; Off          ; 91ps          ;
; CA109    ; 2          ; SDM      ; altera_reserved_tck                                                                                                                   ; input  ; 1.8-V                             ;         ; --       ; N               ; no       ; Off          ; 105ps         ;
; CA112    ; 1          ; SDM      ; altera_reserved_tms                                                                                                                   ; input  ; 1.8-V                             ;         ; --       ; N               ; no       ; Off          ; 108ps         ;
; CA118    ; 492        ; 5A       ; RESERVED_INPUT_WITHOUT_WEAK_PULLUP                                                                                                    ;        ;                                   ; 3.3V    ; --       ;                 ; no       ; On           ; 93ps          ;
; CB1      ; 742        ; 4A       ; GND                                                                                                                                   ;        ;                                   ;         ; --       ;                 ; --       ; --           ; 104ps         ;
; CB3      ; 743        ; 4A       ; GND                                                                                                                                   ;        ;                                   ;         ; --       ;                 ; --       ; --           ; 104ps         ;
; CB5      ;            ;          ; GND                                                                                                                                   ; gnd    ;                                   ;         ; --       ;                 ; --       ; --           ; --            ;
; CB7      ;            ;          ; GND                                                                                                                                   ; gnd    ;                                   ;         ; --       ;                 ; --       ; --           ; --            ;
; CB10     ;            ;          ; GND                                                                                                                                   ; gnd    ;                                   ;         ; --       ;                 ; --       ; --           ; --            ;
; CB13     ;            ;          ; GND                                                                                                                                   ; gnd    ;                                   ;         ; --       ;                 ; --       ; --           ; --            ;
; CB123    ;            ;          ; GND                                                                                                                                   ; gnd    ;                                   ;         ; --       ;                 ; --       ; --           ; --            ;
; CB126    ;            ;          ; GND                                                                                                                                   ; gnd    ;                                   ;         ; --       ;                 ; --       ; --           ; --            ;
; CB129    ;            ;          ; GND                                                                                                                                   ; gnd    ;                                   ;         ; --       ;                 ; --       ; --           ; --            ;
; CB131    ;            ;          ; GND                                                                                                                                   ; gnd    ;                                   ;         ; --       ;                 ; --       ; --           ; --            ;
; CC19     ; 187        ; 2B_T     ; RESERVED_INPUT_WITHOUT_WEAK_PULLUP                                                                                                    ;        ;                                   ; 1.2V    ; --       ;                 ; no       ; On           ; 106ps         ;
; CC22     ; 192        ; 2B_T     ; RESERVED_INPUT_WITHOUT_WEAK_PULLUP                                                                                                    ;        ;                                   ; 1.2V    ; --       ;                 ; no       ; On           ; 104ps         ;
; CC28     ; 193        ; 2B_T     ; RESERVED_INPUT_WITHOUT_WEAK_PULLUP                                                                                                    ;        ;                                   ; 1.2V    ; --       ;                 ; no       ; On           ; 99ps          ;
; CC31     ; 195        ; 2B_T     ; RESERVED_INPUT_WITHOUT_WEAK_PULLUP                                                                                                    ;        ;                                   ; 1.2V    ; --       ;                 ; no       ; On           ; 86ps          ;
; CC38     ;            ;          ; GND                                                                                                                                   ; gnd    ;                                   ;         ; --       ;                 ; --       ; --           ; --            ;
; CC41     ; 250        ; 2B_B     ; RESERVED_INPUT_WITHOUT_WEAK_PULLUP                                                                                                    ;        ;                                   ; 1.2V    ; --       ;                 ; no       ; On           ; 84ps          ;
; CC49     ;            ;          ; GND                                                                                                                                   ; gnd    ;                                   ;         ; --       ;                 ; --       ; --           ; --            ;
; CC52     ; 256        ; 2B_B     ; RESERVED_INPUT_WITHOUT_WEAK_PULLUP                                                                                                    ;        ;                                   ; 1.2V    ; --       ;                 ; no       ; On           ; 82ps          ;
; CC59     ;            ;          ; GND                                                                                                                                   ; gnd    ;                                   ;         ; --       ;                 ; --       ; --           ; --            ;
; CC62     ; 94         ; 2A_T     ; RESERVED_INPUT_WITHOUT_WEAK_PULLUP                                                                                                    ;        ;                                   ; 1.1V    ; --       ;                 ; no       ; On           ; 85ps          ;
; CC69     ;            ;          ; GND                                                                                                                                   ; gnd    ;                                   ;         ; --       ;                 ; --       ; --           ; --            ;
; CC71     ; 99         ; 2A_T     ; RESERVED_INPUT_WITHOUT_WEAK_PULLUP                                                                                                    ;        ;                                   ; 1.1V    ; --       ;                 ; no       ; On           ; 89ps          ;
; CC78     ;            ;          ; GND                                                                                                                                   ; gnd    ;                                   ;         ; --       ;                 ; --       ; --           ; --            ;
; CC81     ; 164        ; 2A_B     ; RESERVED_INPUT_WITHOUT_WEAK_PULLUP                                                                                                    ;        ;                                   ; 1.1V    ; --       ;                 ; no       ; On           ; 85ps          ;
; CC89     ;            ;          ; GND                                                                                                                                   ; gnd    ;                                   ;         ; --       ;                 ; --       ; --           ; --            ;
; CC92     ; 173        ; 2A_B     ; RESERVED_INPUT_WITHOUT_WEAK_PULLUP                                                                                                    ;        ;                                   ; 1.1V    ; --       ;                 ; no       ; On           ; 99ps          ;
; CC99     ;            ;          ; GND                                                                                                                                   ; gnd    ;                                   ;         ; --       ;                 ; --       ; --           ; --            ;
; CC102    ; 20         ; SDM      ; ~ALTERA_AVSTx8_READY~                                                                                                                 ; output ; 1.8-V                             ;         ; --       ; N               ; no       ; Off          ; 97ps          ;
; CC109    ;            ;          ; GND                                                                                                                                   ; gnd    ;                                   ;         ; --       ;                 ; --       ; --           ; --            ;
; CC112    ;            ;          ; GND                                                                                                                                   ; gnd    ;                                   ;         ; --       ;                 ; --       ; --           ; --            ;
; CC118    ;            ;          ; GND                                                                                                                                   ; gnd    ;                                   ;         ; --       ;                 ; --       ; --           ; --            ;
; CD134    ; 478        ; 5A       ; RESERVED_INPUT_WITHOUT_WEAK_PULLUP                                                                                                    ;        ;                                   ; 3.3V    ; --       ;                 ; no       ; On           ; 128ps         ;
; CD135    ; 479        ; 5A       ; RESERVED_INPUT_WITHOUT_WEAK_PULLUP                                                                                                    ;        ;                                   ; 3.3V    ; --       ;                 ; no       ; On           ; 134ps         ;
; CE1      ;            ;          ; GND                                                                                                                                   ; gnd    ;                                   ;         ; --       ;                 ; --       ; --           ; --            ;
; CE3      ;            ;          ; GND                                                                                                                                   ; gnd    ;                                   ;         ; --       ;                 ; --       ; --           ; --            ;
; CE5      ;            ;          ; GND                                                                                                                                   ; gnd    ;                                   ;         ; --       ;                 ; --       ; --           ; --            ;
; CF9      ; 542        ; 6A       ; RESERVED_INPUT_WITHOUT_WEAK_PULLUP                                                                                                    ;        ;                                   ; 3.3V    ; --       ;                 ; no       ; On           ; 120ps         ;
; CF12     ; 540        ; 6A       ; RESERVED_INPUT_WITHOUT_WEAK_PULLUP                                                                                                    ;        ;                                   ; 3.3V    ; --       ;                 ; no       ; On           ; 119ps         ;
; CF19     ; 188        ; 2B_T     ; RESERVED_INPUT_WITHOUT_WEAK_PULLUP                                                                                                    ;        ;                                   ; 1.2V    ; --       ;                 ; no       ; On           ; 107ps         ;
; CF22     ; 190        ; 2B_T     ; RESERVED_INPUT_WITHOUT_WEAK_PULLUP                                                                                                    ;        ;                                   ; 1.2V    ; --       ;                 ; no       ; On           ; 113ps         ;
; CF28     ; 194        ; 2B_T     ; RESERVED_INPUT_WITHOUT_WEAK_PULLUP                                                                                                    ;        ;                                   ; 1.2V    ; --       ;                 ; no       ; On           ; 100ps         ;
; CF31     ; 197        ; 2B_T     ; RESERVED_INPUT_WITHOUT_WEAK_PULLUP                                                                                                    ;        ;                                   ; 1.2V    ; --       ;                 ; no       ; On           ; 98ps          ;
; CF38     ; 247        ; 2B_B     ; RESERVED_INPUT_WITHOUT_WEAK_PULLUP                                                                                                    ;        ;                                   ; 1.2V    ; --       ;                 ; no       ; On           ; 95ps          ;
; CF41     ; 251        ; 2B_B     ; RESERVED_INPUT_WITHOUT_WEAK_PULLUP                                                                                                    ;        ;                                   ; 1.2V    ; --       ;                 ; no       ; On           ; 95ps          ;
; CF49     ; 254        ; 2B_B     ; RESERVED_INPUT_WITHOUT_WEAK_PULLUP                                                                                                    ;        ;                                   ; 1.2V    ; --       ;                 ; no       ; On           ; 93ps          ;
; CF52     ; 258        ; 2B_B     ; RESERVED_INPUT_WITHOUT_WEAK_PULLUP                                                                                                    ;        ;                                   ; 1.2V    ; --       ;                 ; no       ; On           ; 93ps          ;
; CF59     ; 91         ; 2A_T     ; RESERVED_INPUT_WITHOUT_WEAK_PULLUP                                                                                                    ;        ;                                   ; 1.1V    ; --       ;                 ; no       ; On           ; 93ps          ;
; CF62     ; 93         ; 2A_T     ; RESERVED_INPUT_WITHOUT_WEAK_PULLUP                                                                                                    ;        ;                                   ; 1.1V    ; --       ;                 ; no       ; On           ; 93ps          ;
; CF69     ; 96         ; 2A_T     ; RESERVED_INPUT_WITHOUT_WEAK_PULLUP                                                                                                    ;        ;                                   ; 1.1V    ; --       ;                 ; no       ; On           ; 97ps          ;
; CF71     ; 101        ; 2A_T     ; RESERVED_INPUT_WITHOUT_WEAK_PULLUP                                                                                                    ;        ;                                   ; 1.1V    ; --       ;                 ; no       ; On           ; 97ps          ;
; CF78     ; 162        ; 2A_B     ; RESERVED_INPUT_WITHOUT_WEAK_PULLUP                                                                                                    ;        ;                                   ; 1.1V    ; --       ;                 ; no       ; On           ; 98ps          ;
; CF81     ; 167        ; 2A_B     ; RESERVED_INPUT_WITHOUT_WEAK_PULLUP                                                                                                    ;        ;                                   ; 1.1V    ; --       ;                 ; no       ; On           ; 96ps          ;
; CF89     ; 168        ; 2A_B     ; RESERVED_INPUT_WITHOUT_WEAK_PULLUP                                                                                                    ;        ;                                   ; 1.1V    ; --       ;                 ; no       ; On           ; 110ps         ;
; CF92     ; 171        ; 2A_B     ; RESERVED_INPUT_WITHOUT_WEAK_PULLUP                                                                                                    ;        ;                                   ; 1.1V    ; --       ;                 ; no       ; On           ; 109ps         ;
; CF99     ; 12         ; SDM      ; ~ALTERA_AVSTx8_VALID~ / RESERVED_INPUT                                                                                                ; input  ; 1.8-V                             ;         ; --       ; N               ; no       ; Off          ; 100ps         ;
; CF102    ; 18         ; SDM      ; ~ALTERA_AVSTx8_DATA4~ / RESERVED_INPUT                                                                                                ; input  ; 1.8-V                             ;         ; --       ; N               ; no       ; Off          ; 100ps         ;
; CF109    ; 23         ; SDM      ; ~ALTERA_AVSTx8_CLK~ / RESERVED_INPUT                                                                                                  ; input  ; 1.8-V                             ;         ; --       ; N               ; no       ; Off          ; 118ps         ;
; CF112    ; 6          ; SDM      ; ~ALTERA_MSEL0,CONF_DONE~                                                                                                              ; bidir  ; 1.8-V                             ;         ; --       ; N               ; no       ; Off          ; 132ps         ;
; CF118    ; 489        ; 5A       ; RESERVED_INPUT_WITHOUT_WEAK_PULLUP                                                                                                    ;        ;                                   ; 3.3V    ; --       ;                 ; no       ; On           ; 105ps         ;
; CF121    ; 488        ; 5A       ; RESERVED_INPUT_WITHOUT_WEAK_PULLUP                                                                                                    ;        ;                                   ; 3.3V    ; --       ;                 ; no       ; On           ; 111ps         ;
; CF128    ; 484        ; 5A       ; RESERVED_INPUT_WITHOUT_WEAK_PULLUP                                                                                                    ;        ;                                   ; 3.3V    ; --       ;                 ; no       ; On           ; 117ps         ;
; CF132    ; 483        ; 5A       ; RESERVED_INPUT_WITHOUT_WEAK_PULLUP                                                                                                    ;        ;                                   ; 3.3V    ; --       ;                 ; no       ; On           ; 126ps         ;
; CG134    ; 480        ; 5A       ; RESERVED_INPUT_WITHOUT_WEAK_PULLUP                                                                                                    ;        ;                                   ; 3.3V    ; --       ;                 ; no       ; On           ; 131ps         ;
; CG135    ; 481        ; 5A       ; RESERVED_INPUT_WITHOUT_WEAK_PULLUP                                                                                                    ;        ;                                   ; 3.3V    ; --       ;                 ; no       ; On           ; 131ps         ;
; CH4      ; 562        ; 6B       ; RESERVED_INPUT_WITHOUT_WEAK_PULLUP                                                                                                    ;        ;                                   ; 3.3V    ; --       ;                 ; no       ; On           ; 120ps         ;
; CH9      ;            ;          ; GND                                                                                                                                   ; gnd    ;                                   ;         ; --       ;                 ; --       ; --           ; --            ;
; CH12     ; 535        ; 6A       ; RESERVED_INPUT_WITHOUT_WEAK_PULLUP                                                                                                    ;        ;                                   ; 3.3V    ; --       ;                 ; no       ; On           ; 118ps         ;
; CH19     ;            ;          ; GND                                                                                                                                   ; gnd    ;                                   ;         ; --       ;                 ; --       ; --           ; --            ;
; CH22     ; 189        ; 2B_T     ; RESERVED_INPUT_WITHOUT_WEAK_PULLUP                                                                                                    ;        ;                                   ; 1.2V    ; --       ;                 ; no       ; On           ; 113ps         ;
; CH28     ;            ;          ; GND                                                                                                                                   ; gnd    ;                                   ;         ; --       ;                 ; --       ; --           ; --            ;
; CH31     ; 198        ; 2B_T     ; RESERVED_INPUT_WITHOUT_WEAK_PULLUP                                                                                                    ;        ;                                   ; 1.2V    ; --       ;                 ; no       ; On           ; 99ps          ;
; CH38     ; 248        ; 2B_B     ; RESERVED_INPUT_WITHOUT_WEAK_PULLUP                                                                                                    ;        ;                                   ; 1.2V    ; --       ;                 ; no       ; On           ; 96ps          ;
; CH41     ; 252        ; 2B_B     ; RESERVED_INPUT_WITHOUT_WEAK_PULLUP                                                                                                    ;        ;                                   ; 1.2V    ; --       ;                 ; no       ; On           ; 96ps          ;
; CH49     ; 253        ; 2B_B     ; RESERVED_INPUT_WITHOUT_WEAK_PULLUP                                                                                                    ;        ;                                   ; 1.2V    ; --       ;                 ; no       ; On           ; 92ps          ;
; CH52     ; 257        ; 2B_B     ; RESERVED_INPUT_WITHOUT_WEAK_PULLUP                                                                                                    ;        ;                                   ; 1.2V    ; --       ;                 ; no       ; On           ; 92ps          ;
; CH59     ; 90         ; 2A_T     ; RESERVED_INPUT_WITHOUT_WEAK_PULLUP                                                                                                    ;        ;                                   ; 1.1V    ; --       ;                 ; no       ; On           ; 93ps          ;
; CH62     ; 92         ; 2A_T     ; RESERVED_INPUT_WITHOUT_WEAK_PULLUP                                                                                                    ;        ;                                   ; 1.1V    ; --       ;                 ; no       ; On           ; 93ps          ;
; CH69     ; 97         ; 2A_T     ; RESERVED_INPUT_WITHOUT_WEAK_PULLUP                                                                                                    ;        ;                                   ; 1.1V    ; --       ;                 ; no       ; On           ; 98ps          ;
; CH71     ; 100        ; 2A_T     ; RESERVED_INPUT_WITHOUT_WEAK_PULLUP                                                                                                    ;        ;                                   ; 1.1V    ; --       ;                 ; no       ; On           ; 97ps          ;
; CH78     ; 163        ; 2A_B     ; RESERVED_INPUT_WITHOUT_WEAK_PULLUP                                                                                                    ;        ;                                   ; 1.1V    ; --       ;                 ; no       ; On           ; 98ps          ;
; CH81     ; 166        ; 2A_B     ; RESERVED_INPUT_WITHOUT_WEAK_PULLUP                                                                                                    ;        ;                                   ; 1.1V    ; --       ;                 ; no       ; On           ; 96ps          ;
; CH89     ; 169        ; 2A_B     ; RESERVED_INPUT_WITHOUT_WEAK_PULLUP                                                                                                    ;        ;                                   ; 1.1V    ; --       ;                 ; no       ; On           ; 110ps         ;
; CH92     ; 170        ; 2A_B     ; RESERVED_INPUT_WITHOUT_WEAK_PULLUP                                                                                                    ;        ;                                   ; 1.1V    ; --       ;                 ; no       ; On           ; 108ps         ;
; CH99     ; 7          ; SDM      ; ~ALTERA_AVSTx8_DATA3~ / RESERVED_INPUT                                                                                                ; input  ; 1.8-V                             ;         ; --       ; N               ; no       ; Off          ; 104ps         ;
; CH102    ;            ;          ; GND                                                                                                                                   ; gnd    ;                                   ;         ; --       ;                 ; --       ; --           ; --            ;
; CH109    ; 19         ; SDM      ; ~ALTERA_AVSTx8_DATA7~ / RESERVED_INPUT                                                                                                ; input  ; 1.8-V                             ;         ; --       ; N               ; no       ; Off          ; 124ps         ;
; CH112    ;            ;          ; GND                                                                                                                                   ; gnd    ;                                   ;         ; --       ;                 ; --       ; --           ; --            ;
; CH118    ;            ;          ; GND                                                                                                                                   ; gnd    ;                                   ;         ; --       ;                 ; --       ; --           ; --            ;
; CH121    ;            ;          ; GND                                                                                                                                   ; gnd    ;                                   ;         ; --       ;                 ; --       ; --           ; --            ;
; CH128    ; 486        ; 5A       ; RESERVED_INPUT_WITHOUT_WEAK_PULLUP                                                                                                    ;        ;                                   ; 3.3V    ; --       ;                 ; no       ; On           ; 116ps         ;
; CH132    ; 482        ; 5A       ; RESERVED_INPUT_WITHOUT_WEAK_PULLUP                                                                                                    ;        ;                                   ; 3.3V    ; --       ;                 ; no       ; On           ; 125ps         ;
; CJ1      ;            ;          ; GND                                                                                                                                   ; gnd    ;                                   ;         ; --       ;                 ; --       ; --           ; --            ;
; CJ2      ; 560        ; 6B       ; RESERVED_INPUT_WITHOUT_WEAK_PULLUP                                                                                                    ;        ;                                   ; 3.3V    ; --       ;                 ; no       ; On           ; 125ps         ;
; CJ134    ;            ;          ; GND                                                                                                                                   ; gnd    ;                                   ;         ; --       ;                 ; --       ; --           ; --            ;
; CJ135    ;            ;          ; GND                                                                                                                                   ; gnd    ;                                   ;         ; --       ;                 ; --       ; --           ; --            ;
; CK1      ;            ;          ; GND                                                                                                                                   ; gnd    ;                                   ;         ; --       ;                 ; --       ; --           ; --            ;
; CK2      ; 559        ; 6B       ; RESERVED_INPUT_WITHOUT_WEAK_PULLUP                                                                                                    ;        ;                                   ; 3.3V    ; --       ;                 ; no       ; On           ; 124ps         ;
; CK4      ; 561        ; 6B       ; RESERVED_INPUT_WITHOUT_WEAK_PULLUP                                                                                                    ;        ;                                   ; 3.3V    ; --       ;                 ; no       ; On           ; 127ps         ;
; CK6      ;            ;          ; GND                                                                                                                                   ; gnd    ;                                   ;         ; --       ;                 ; --       ; --           ; --            ;
; CK8      ; 200        ; 2B_T     ; RESERVED_INPUT_WITHOUT_WEAK_PULLUP                                                                                                    ;        ;                                   ; 1.2V    ; --       ;                 ; no       ; On           ; 144ps         ;
; CK11     ; 202        ; 2B_T     ; RESERVED_INPUT_WITHOUT_WEAK_PULLUP                                                                                                    ;        ;                                   ; 1.2V    ; --       ;                 ; no       ; On           ; 139ps         ;
; CK14     ;            ;          ; GND                                                                                                                                   ; gnd    ;                                   ;         ; --       ;                 ; --       ; --           ; --            ;
; CK17     ; 206        ; 2B_T     ; RESERVED_INPUT_WITHOUT_WEAK_PULLUP                                                                                                    ;        ;                                   ; 1.2V    ; --       ;                 ; no       ; On           ; 130ps         ;
; CK20     ; 207        ; 2B_T     ; RESERVED_INPUT_WITHOUT_WEAK_PULLUP                                                                                                    ;        ;                                   ; 1.2V    ; --       ;                 ; no       ; On           ; 124ps         ;
; CK23     ;            ;          ; GND                                                                                                                                   ; gnd    ;                                   ;         ; --       ;                 ; --       ; --           ; --            ;
; CK26     ; 209        ; 2B_T     ; RESERVED_INPUT_WITHOUT_WEAK_PULLUP                                                                                                    ;        ;                                   ; 1.2V    ; --       ;                 ; no       ; On           ; 123ps         ;
; CK30     ; 260        ; 2B_B     ; RESERVED_INPUT_WITHOUT_WEAK_PULLUP                                                                                                    ;        ;                                   ; 1.2V    ; --       ;                 ; no       ; On           ; 123ps         ;
; CK33     ; 262        ; 2B_B     ; RESERVED_INPUT_WITHOUT_WEAK_PULLUP                                                                                                    ;        ;                                   ; 1.2V    ; --       ;                 ; no       ; On           ; 118ps         ;
; CK35     ; 264        ; 2B_B     ; RESERVED_INPUT_WITHOUT_WEAK_PULLUP                                                                                                    ;        ;                                   ; 1.2V    ; --       ;                 ; no       ; On           ; 111ps         ;
; CK39     ; 266        ; 2B_B     ; RESERVED_INPUT_WITHOUT_WEAK_PULLUP                                                                                                    ;        ;                                   ; 1.2V    ; --       ;                 ; no       ; On           ; 115ps         ;
; CK42     ;            ;          ; GND                                                                                                                                   ; gnd    ;                                   ;         ; --       ;                 ; --       ; --           ; --            ;
; CK45     ; 269        ; 2B_B     ; RESERVED_INPUT_WITHOUT_WEAK_PULLUP                                                                                                    ;        ;                                   ; 1.2V    ; --       ;                 ; no       ; On           ; 114ps         ;
; CK48     ; 268        ; 2B_B     ; RESERVED_INPUT_WITHOUT_WEAK_PULLUP                                                                                                    ;        ;                                   ; 1.2V    ; --       ;                 ; no       ; On           ; 108ps         ;
; CK51     ;            ;          ; GND                                                                                                                                   ; gnd    ;                                   ;         ; --       ;                 ; --       ; --           ; --            ;
; CK54     ; 271        ; 2B_B     ; RESERVED_INPUT_WITHOUT_WEAK_PULLUP                                                                                                    ;        ;                                   ; 1.2V    ; --       ;                 ; no       ; On           ; 102ps         ;
; CK56     ; 274        ; 2B_B     ; RESERVED_INPUT_WITHOUT_WEAK_PULLUP                                                                                                    ;        ;                                   ; 1.2V    ; --       ;                 ; no       ; On           ; 106ps         ;
; CK60     ;            ;          ; GND                                                                                                                                   ; gnd    ;                                   ;         ; --       ;                 ; --       ; --           ; --            ;
; CK63     ; 278        ; 2B_B     ; RESERVED_INPUT_WITHOUT_WEAK_PULLUP                                                                                                    ;        ;                                   ; 1.2V    ; --       ;                 ; no       ; On           ; 107ps         ;
; CK66     ; 282        ; 2B_B     ; RESERVED_INPUT_WITHOUT_WEAK_PULLUP                                                                                                    ;        ;                                   ; 1.2V    ; --       ;                 ; no       ; On           ; 111ps         ;
; CK70     ;            ;          ; GND                                                                                                                                   ; gnd    ;                                   ;         ; --       ;                 ; --       ; --           ; --            ;
; CK73     ; 280        ; 2B_B     ; RESERVED_INPUT_WITHOUT_WEAK_PULLUP                                                                                                    ;        ;                                   ; 1.2V    ; --       ;                 ; no       ; On           ; 104ps         ;
; CK76     ; 175        ; 2A_B     ; RESERVED_INPUT_WITHOUT_WEAK_PULLUP                                                                                                    ;        ;                                   ; 1.1V    ; --       ;                 ; no       ; On           ; 113ps         ;
; CK80     ; 177        ; 2A_B     ; RESERVED_INPUT_WITHOUT_WEAK_PULLUP                                                                                                    ;        ;                                   ; 1.1V    ; --       ;                 ; no       ; On           ; 107ps         ;
; CK82     ;            ;          ; GND                                                                                                                                   ; gnd    ;                                   ;         ; --       ;                 ; --       ; --           ; --            ;
; CK85     ; 179        ; 2A_B     ; RESERVED_INPUT_WITHOUT_WEAK_PULLUP                                                                                                    ;        ;                                   ; 1.1V    ; --       ;                 ; no       ; On           ; 104ps         ;
; CK88     ; 180        ; 2A_B     ; RESERVED_INPUT_WITHOUT_WEAK_PULLUP                                                                                                    ;        ;                                   ; 1.1V    ; --       ;                 ; no       ; On           ; 124ps         ;
; CK91     ;            ;          ; GND                                                                                                                                   ; gnd    ;                                   ;         ; --       ;                 ; --       ; --           ; --            ;
; CK94     ; 184        ; 2A_B     ; RESERVED_INPUT_WITHOUT_WEAK_PULLUP                                                                                                    ;        ;                                   ; 1.1V    ; --       ;                 ; no       ; On           ; 121ps         ;
; CK97     ; 183        ; 2A_B     ; RESERVED_INPUT_WITHOUT_WEAK_PULLUP                                                                                                    ;        ;                                   ; 1.1V    ; --       ;                 ; no       ; On           ; 117ps         ;
; CK101    ;            ;          ; DNU                                                                                                                                   ;        ;                                   ;         ; --       ;                 ; --       ; --           ; --            ;
; CK103    ;            ;          ; DNU                                                                                                                                   ;        ;                                   ;         ; --       ;                 ; --       ; --           ; --            ;
; CK106    ;            ;          ; GND                                                                                                                                   ; gnd    ;                                   ;         ; --       ;                 ; --       ; --           ; --            ;
; CK110    ;            ;          ; GND                                                                                                                                   ; gnd    ;                                   ;         ; --       ;                 ; --       ; --           ; --            ;
; CK113    ; 38         ; SDM      ; ^VSIGP_1                                                                                                                              ;        ;                                   ;         ; --       ;                 ; --       ; --           ; 118ps         ;
; CK116    ; 35         ; SDM      ; ^VREFN_ADC                                                                                                                            ;        ;                                   ;         ; --       ;                 ; --       ; --           ; 130ps         ;
; CK119    ; 36         ; SDM      ; ^VSIGP_0                                                                                                                              ;        ;                                   ;         ; --       ;                 ; --       ; --           ; 129ps         ;
; CK122    ;            ;          ; GND                                                                                                                                   ; gnd    ;                                   ;         ; --       ;                 ; --       ; --           ; --            ;
; CK125    ; 496        ; 5A       ; RESERVED_INPUT_WITHOUT_WEAK_PULLUP                                                                                                    ;        ;                                   ; 3.3V    ; --       ;                 ; no       ; On           ; 121ps         ;
; CK128    ; 497        ; 5A       ; RESERVED_INPUT_WITHOUT_WEAK_PULLUP                                                                                                    ;        ;                                   ; 3.3V    ; --       ;                 ; no       ; On           ; 119ps         ;
; CK130    ;            ;          ; GND                                                                                                                                   ; gnd    ;                                   ;         ; --       ;                 ; --       ; --           ; --            ;
; CK132    ;            ;          ; GND                                                                                                                                   ; gnd    ;                                   ;         ; --       ;                 ; --       ; --           ; --            ;
; CK134    ; 485        ; 5A       ; RESERVED_INPUT_WITHOUT_WEAK_PULLUP                                                                                                    ;        ;                                   ; 3.3V    ; --       ;                 ; no       ; On           ; 128ps         ;
; CK135    ;            ;          ; GND                                                                                                                                   ; gnd    ;                                   ;         ; --       ;                 ; --       ; --           ; --            ;
; CL2      ;            ;          ; GND                                                                                                                                   ; gnd    ;                                   ;         ; --       ;                 ; --       ; --           ; --            ;
; CL4      ;            ;          ; GND                                                                                                                                   ; gnd    ;                                   ;         ; --       ;                 ; --       ; --           ; --            ;
; CL6      ; 199        ; 2B_T     ; RESERVED_INPUT_WITHOUT_WEAK_PULLUP                                                                                                    ;        ;                                   ; 1.2V    ; --       ;                 ; no       ; On           ; 143ps         ;
; CL8      ; 201        ; 2B_T     ; RESERVED_INPUT_WITHOUT_WEAK_PULLUP                                                                                                    ;        ;                                   ; 1.2V    ; --       ;                 ; no       ; On           ; 139ps         ;
; CL11     ; 203        ; 2B_T     ; RESERVED_INPUT_WITHOUT_WEAK_PULLUP                                                                                                    ;        ;                                   ; 1.2V    ; --       ;                 ; no       ; On           ; 135ps         ;
; CL14     ; 204        ; 2B_T     ; RESERVED_INPUT_WITHOUT_WEAK_PULLUP                                                                                                    ;        ;                                   ; 1.2V    ; --       ;                 ; no       ; On           ; 135ps         ;
; CL17     ; 205        ; 2B_T     ; RESERVED_INPUT_WITHOUT_WEAK_PULLUP                                                                                                    ;        ;                                   ; 1.2V    ; --       ;                 ; no       ; On           ; 130ps         ;
; CL20     ; 208        ; 2B_T     ; RESERVED_INPUT_WITHOUT_WEAK_PULLUP                                                                                                    ;        ;                                   ; 1.2V    ; --       ;                 ; no       ; On           ; 126ps         ;
; CL23     ; 210        ; 2B_T     ; RESERVED_INPUT_WITHOUT_WEAK_PULLUP                                                                                                    ;        ;                                   ; 1.2V    ; --       ;                 ; no       ; On           ; 125ps         ;
; CL26     ; 259        ; 2B_B     ; RESERVED_INPUT_WITHOUT_WEAK_PULLUP                                                                                                    ;        ;                                   ; 1.2V    ; --       ;                 ; no       ; On           ; 124ps         ;
; CL30     ; 261        ; 2B_B     ; RESERVED_INPUT_WITHOUT_WEAK_PULLUP                                                                                                    ;        ;                                   ; 1.2V    ; --       ;                 ; no       ; On           ; 119ps         ;
; CL33     ;            ;          ; GND                                                                                                                                   ; gnd    ;                                   ;         ; --       ;                 ; --       ; --           ; --            ;
; CL35     ; 263        ; 2B_B     ; RESERVED_INPUT_WITHOUT_WEAK_PULLUP                                                                                                    ;        ;                                   ; 1.2V    ; --       ;                 ; no       ; On           ; 111ps         ;
; CL39     ; 265        ; 2B_B     ; RESERVED_INPUT_WITHOUT_WEAK_PULLUP                                                                                                    ;        ;                                   ; 1.2V    ; --       ;                 ; no       ; On           ; 116ps         ;
; CL42     ; 270        ; 2B_B     ; RESERVED_INPUT_WITHOUT_WEAK_PULLUP                                                                                                    ;        ;                                   ; 1.2V    ; --       ;                 ; no       ; On           ; 115ps         ;
; CL45     ; 267        ; 2B_B     ; RESERVED_INPUT_WITHOUT_WEAK_PULLUP                                                                                                    ;        ;                                   ; 1.2V    ; --       ;                 ; no       ; On           ; 108ps         ;
; CL48     ;            ;          ; GND                                                                                                                                   ; gnd    ;                                   ;         ; --       ;                 ; --       ; --           ; --            ;
; CL51     ; 272        ; 2B_B     ; RESERVED_INPUT_WITHOUT_WEAK_PULLUP                                                                                                    ;        ;                                   ; 1.2V    ; --       ;                 ; no       ; On           ; 102ps         ;
; CL54     ; 273        ; 2B_B     ; RESERVED_INPUT_WITHOUT_WEAK_PULLUP                                                                                                    ;        ;                                   ; 1.2V    ; --       ;                 ; no       ; On           ; 107ps         ;
; CL56     ; 276        ; 2B_B     ; RESERVED_INPUT_WITHOUT_WEAK_PULLUP                                                                                                    ;        ;                                   ; 1.2V    ; --       ;                 ; no       ; On           ; 113ps         ;
; CL60     ; 275        ; 2B_B     ; RESERVED_INPUT_WITHOUT_WEAK_PULLUP                                                                                                    ;        ;                                   ; 1.2V    ; --       ;                 ; no       ; On           ; 111ps         ;
; CL63     ;            ;          ; GND                                                                                                                                   ; gnd    ;                                   ;         ; --       ;                 ; --       ; --           ; --            ;
; CL66     ; 277        ; 2B_B     ; RESERVED_INPUT_WITHOUT_WEAK_PULLUP                                                                                                    ;        ;                                   ; 1.2V    ; --       ;                 ; no       ; On           ; 107ps         ;
; CL70     ; 281        ; 2B_B     ; RESERVED_INPUT_WITHOUT_WEAK_PULLUP                                                                                                    ;        ;                                   ; 1.2V    ; --       ;                 ; no       ; On           ; 112ps         ;
; CL73     ; 279        ; 2B_B     ; RESERVED_INPUT_WITHOUT_WEAK_PULLUP                                                                                                    ;        ;                                   ; 1.2V    ; --       ;                 ; no       ; On           ; 104ps         ;
; CL76     ; 174        ; 2A_B     ; RESERVED_INPUT_WITHOUT_WEAK_PULLUP                                                                                                    ;        ;                                   ; 1.1V    ; --       ;                 ; no       ; On           ; 113ps         ;
; CL80     ;            ;          ; GND                                                                                                                                   ; gnd    ;                                   ;         ; --       ;                 ; --       ; --           ; --            ;
; CL82     ; 176        ; 2A_B     ; RESERVED_INPUT_WITHOUT_WEAK_PULLUP                                                                                                    ;        ;                                   ; 1.1V    ; --       ;                 ; no       ; On           ; 107ps         ;
; CL85     ; 178        ; 2A_B     ; RESERVED_INPUT_WITHOUT_WEAK_PULLUP                                                                                                    ;        ;                                   ; 1.1V    ; --       ;                 ; no       ; On           ; 104ps         ;
; CL88     ; 181        ; 2A_B     ; RESERVED_INPUT_WITHOUT_WEAK_PULLUP                                                                                                    ;        ;                                   ; 1.1V    ; --       ;                 ; no       ; On           ; 126ps         ;
; CL91     ; 185        ; 2A_B     ; RESERVED_INPUT_WITHOUT_WEAK_PULLUP                                                                                                    ;        ;                                   ; 1.1V    ; --       ;                 ; no       ; On           ; 123ps         ;
; CL94     ;            ;          ; GND                                                                                                                                   ; gnd    ;                                   ;         ; --       ;                 ; --       ; --           ; --            ;
; CL97     ; 182        ; 2A_B     ; RESERVED_INPUT_WITHOUT_WEAK_PULLUP                                                                                                    ;        ;                                   ; 1.1V    ; --       ;                 ; no       ; On           ; 117ps         ;
; CL101    ;            ;          ; DNU                                                                                                                                   ;        ;                                   ;         ; --       ;                 ; --       ; --           ; --            ;
; CL103    ; 24         ; SDM      ; ^RREF_SDM                                                                                                                             ;        ;                                   ;         ; --       ;                 ; --       ; --           ; 131ps         ;
; CL106    ;            ;          ; DNU                                                                                                                                   ;        ;                                   ;         ; --       ;                 ; --       ; --           ; --            ;
; CL110    ;            ;          ; GND                                                                                                                                   ; gnd    ;                                   ;         ; --       ;                 ; --       ; --           ; --            ;
; CL113    ; 39         ; SDM      ; ^VSIGN_1                                                                                                                              ;        ;                                   ;         ; --       ;                 ; --       ; --           ; 121ps         ;
; CL116    ; 34         ; SDM      ; ^VREFP_ADC                                                                                                                            ;        ;                                   ;         ; --       ;                 ; --       ; --           ; 129ps         ;
; CL119    ; 37         ; SDM      ; ^VSIGN_0                                                                                                                              ;        ;                                   ;         ; --       ;                 ; --       ; --           ; 131ps         ;
; CL122    ;            ;          ; GND                                                                                                                                   ; gnd    ;                                   ;         ; --       ;                 ; --       ; --           ; --            ;
; CL125    ; 487        ; 5A       ; RESERVED_INPUT_WITHOUT_WEAK_PULLUP                                                                                                    ;        ;                                   ; 3.3V    ; --       ;                 ; no       ; On           ; 129ps         ;
; CL128    ; 494        ; 5A       ; RESERVED_INPUT_WITHOUT_WEAK_PULLUP                                                                                                    ;        ;                                   ; 3.3V    ; --       ;                 ; no       ; On           ; 127ps         ;
; CL130    ; 495        ; 5A       ; RESERVED_INPUT_WITHOUT_WEAK_PULLUP                                                                                                    ;        ;                                   ; 3.3V    ; --       ;                 ; no       ; On           ; 130ps         ;
; CL132    ;            ;          ; GND                                                                                                                                   ; gnd    ;                                   ;         ; --       ;                 ; --       ; --           ; --            ;
; CL134    ;            ;          ; GND                                                                                                                                   ; gnd    ;                                   ;         ; --       ;                 ; --       ; --           ; --            ;
; D4       ; 581        ; 6C       ; RESERVED_INPUT_WITHOUT_WEAK_PULLUP                                                                                                    ;        ;                                   ; 3.3V    ; --       ;                 ; no       ; On           ; 122ps         ;
; D8       ; 576        ; 6C       ; RESERVED_INPUT_WITHOUT_WEAK_PULLUP                                                                                                    ;        ;                                   ; 3.3V    ; --       ;                 ; no       ; On           ; 112ps         ;
; D15      ; 573        ; 6C       ; RESERVED_INPUT_WITHOUT_WEAK_PULLUP                                                                                                    ;        ;                                   ; 3.3V    ; --       ;                 ; no       ; On           ; 109ps         ;
; D18      ;            ;          ; GND                                                                                                                                   ; gnd    ;                                   ;         ; --       ;                 ; --       ; --           ; --            ;
; D24      ; 571        ; 6C       ; RESERVED_INPUT_WITHOUT_WEAK_PULLUP                                                                                                    ;        ;                                   ; 3.3V    ; --       ;                 ; no       ; On           ; 98ps          ;
; D27      ;            ;          ; GND                                                                                                                                   ; gnd    ;                                   ;         ; --       ;                 ; --       ; --           ; --            ;
; D34      ; 606        ; 6D       ; phy_resetn                                                                                                                            ; output ; 1.8-V LVCMOS                      ; 1.8V    ; --       ; Y               ; no       ; Off          ; 91ps          ;
; D37      ;            ;          ; GND                                                                                                                                   ; gnd    ;                                   ;         ; --       ;                 ; --       ; --           ; --            ;
; D44      ; 394        ; 3B_T     ; RESERVED_INPUT_WITHOUT_WEAK_PULLUP                                                                                                    ;        ;                                   ; 1.2V    ; --       ;                 ; no       ; On           ; 94ps          ;
; D47      ;            ;          ; GND                                                                                                                                   ; gnd    ;                                   ;         ; --       ;                 ; --       ; --           ; --            ;
; D55      ; 399        ; 3B_T     ; RESERVED_INPUT_WITHOUT_WEAK_PULLUP                                                                                                    ;        ;                                   ; 1.2V    ; --       ;                 ; no       ; On           ; 87ps          ;
; D58      ;            ;          ; GND                                                                                                                                   ; gnd    ;                                   ;         ; --       ;                 ; --       ; --           ; --            ;
; D65      ; 453        ; 3B_B     ; RESERVED_INPUT_WITHOUT_WEAK_PULLUP                                                                                                    ;        ;                                   ; 1.2V    ; --       ;                 ; no       ; On           ; 80ps          ;
; D67      ;            ;          ; GND                                                                                                                                   ; gnd    ;                                   ;         ; --       ;                 ; --       ; --           ; --            ;
; D74      ; 460        ; 3B_B     ; RESERVED_INPUT_WITHOUT_WEAK_PULLUP                                                                                                    ;        ;                                   ; 1.2V    ; --       ;                 ; no       ; On           ; 90ps          ;
; D77      ;            ;          ; GND                                                                                                                                   ; gnd    ;                                   ;         ; --       ;                 ; --       ; --           ; --            ;
; D84      ; 296        ; 3A_T     ; RESERVED_INPUT_WITHOUT_WEAK_PULLUP                                                                                                    ;        ;                                   ; 1.2V    ; --       ;                 ; no       ; On           ; 87ps          ;
; D87      ;            ;          ; GND                                                                                                                                   ; gnd    ;                                   ;         ; --       ;                 ; --       ; --           ; --            ;
; D95      ; 302        ; 3A_T     ; RESERVED_INPUT_WITHOUT_WEAK_PULLUP                                                                                                    ;        ;                                   ; 1.2V    ; --       ;                 ; no       ; On           ; 106ps         ;
; D98      ;            ;          ; GND                                                                                                                                   ; gnd    ;                                   ;         ; --       ;                 ; --       ; --           ; --            ;
; D105     ; 360        ; 3A_B     ; RESERVED_INPUT_WITHOUT_WEAK_PULLUP                                                                                                    ;        ;                                   ; 1.2V    ; --       ;                 ; no       ; On           ; 140ps         ;
; D108     ;            ;          ; GND                                                                                                                                   ; gnd    ;                                   ;         ; --       ;                 ; --       ; --           ; --            ;
; D114     ; 362        ; 3A_B     ; RESERVED_INPUT_WITHOUT_WEAK_PULLUP                                                                                                    ;        ;                                   ; 1.2V    ; --       ;                 ; no       ; On           ; 142ps         ;
; D117     ;            ;          ; GND                                                                                                                                   ; gnd    ;                                   ;         ; --       ;                 ; --       ; --           ; --            ;
; D124     ; 87         ; HPS      ; HPS_IOB_24, GPIO1_IO23, SPIM0_SS0_N, SPIS1_MISO, MDIO0_MDC, I2C_EMAC0_SCL, NAND_ADQ15, EMAC2_RXD3, TRACE_D3                           ;        ;                                   ;         ; --       ;                 ; --       ; --           ; 148ps         ;
; D127     ;            ;          ; GND                                                                                                                                   ; gnd    ;                                   ;         ; --       ;                 ; --       ; --           ; --            ;
; D132     ; 66         ; HPS      ; HPS_IOB_3, GPIO1_IO2, SPIM1_MISO, UART0_TX, I2C0_SDA, NAND_WE_N, SDMMC_CLK, EMAC1_RX_CLK, TRACE_D8                                    ;        ;                                   ;         ; --       ;                 ; --       ; --           ; 159ps         ;
; E1       ;            ;          ; GND                                                                                                                                   ; gnd    ;                                   ;         ; --       ;                 ; --       ; --           ; --            ;
; E2       ;            ;          ; GND                                                                                                                                   ; gnd    ;                                   ;         ; --       ;                 ; --       ; --           ; --            ;
; E134     ;            ;          ; GND                                                                                                                                   ; gnd    ;                                   ;         ; --       ;                 ; --       ; --           ; --            ;
; E135     ; 64         ; HPS      ; HPS_IOB_1, GPIO1_IO0, SPIM1_CLK, UART0_CTS_N, EMAC0_PPS0, NAND_ADQ0, SDMMC_DATA0, EMAC1_TX_CLK, TRACE_D10                             ;        ;                                   ;         ; --       ;                 ; --       ; --           ; 159ps         ;
; F4       ; 582        ; 6C       ; RESERVED_INPUT_WITHOUT_WEAK_PULLUP                                                                                                    ;        ;                                   ; 3.3V    ; --       ;                 ; no       ; On           ; 120ps         ;
; F8       ; 578        ; 6C       ; RESERVED_INPUT_WITHOUT_WEAK_PULLUP                                                                                                    ;        ;                                   ; 3.3V    ; --       ;                 ; no       ; On           ; 114ps         ;
; F15      ; 575        ; 6C       ; RESERVED_INPUT_WITHOUT_WEAK_PULLUP                                                                                                    ;        ;                                   ; 3.3V    ; --       ;                 ; no       ; On           ; 104ps         ;
; F18      ; 574        ; 6C       ; RESERVED_INPUT_WITHOUT_WEAK_PULLUP                                                                                                    ;        ;                                   ; 3.3V    ; --       ;                 ; no       ; On           ; 101ps         ;
; F24      ; 569        ; 6C       ; RESERVED_INPUT_WITHOUT_WEAK_PULLUP                                                                                                    ;        ;                                   ; 3.3V    ; --       ;                 ; no       ; On           ; 99ps          ;
; F27      ; 568        ; 6C       ; RESERVED_INPUT_WITHOUT_WEAK_PULLUP                                                                                                    ;        ;                                   ; 3.3V    ; --       ;                 ; no       ; On           ; 88ps          ;
; F34      ;            ;          ; NC                                                                                                                                    ;        ;                                   ;         ; --       ;                 ; --       ; --           ; --            ;
; F37      ;            ;          ; NC                                                                                                                                    ;        ;                                   ;         ; --       ;                 ; --       ; --           ; --            ;
; F44      ; 393        ; 3B_T     ; RESERVED_INPUT_WITHOUT_WEAK_PULLUP                                                                                                    ;        ;                                   ; 1.2V    ; --       ;                 ; no       ; On           ; 94ps          ;
; F47      ; 396        ; 3B_T     ; RESERVED_INPUT_WITHOUT_WEAK_PULLUP                                                                                                    ;        ;                                   ; 1.2V    ; --       ;                 ; no       ; On           ; 94ps          ;
; F55      ; 400        ; 3B_T     ; RESERVED_INPUT_WITHOUT_WEAK_PULLUP                                                                                                    ;        ;                                   ; 1.2V    ; --       ;                 ; no       ; On           ; 87ps          ;
; F58      ; 403        ; 3B_T     ; RESERVED_INPUT_WITHOUT_WEAK_PULLUP                                                                                                    ;        ;                                   ; 1.2V    ; --       ;                 ; no       ; On           ; 88ps          ;
; F65      ; 454        ; 3B_B     ; RESERVED_INPUT_WITHOUT_WEAK_PULLUP                                                                                                    ;        ;                                   ; 1.2V    ; --       ;                 ; no       ; On           ; 81ps          ;
; F67      ; 455        ; 3B_B     ; RESERVED_INPUT_WITHOUT_WEAK_PULLUP                                                                                                    ;        ;                                   ; 1.2V    ; --       ;                 ; no       ; On           ; 76ps          ;
; F74      ; 459        ; 3B_B     ; RESERVED_INPUT_WITHOUT_WEAK_PULLUP                                                                                                    ;        ;                                   ; 1.2V    ; --       ;                 ; no       ; On           ; 89ps          ;
; F77      ; 462        ; 3B_B     ; RESERVED_INPUT_WITHOUT_WEAK_PULLUP                                                                                                    ;        ;                                   ; 1.2V    ; --       ;                 ; no       ; On           ; 84ps          ;
; F84      ; 297        ; 3A_T     ; RESERVED_INPUT_WITHOUT_WEAK_PULLUP                                                                                                    ;        ;                                   ; 1.2V    ; --       ;                 ; no       ; On           ; 85ps          ;
; F87      ; 300        ; 3A_T     ; RESERVED_INPUT_WITHOUT_WEAK_PULLUP                                                                                                    ;        ;                                   ; 1.2V    ; --       ;                 ; no       ; On           ; 86ps          ;
; F95      ; 303        ; 3A_T     ; RESERVED_INPUT_WITHOUT_WEAK_PULLUP                                                                                                    ;        ;                                   ; 1.2V    ; --       ;                 ; no       ; On           ; 106ps         ;
; F98      ; 306        ; 3A_T     ; RESERVED_INPUT_WITHOUT_WEAK_PULLUP                                                                                                    ;        ;                                   ; 1.2V    ; --       ;                 ; no       ; On           ; 106ps         ;
; F105     ; 361        ; 3A_B     ; RESERVED_INPUT_WITHOUT_WEAK_PULLUP                                                                                                    ;        ;                                   ; 1.2V    ; --       ;                 ; no       ; On           ; 140ps         ;
; F108     ; 358        ; 3A_B     ; RESERVED_INPUT_WITHOUT_WEAK_PULLUP                                                                                                    ;        ;                                   ; 1.2V    ; --       ;                 ; no       ; On           ; 122ps         ;
; F114     ; 363        ; 3A_B     ; RESERVED_INPUT_WITHOUT_WEAK_PULLUP                                                                                                    ;        ;                                   ; 1.2V    ; --       ;                 ; no       ; On           ; 141ps         ;
; F117     ; 367        ; 3A_B     ; RESERVED_INPUT_WITHOUT_WEAK_PULLUP                                                                                                    ;        ;                                   ; 1.2V    ; --       ;                 ; no       ; On           ; 138ps         ;
; F124     ; 86         ; HPS      ; HPS_IOB_23, GPIO1_IO22, SPIM0_MISO, SPIS1_SS0_N, MDIO0_MDIO, I2C_EMAC0_SDA, NAND_ADQ14, EMAC2_RXD2, TRACE_D2                          ;        ;                                   ;         ; --       ;                 ; --       ; --           ; 150ps         ;
; F127     ; 84         ; HPS      ; HPS_IOB_21, GPIO1_IO20, SPIM0_CLK, SPIS1_CLK, I2C_EMAC2_SDA, NAND_ADQ12, EMAC2_TXD2, TRACE_D0                                         ;        ;                                   ;         ; --       ;                 ; --       ; --           ; 149ps         ;
; F132     ; 65         ; HPS      ; HPS_IOB_2, GPIO1_IO1, SPIM1_MOSI, UART0_RTS_N, EMAC0_PPSTRIG0, NAND_ADQ1, SDMMC_DATA1, EMAC1_TX_CTL, TRACE_D9                         ;        ;                                   ;         ; --       ;                 ; --       ; --           ; 155ps         ;
; G1       ; 587        ; 6C       ; RESERVED_INPUT_WITHOUT_WEAK_PULLUP                                                                                                    ;        ;                                   ; 3.3V    ; --       ;                 ; no       ; On           ; 117ps         ;
; G2       ; 584        ; 6C       ; RESERVED_INPUT_WITHOUT_WEAK_PULLUP                                                                                                    ;        ;                                   ; 3.3V    ; --       ;                 ; no       ; On           ; 113ps         ;
; G134     ; 62         ; HPS      ; HPS_IOA_23, GPIO0_IO22, SPIM1_MISO, SPIS0_SS0_N, UART0_TX, I2C0_SDA, NAND_ADQ14, USB1_DATA6, EMAC0_RXD2, TRACE_D2                     ;        ;                                   ;         ; --       ;                 ; --       ; --           ; 149ps         ;
; G135     ; 63         ; HPS      ; HPS_IOA_24, GPIO0_IO23, SPIM1_SS0_N, SPIS0_MISO, UART0_RX, I2C0_SCL, NAND_ADQ15, USB1_DATA7, EMAC0_RXD3, TRACE_D3                     ;        ;                                   ;         ; --       ;                 ; --       ; --           ; 157ps         ;
; H4       ;            ;          ; GND                                                                                                                                   ; gnd    ;                                   ;         ; --       ;                 ; --       ; --           ; --            ;
; H8       ; 579        ; 6C       ; RESERVED_INPUT_WITHOUT_WEAK_PULLUP                                                                                                    ;        ;                                   ; 3.3V    ; --       ;                 ; no       ; On           ; 105ps         ;
; H15      ;            ;          ; GND                                                                                                                                   ; gnd    ;                                   ;         ; --       ;                 ; --       ; --           ; --            ;
; H18      ; 572        ; 6C       ; RESERVED_INPUT_WITHOUT_WEAK_PULLUP                                                                                                    ;        ;                                   ; 3.3V    ; --       ;                 ; no       ; On           ; 97ps          ;
; H24      ;            ;          ; GND                                                                                                                                   ; gnd    ;                                   ;         ; --       ;                 ; --       ; --           ; --            ;
; H27      ; 570        ; 6C       ; RESERVED_INPUT_WITHOUT_WEAK_PULLUP                                                                                                    ;        ;                                   ; 3.3V    ; --       ;                 ; no       ; On           ; 89ps          ;
; H34      ;            ;          ; GND                                                                                                                                   ; gnd    ;                                   ;         ; --       ;                 ; --       ; --           ; --            ;
; H37      ;            ;          ; NC                                                                                                                                    ;        ;                                   ;         ; --       ;                 ; --       ; --           ; --            ;
; H44      ;            ;          ; GND                                                                                                                                   ; gnd    ;                                   ;         ; --       ;                 ; --       ; --           ; --            ;
; H47      ; 395        ; 3B_T     ; RESERVED_INPUT_WITHOUT_WEAK_PULLUP                                                                                                    ;        ;                                   ; 1.2V    ; --       ;                 ; no       ; On           ; 94ps          ;
; H55      ;            ;          ; GND                                                                                                                                   ; gnd    ;                                   ;         ; --       ;                 ; --       ; --           ; --            ;
; H58      ; 404        ; 3B_T     ; RESERVED_INPUT_WITHOUT_WEAK_PULLUP                                                                                                    ;        ;                                   ; 1.2V    ; --       ;                 ; no       ; On           ; 88ps          ;
; H65      ;            ;          ; GND                                                                                                                                   ; gnd    ;                                   ;         ; --       ;                 ; --       ; --           ; --            ;
; H67      ; 456        ; 3B_B     ; RESERVED_INPUT_WITHOUT_WEAK_PULLUP                                                                                                    ;        ;                                   ; 1.2V    ; --       ;                 ; no       ; On           ; 77ps          ;
; H74      ;            ;          ; GND                                                                                                                                   ; gnd    ;                                   ;         ; --       ;                 ; --       ; --           ; --            ;
; H77      ; 461        ; 3B_B     ; RESERVED_INPUT_WITHOUT_WEAK_PULLUP                                                                                                    ;        ;                                   ; 1.2V    ; --       ;                 ; no       ; On           ; 83ps          ;
; H84      ;            ;          ; GND                                                                                                                                   ; gnd    ;                                   ;         ; --       ;                 ; --       ; --           ; --            ;
; H87      ; 301        ; 3A_T     ; RESERVED_INPUT_WITHOUT_WEAK_PULLUP                                                                                                    ;        ;                                   ; 1.2V    ; --       ;                 ; no       ; On           ; 86ps          ;
; H95      ;            ;          ; GND                                                                                                                                   ; gnd    ;                                   ;         ; --       ;                 ; --       ; --           ; --            ;
; H98      ; 307        ; 3A_T     ; RESERVED_INPUT_WITHOUT_WEAK_PULLUP                                                                                                    ;        ;                                   ; 1.2V    ; --       ;                 ; no       ; On           ; 106ps         ;
; H105     ;            ;          ; GND                                                                                                                                   ; gnd    ;                                   ;         ; --       ;                 ; --       ; --           ; --            ;
; H108     ; 359        ; 3A_B     ; RESERVED_INPUT_WITHOUT_WEAK_PULLUP                                                                                                    ;        ;                                   ; 1.2V    ; --       ;                 ; no       ; On           ; 122ps         ;
; H114     ;            ;          ; GND                                                                                                                                   ; gnd    ;                                   ;         ; --       ;                 ; --       ; --           ; --            ;
; H117     ; 366        ; 3A_B     ; RESERVED_INPUT_WITHOUT_WEAK_PULLUP                                                                                                    ;        ;                                   ; 1.2V    ; --       ;                 ; no       ; On           ; 138ps         ;
; H124     ;            ;          ; GND                                                                                                                                   ; gnd    ;                                   ;         ; --       ;                 ; --       ; --           ; --            ;
; H127     ; 82         ; HPS      ; HPS_IOB_19, GPIO1_IO18, SPIM0_MISO, MDIO1_MDIO, I2C_EMAC1_SDA, NAND_ADQ10, EMAC2_RXD0, TRACE_D4                                       ;        ;                                   ;         ; --       ;                 ; --       ; --           ; 146ps         ;
; H132     ;            ;          ; GND                                                                                                                                   ; gnd    ;                                   ;         ; --       ;                 ; --       ; --           ; --            ;
; J1       ; 586        ; 6C       ; RESERVED_INPUT_WITHOUT_WEAK_PULLUP                                                                                                    ;        ;                                   ; 3.3V    ; --       ;                 ; no       ; On           ; 117ps         ;
; J2       ; 585        ; 6C       ; RESERVED_INPUT_WITHOUT_WEAK_PULLUP                                                                                                    ;        ;                                   ; 3.3V    ; --       ;                 ; no       ; On           ; 115ps         ;
; J134     ; 60         ; HPS      ; HPS_IOA_21, GPIO0_IO20, SPIM1_CLK, SPIS0_CLK, UART0_CTS_N, I2C1_SDA, NAND_ADQ12, USB1_DATA4, EMAC0_TXD2, TRACE_D0                     ;        ;                                   ;         ; --       ;                 ; --       ; --           ; 147ps         ;
; J135     ; 54         ; HPS      ; HPS_IOA_15, GPIO0_IO14, NAND_CE_N, USB1_DIR, EMAC0_RX_CLK, TRACE_D8                                                                   ;        ;                                   ;         ; --       ;                 ; --       ; --           ; 144ps         ;
; K4       ; 583        ; 6C       ; RESERVED_INPUT_WITHOUT_WEAK_PULLUP                                                                                                    ;        ;                                   ; 3.3V    ; --       ;                 ; no       ; On           ; 106ps         ;
; K8       ; 577        ; 6C       ; RESERVED_INPUT_WITHOUT_WEAK_PULLUP                                                                                                    ;        ;                                   ; 3.3V    ; --       ;                 ; no       ; On           ; 106ps         ;
; K15      ;            ;          ; NC                                                                                                                                    ;        ;                                   ;         ; --       ;                 ; --       ; --           ; --            ;
; K18      ;            ;          ; NC                                                                                                                                    ;        ;                                   ;         ; --       ;                 ; --       ; --           ; --            ;
; K24      ;            ;          ; NC                                                                                                                                    ;        ;                                   ;         ; --       ;                 ; --       ; --           ; --            ;
; K27      ;            ;          ; NC                                                                                                                                    ;        ;                                   ;         ; --       ;                 ; --       ; --           ; --            ;
; K34      ;            ;          ; NC                                                                                                                                    ;        ;                                   ;         ; --       ;                 ; --       ; --           ; --            ;
; K37      ;            ;          ; NC                                                                                                                                    ;        ;                                   ;         ; --       ;                 ; --       ; --           ; --            ;
; K44      ; 406        ; 3B_T     ; RESERVED_INPUT_WITHOUT_WEAK_PULLUP                                                                                                    ;        ;                                   ; 1.2V    ; --       ;                 ; no       ; On           ; 70ps          ;
; K47      ; 397        ; 3B_T     ; RESERVED_INPUT_WITHOUT_WEAK_PULLUP                                                                                                    ;        ;                                   ; 1.2V    ; --       ;                 ; no       ; On           ; 77ps          ;
; K55      ; 412        ; 3B_T     ; RESERVED_INPUT_WITHOUT_WEAK_PULLUP                                                                                                    ;        ;                                   ; 1.2V    ; --       ;                 ; no       ; On           ; 71ps          ;
; K58      ; 401        ; 3B_T     ; RESERVED_INPUT_WITHOUT_WEAK_PULLUP                                                                                                    ;        ;                                   ; 1.2V    ; --       ;                 ; no       ; On           ; 82ps          ;
; K65      ; 443        ; 3B_B     ; RESERVED_INPUT_WITHOUT_WEAK_PULLUP                                                                                                    ;        ;                                   ; 1.2V    ; --       ;                 ; no       ; On           ; 110ps         ;
; K67      ; 457        ; 3B_B     ; RESERVED_INPUT_WITHOUT_WEAK_PULLUP                                                                                                    ;        ;                                   ; 1.2V    ; --       ;                 ; no       ; On           ; 91ps          ;
; K74      ; 447        ; 3B_B     ; RESERVED_INPUT_WITHOUT_WEAK_PULLUP                                                                                                    ;        ;                                   ; 1.2V    ; --       ;                 ; no       ; On           ; 114ps         ;
; K77      ; 464        ; 3B_B     ; RESERVED_INPUT_WITHOUT_WEAK_PULLUP                                                                                                    ;        ;                                   ; 1.2V    ; --       ;                 ; no       ; On           ; 115ps         ;
; K84      ; 311        ; 3A_T     ; RESERVED_INPUT_WITHOUT_WEAK_PULLUP                                                                                                    ;        ;                                   ; 1.2V    ; --       ;                 ; no       ; On           ; 79ps          ;
; K87      ; 299        ; 3A_T     ; RESERVED_INPUT_WITHOUT_WEAK_PULLUP                                                                                                    ;        ;                                   ; 1.2V    ; --       ;                 ; no       ; On           ; 114ps         ;
; K95      ; 315        ; 3A_T     ; RESERVED_INPUT_WITHOUT_WEAK_PULLUP                                                                                                    ;        ;                                   ; 1.2V    ; --       ;                 ; no       ; On           ; 92ps          ;
; K98      ; 304        ; 3A_T     ; RESERVED_INPUT_WITHOUT_WEAK_PULLUP                                                                                                    ;        ;                                   ; 1.2V    ; --       ;                 ; no       ; On           ; 96ps          ;
; K105     ; 344        ; 3A_B     ; RESERVED_INPUT_WITHOUT_WEAK_PULLUP                                                                                                    ;        ;                                   ; 1.2V    ; --       ;                 ; no       ; On           ; 95ps          ;
; K108     ; 356        ; 3A_B     ; RESERVED_INPUT_WITHOUT_WEAK_PULLUP                                                                                                    ;        ;                                   ; 1.2V    ; --       ;                 ; no       ; On           ; 113ps         ;
; K114     ; 350        ; 3A_B     ; RESERVED_INPUT_WITHOUT_WEAK_PULLUP                                                                                                    ;        ;                                   ; 1.2V    ; --       ;                 ; no       ; On           ; 118ps         ;
; K117     ; 365        ; 3A_B     ; RESERVED_INPUT_WITHOUT_WEAK_PULLUP                                                                                                    ;        ;                                   ; 1.2V    ; --       ;                 ; no       ; On           ; 127ps         ;
; K124     ; 80         ; HPS      ; HPS_IOB_17, GPIO1_IO16, UART1_CTS_N, NAND_ADQ8, I3C0_SDA, EMAC2_TXD0, TRACE_D6                                                        ;        ;                                   ;         ; --       ;                 ; --       ; --           ; 135ps         ;
; K127     ; 77         ; HPS      ; HPS_IOB_14, GPIO1_IO13, I2C1_SCL, NAND_RB_N, SDMMC_PWR_ENA, EMAC2_TX_CTL, TRACE_D9                                                    ;        ;                                   ;         ; --       ;                 ; --       ; --           ; 136ps         ;
; K132     ; 58         ; HPS      ; HPS_IOA_19, GPIO0_IO18, I3C0_SDA, NAND_ADQ10, USB1_DATA2, EMAC0_RXD0, TRACE_D4                                                        ;        ;                                   ;         ; --       ;                 ; --       ; --           ; 140ps         ;
; L1       ;            ;          ; NC                                                                                                                                    ;        ;                                   ;         ; --       ;                 ; --       ; --           ; --            ;
; L2       ;            ;          ; GND                                                                                                                                   ; gnd    ;                                   ;         ; --       ;                 ; --       ; --           ; --            ;
; L134     ;            ;          ; GND                                                                                                                                   ; gnd    ;                                   ;         ; --       ;                 ; --       ; --           ; --            ;
; L135     ; 53         ; HPS      ; HPS_IOA_14, GPIO0_IO13, NAND_RB_N, SDMMC_PWR_ENA, USB1_STP, EMAC0_TX_CTL, TRACE_D9                                                    ;        ;                                   ;         ; --       ;                 ; --       ; --           ; 140ps         ;
; M4       ;            ;          ; NC                                                                                                                                    ;        ;                                   ;         ; --       ;                 ; --       ; --           ; --            ;
; M8       ;            ;          ; NC                                                                                                                                    ;        ;                                   ;         ; --       ;                 ; --       ; --           ; --            ;
; M15      ;            ;          ; NC                                                                                                                                    ;        ;                                   ;         ; --       ;                 ; --       ; --           ; --            ;
; M18      ;            ;          ; NC                                                                                                                                    ;        ;                                   ;         ; --       ;                 ; --       ; --           ; --            ;
; M24      ;            ;          ; NC                                                                                                                                    ;        ;                                   ;         ; --       ;                 ; --       ; --           ; --            ;
; M27      ;            ;          ; NC                                                                                                                                    ;        ;                                   ;         ; --       ;                 ; --       ; --           ; --            ;
; M34      ;            ;          ; NC                                                                                                                                    ;        ;                                   ;         ; --       ;                 ; --       ; --           ; --            ;
; M37      ;            ;          ; NC                                                                                                                                    ;        ;                                   ;         ; --       ;                 ; --       ; --           ; --            ;
; M44      ; 405        ; 3B_T     ; RESERVED_INPUT_WITHOUT_WEAK_PULLUP                                                                                                    ;        ;                                   ; 1.2V    ; --       ;                 ; no       ; On           ; 68ps          ;
; M47      ; 398        ; 3B_T     ; RESERVED_INPUT_WITHOUT_WEAK_PULLUP                                                                                                    ;        ;                                   ; 1.2V    ; --       ;                 ; no       ; On           ; 76ps          ;
; M55      ; 411        ; 3B_T     ; RESERVED_INPUT_WITHOUT_WEAK_PULLUP                                                                                                    ;        ;                                   ; 1.2V    ; --       ;                 ; no       ; On           ; 70ps          ;
; M58      ; 402        ; 3B_T     ; RESERVED_INPUT_WITHOUT_WEAK_PULLUP                                                                                                    ;        ;                                   ; 1.2V    ; --       ;                 ; no       ; On           ; 82ps          ;
; M65      ; 444        ; 3B_B     ; RESERVED_INPUT_WITHOUT_WEAK_PULLUP                                                                                                    ;        ;                                   ; 1.2V    ; --       ;                 ; no       ; On           ; 108ps         ;
; M67      ; 458        ; 3B_B     ; RESERVED_INPUT_WITHOUT_WEAK_PULLUP                                                                                                    ;        ;                                   ; 1.2V    ; --       ;                 ; no       ; On           ; 92ps          ;
; M74      ; 448        ; 3B_B     ; RESERVED_INPUT_WITHOUT_WEAK_PULLUP                                                                                                    ;        ;                                   ; 1.2V    ; --       ;                 ; no       ; On           ; 114ps         ;
; M77      ; 463        ; 3B_B     ; RESERVED_INPUT_WITHOUT_WEAK_PULLUP                                                                                                    ;        ;                                   ; 1.2V    ; --       ;                 ; no       ; On           ; 116ps         ;
; M84      ; 310        ; 3A_T     ; RESERVED_INPUT_WITHOUT_WEAK_PULLUP                                                                                                    ;        ;                                   ; 1.2V    ; --       ;                 ; no       ; On           ; 79ps          ;
; M87      ; 298        ; 3A_T     ; RESERVED_INPUT_WITHOUT_WEAK_PULLUP                                                                                                    ;        ;                                   ; 1.2V    ; --       ;                 ; no       ; On           ; 116ps         ;
; M95      ; 314        ; 3A_T     ; RESERVED_INPUT_WITHOUT_WEAK_PULLUP                                                                                                    ;        ;                                   ; 1.2V    ; --       ;                 ; no       ; On           ; 91ps          ;
; M98      ; 305        ; 3A_T     ; RESERVED_INPUT_WITHOUT_WEAK_PULLUP                                                                                                    ;        ;                                   ; 1.2V    ; --       ;                 ; no       ; On           ; 97ps          ;
; M105     ; 345        ; 3A_B     ; RESERVED_INPUT_WITHOUT_WEAK_PULLUP                                                                                                    ;        ;                                   ; 1.2V    ; --       ;                 ; no       ; On           ; 96ps          ;
; M108     ; 357        ; 3A_B     ; RESERVED_INPUT_WITHOUT_WEAK_PULLUP                                                                                                    ;        ;                                   ; 1.2V    ; --       ;                 ; no       ; On           ; 114ps         ;
; M114     ; 351        ; 3A_B     ; RESERVED_INPUT_WITHOUT_WEAK_PULLUP                                                                                                    ;        ;                                   ; 1.2V    ; --       ;                 ; no       ; On           ; 119ps         ;
; M117     ; 364        ; 3A_B     ; RESERVED_INPUT_WITHOUT_WEAK_PULLUP                                                                                                    ;        ;                                   ; 1.2V    ; --       ;                 ; no       ; On           ; 126ps         ;
; M124     ; 78         ; HPS      ; HPS_IOB_15, GPIO1_IO14, UART1_TX, NAND_CE_N, I3C1_SDA, EMAC2_RX_CLK, TRACE_D8                                                         ;        ;                                   ;         ; --       ;                 ; --       ; --           ; 131ps         ;
; M127     ; 76         ; HPS      ; HPS_IOB_13, GPIO1_IO12, I2C1_SDA, NAND_ALE, SDMMC_PU_PD_DATA2, EMAC2_TX_CLK, TRACE_D10                                                ;        ;                                   ;         ; --       ;                 ; --       ; --           ; 135ps         ;
; M132     ; 56         ; HPS      ; HPS_IOA_17, GPIO0_IO16, I3C1_SDA, NAND_ADQ8, USB1_DATA1, EMAC0_TXD0, TRACE_D6                                                         ;        ;                                   ;         ; --       ;                 ; --       ; --           ; 137ps         ;
; N1       ;            ;          ; NC                                                                                                                                    ;        ;                                   ;         ; --       ;                 ; --       ; --           ; --            ;
; N2       ;            ;          ; NC                                                                                                                                    ;        ;                                   ;         ; --       ;                 ; --       ; --           ; --            ;
; N134     ; 50         ; HPS      ; HPS_IOA_11, GPIO0_IO10, SPIM1_MISO, SPIS1_SS0_N, MDIO0_MDIO, I2C_EMAC0_SDA, NAND_ADQ6, SDMMC_DATA6, USB0_DATA6, I3C0_SDA, TRACE_D12   ;        ;                                   ;         ; --       ;                 ; --       ; --           ; 130ps         ;
; N135     ; 48         ; HPS      ; HPS_IOA_9, GPIO0_IO8, SPIM1_CLK, SPIS1_CLK, MDIO1_MDIO, I2C_EMAC1_SDA, NAND_ADQ4, SDMMC_DATA4, USB0_DATA4, I3C1_SDA, TRACE_D14        ;        ;                                   ;         ; --       ;                 ; --       ; --           ; 134ps         ;
; P4       ;            ;          ; NC                                                                                                                                    ;        ;                                   ;         ; --       ;                 ; --       ; --           ; --            ;
; P8       ;            ;          ; GND                                                                                                                                   ; gnd    ;                                   ;         ; --       ;                 ; --       ; --           ; --            ;
; P15      ;            ;          ; NC                                                                                                                                    ;        ;                                   ;         ; --       ;                 ; --       ; --           ; --            ;
; P18      ;            ;          ; GND                                                                                                                                   ; gnd    ;                                   ;         ; --       ;                 ; --       ; --           ; --            ;
; P24      ;            ;          ; NC                                                                                                                                    ;        ;                                   ;         ; --       ;                 ; --       ; --           ; --            ;
; P27      ;            ;          ; GND                                                                                                                                   ; gnd    ;                                   ;         ; --       ;                 ; --       ; --           ; --            ;
; P34      ;            ;          ; NC                                                                                                                                    ;        ;                                   ;         ; --       ;                 ; --       ; --           ; --            ;
; P37      ;            ;          ; GND                                                                                                                                   ; gnd    ;                                   ;         ; --       ;                 ; --       ; --           ; --            ;
; P44      ; 408        ; 3B_T     ; RESERVED_INPUT_WITHOUT_WEAK_PULLUP                                                                                                    ;        ;                                   ; 1.2V    ; --       ;                 ; no       ; On           ; 70ps          ;
; P47      ;            ;          ; GND                                                                                                                                   ; gnd    ;                                   ;         ; --       ;                 ; --       ; --           ; --            ;
; P55      ; 416        ; 3B_T     ; RESERVED_INPUT_WITHOUT_WEAK_PULLUP                                                                                                    ;        ;                                   ; 1.2V    ; --       ;                 ; no       ; On           ; 68ps          ;
; P58      ;            ;          ; GND                                                                                                                                   ; gnd    ;                                   ;         ; --       ;                 ; --       ; --           ; --            ;
; P65      ; 441        ; 3B_B     ; RESERVED_INPUT_WITHOUT_WEAK_PULLUP                                                                                                    ;        ;                                   ; 1.2V    ; --       ;                 ; no       ; On           ; 86ps          ;
; P67      ;            ;          ; GND                                                                                                                                   ; gnd    ;                                   ;         ; --       ;                 ; --       ; --           ; --            ;
; P74      ; 452        ; 3B_B     ; RESERVED_INPUT_WITHOUT_WEAK_PULLUP                                                                                                    ;        ;                                   ; 1.2V    ; --       ;                 ; no       ; On           ; 122ps         ;
; P77      ;            ;          ; GND                                                                                                                                   ; gnd    ;                                   ;         ; --       ;                 ; --       ; --           ; --            ;
; P84      ; 308        ; 3A_T     ; RESERVED_INPUT_WITHOUT_WEAK_PULLUP                                                                                                    ;        ;                                   ; 1.2V    ; --       ;                 ; no       ; On           ; 92ps          ;
; P87      ;            ;          ; GND                                                                                                                                   ; gnd    ;                                   ;         ; --       ;                 ; --       ; --           ; --            ;
; P95      ; 317        ; 3A_T     ; RESERVED_INPUT_WITHOUT_WEAK_PULLUP                                                                                                    ;        ;                                   ; 1.2V    ; --       ;                 ; no       ; On           ; 88ps          ;
; P98      ;            ;          ; GND                                                                                                                                   ; gnd    ;                                   ;         ; --       ;                 ; --       ; --           ; --            ;
; P105     ; 346        ; 3A_B     ; RESERVED_INPUT_WITHOUT_WEAK_PULLUP                                                                                                    ;        ;                                   ; 1.2V    ; --       ;                 ; no       ; On           ; 90ps          ;
; P108     ;            ;          ; GND                                                                                                                                   ; gnd    ;                                   ;         ; --       ;                 ; --       ; --           ; --            ;
; P114     ; 354        ; 3A_B     ; RESERVED_INPUT_WITHOUT_WEAK_PULLUP                                                                                                    ;        ;                                   ; 1.2V    ; --       ;                 ; no       ; On           ; 113ps         ;
; P117     ;            ;          ; GND                                                                                                                                   ; gnd    ;                                   ;         ; --       ;                 ; --       ; --           ; --            ;
; P124     ; 75         ; HPS      ; HPS_IOB_12, GPIO1_IO11, JTAG_TDI, SPIS0_MISO, MDIO0_MDC, I2C_EMAC0_SCL, NAND_ADQ7, SDMMC_DATA7, EMAC1_RXD3, TRACE_D11                 ;        ;                                   ;         ; --       ;                 ; --       ; --           ; 121ps         ;
; P127     ;            ;          ; GND                                                                                                                                   ; gnd    ;                                   ;         ; --       ;                 ; --       ; --           ; --            ;
; P132     ; 52         ; HPS      ; HPS_IOA_13, GPIO0_IO12, NAND_ALE, SDMMC_PU_PD_DATA2, USB1_CLK, EMAC0_TX_CLK, TRACE_D10                                                ;        ;                                   ;         ; --       ;                 ; --       ; --           ; 128ps         ;
; R1       ;            ;          ; GND                                                                                                                                   ; gnd    ;                                   ;         ; --       ;                 ; --       ; --           ; --            ;
; R2       ;            ;          ; NC                                                                                                                                    ;        ;                                   ;         ; --       ;                 ; --       ; --           ; --            ;
; R134     ; 46         ; HPS      ; HPS_IOA_7, GPIO0_IO6, SPIM0_MISO, MDIO2_MDIO, UART1_TX, I2C_EMAC2_SDA, NAND_ADQ3, SDMMC_DATA3, USB0_DATA2, TRACE_D4                   ;        ;                                   ;         ; --       ;                 ; --       ; --           ; 125ps         ;
; R135     ;            ;          ; GND                                                                                                                                   ; gnd    ;                                   ;         ; --       ;                 ; --       ; --           ; --            ;
; T4       ;            ;          ; NC                                                                                                                                    ;        ;                                   ;         ; --       ;                 ; --       ; --           ; --            ;
; T8       ;            ;          ; NC                                                                                                                                    ;        ;                                   ;         ; --       ;                 ; --       ; --           ; --            ;
; T15      ;            ;          ; NC                                                                                                                                    ;        ;                                   ;         ; --       ;                 ; --       ; --           ; --            ;
; T18      ;            ;          ; NC                                                                                                                                    ;        ;                                   ;         ; --       ;                 ; --       ; --           ; --            ;
; T24      ;            ;          ; NC                                                                                                                                    ;        ;                                   ;         ; --       ;                 ; --       ; --           ; --            ;
; T27      ;            ;          ; NC                                                                                                                                    ;        ;                                   ;         ; --       ;                 ; --       ; --           ; --            ;
; T34      ;            ;          ; NC                                                                                                                                    ;        ;                                   ;         ; --       ;                 ; --       ; --           ; --            ;
; T37      ;            ;          ; NC                                                                                                                                    ;        ;                                   ;         ; --       ;                 ; --       ; --           ; --            ;
; T44      ; 407        ; 3B_T     ; RESERVED_INPUT_WITHOUT_WEAK_PULLUP                                                                                                    ;        ;                                   ; 1.2V    ; --       ;                 ; no       ; On           ; 70ps          ;
; T47      ; 409        ; 3B_T     ; RESERVED_INPUT_WITHOUT_WEAK_PULLUP                                                                                                    ;        ;                                   ; 1.2V    ; --       ;                 ; no       ; On           ; 66ps          ;
; T55      ; 415        ; 3B_T     ; RESERVED_INPUT_WITHOUT_WEAK_PULLUP                                                                                                    ;        ;                                   ; 1.2V    ; --       ;                 ; no       ; On           ; 68ps          ;
; T58      ; 413        ; 3B_T     ; RESERVED_INPUT_WITHOUT_WEAK_PULLUP                                                                                                    ;        ;                                   ; 1.2V    ; --       ;                 ; no       ; On           ; 80ps          ;
; T65      ; 442        ; 3B_B     ; RESERVED_INPUT_WITHOUT_WEAK_PULLUP                                                                                                    ;        ;                                   ; 1.2V    ; --       ;                 ; no       ; On           ; 86ps          ;
; T67      ; 445        ; 3B_B     ; RESERVED_INPUT_WITHOUT_WEAK_PULLUP                                                                                                    ;        ;                                   ; 1.2V    ; --       ;                 ; no       ; On           ; 94ps          ;
; T74      ; 451        ; 3B_B     ; RESERVED_INPUT_WITHOUT_WEAK_PULLUP                                                                                                    ;        ;                                   ; 1.2V    ; --       ;                 ; no       ; On           ; 122ps         ;
; T77      ; 449        ; 3B_B     ; RESERVED_INPUT_WITHOUT_WEAK_PULLUP                                                                                                    ;        ;                                   ; 1.2V    ; --       ;                 ; no       ; On           ; 139ps         ;
; T84      ; 309        ; 3A_T     ; RESERVED_INPUT_WITHOUT_WEAK_PULLUP                                                                                                    ;        ;                                   ; 1.2V    ; --       ;                 ; no       ; On           ; 92ps          ;
; T87      ; 312        ; 3A_T     ; RESERVED_INPUT_WITHOUT_WEAK_PULLUP                                                                                                    ;        ;                                   ; 1.2V    ; --       ;                 ; no       ; On           ; 86ps          ;
; T95      ; 316        ; 3A_T     ; RESERVED_INPUT_WITHOUT_WEAK_PULLUP                                                                                                    ;        ;                                   ; 1.2V    ; --       ;                 ; no       ; On           ; 86ps          ;
; T98      ; 318        ; 3A_T     ; RESERVED_INPUT_WITHOUT_WEAK_PULLUP                                                                                                    ;        ;                                   ; 1.2V    ; --       ;                 ; no       ; On           ; 98ps          ;
; T105     ; 347        ; 3A_B     ; RESERVED_INPUT_WITHOUT_WEAK_PULLUP                                                                                                    ;        ;                                   ; 1.2V    ; --       ;                 ; no       ; On           ; 90ps          ;
; T108     ; 348        ; 3A_B     ; RESERVED_INPUT_WITHOUT_WEAK_PULLUP                                                                                                    ;        ;                                   ; 1.2V    ; --       ;                 ; no       ; On           ; 91ps          ;
; T114     ; 355        ; 3A_B     ; RESERVED_INPUT_WITHOUT_WEAK_PULLUP                                                                                                    ;        ;                                   ; 1.2V    ; --       ;                 ; no       ; On           ; 114ps         ;
; T117     ; 352        ; 3A_B     ; RESERVED_INPUT_WITHOUT_WEAK_PULLUP                                                                                                    ;        ;                                   ; 1.2V    ; --       ;                 ; no       ; On           ; 106ps         ;
; T124     ; 74         ; HPS      ; HPS_IOB_11, GPIO1_IO10, JTAG_TDO, SPIS0_SS0_N, MDIO0_MDIO, I2C_EMAC0_SDA, NAND_ADQ6, SDMMC_DATA6, EMAC1_RXD2, TRACE_D12               ;        ;                                   ;         ; --       ;                 ; --       ; --           ; 119ps         ;
; T127     ; 72         ; HPS      ; HPS_IOB_9, GPIO1_IO8, JTAG_TCK, SPIS0_CLK, MDIO2_MDIO, I2C_EMAC2_SDA, NAND_ADQ4, SDMMC_DATA4, EMAC1_TXD2, TRACE_D14                   ;        ;                                   ;         ; --       ;                 ; --       ; --           ; 118ps         ;
; T132     ; 51         ; HPS      ; HPS_IOA_12, GPIO0_IO11, SPIM1_SS0_N, SPIS1_MISO, MDIO0_MDC, I2C_EMAC0_SCL, NAND_ADQ7, SDMMC_DATA7, USB0_DATA7, I3C0_SCL, TRACE_D11    ;        ;                                   ;         ; --       ;                 ; --       ; --           ; 123ps         ;
; U1       ;            ;          ; NC                                                                                                                                    ;        ;                                   ;         ; --       ;                 ; --       ; --           ; --            ;
; U2       ;            ;          ; NC                                                                                                                                    ;        ;                                   ;         ; --       ;                 ; --       ; --           ; --            ;
; U134     ; 44         ; HPS      ; HPS_IOA_5, GPIO0_IO4, SPIM0_CLK, UART1_CTS_N, I2C0_SDA, NAND_WP_N, SDMMC_WRITE_PROTECT, USB0_DATA1, EMAC2_PPS2, TRACE_D6              ;        ;                                   ;         ; --       ;                 ; --       ; --           ; 117ps         ;
; U135     ; 41         ; HPS      ; HPS_IOA_2, GPIO0_IO1, SPIM1_SS1_N, SPIS0_MOSI, UART0_RTS_N, NAND_ADQ1, SDMMC_DATA1, USB0_STP, EMAC0_PPSTRIG0, TRACE_D9                ;        ;                                   ;         ; --       ;                 ; --       ; --           ; 116ps         ;
; V4       ;            ;          ; GND                                                                                                                                   ; gnd    ;                                   ;         ; --       ;                 ; --       ; --           ; --            ;
; V8       ;            ;          ; NC                                                                                                                                    ;        ;                                   ;         ; --       ;                 ; --       ; --           ; --            ;
; V15      ;            ;          ; GND                                                                                                                                   ; gnd    ;                                   ;         ; --       ;                 ; --       ; --           ; --            ;
; V18      ;            ;          ; NC                                                                                                                                    ;        ;                                   ;         ; --       ;                 ; --       ; --           ; --            ;
; V24      ;            ;          ; GND                                                                                                                                   ; gnd    ;                                   ;         ; --       ;                 ; --       ; --           ; --            ;
; V27      ;            ;          ; NC                                                                                                                                    ;        ;                                   ;         ; --       ;                 ; --       ; --           ; --            ;
; V34      ;            ;          ; GND                                                                                                                                   ; gnd    ;                                   ;         ; --       ;                 ; --       ; --           ; --            ;
; V37      ;            ;          ; NC                                                                                                                                    ;        ;                                   ;         ; --       ;                 ; --       ; --           ; --            ;
; V44      ;            ;          ; GND                                                                                                                                   ; gnd    ;                                   ;         ; --       ;                 ; --       ; --           ; --            ;
; V47      ; 410        ; 3B_T     ; RESERVED_INPUT_WITHOUT_WEAK_PULLUP                                                                                                    ;        ;                                   ; 1.2V    ; --       ;                 ; no       ; On           ; 68ps          ;
; V55      ;            ;          ; GND                                                                                                                                   ; gnd    ;                                   ;         ; --       ;                 ; --       ; --           ; --            ;
; V58      ; 414        ; 3B_T     ; RESERVED_INPUT_WITHOUT_WEAK_PULLUP                                                                                                    ;        ;                                   ; 1.2V    ; --       ;                 ; no       ; On           ; 81ps          ;
; V65      ;            ;          ; GND                                                                                                                                   ; gnd    ;                                   ;         ; --       ;                 ; --       ; --           ; --            ;
; V67      ; 446        ; 3B_B     ; RESERVED_INPUT_WITHOUT_WEAK_PULLUP                                                                                                    ;        ;                                   ; 1.2V    ; --       ;                 ; no       ; On           ; 94ps          ;
; V74      ;            ;          ; GND                                                                                                                                   ; gnd    ;                                   ;         ; --       ;                 ; --       ; --           ; --            ;
; V77      ; 450        ; 3B_B     ; RESERVED_INPUT_WITHOUT_WEAK_PULLUP                                                                                                    ;        ;                                   ; 1.2V    ; --       ;                 ; no       ; On           ; 139ps         ;
; V84      ;            ;          ; GND                                                                                                                                   ; gnd    ;                                   ;         ; --       ;                 ; --       ; --           ; --            ;
; V87      ; 313        ; 3A_T     ; RESERVED_INPUT_WITHOUT_WEAK_PULLUP                                                                                                    ;        ;                                   ; 1.2V    ; --       ;                 ; no       ; On           ; 87ps          ;
; V95      ;            ;          ; GND                                                                                                                                   ; gnd    ;                                   ;         ; --       ;                 ; --       ; --           ; --            ;
; V98      ; 319        ; 3A_T     ; RESERVED_INPUT_WITHOUT_WEAK_PULLUP                                                                                                    ;        ;                                   ; 1.2V    ; --       ;                 ; no       ; On           ; 97ps          ;
; V105     ;            ;          ; GND                                                                                                                                   ; gnd    ;                                   ;         ; --       ;                 ; --       ; --           ; --            ;
; V108     ; 349        ; 3A_B     ; RESERVED_INPUT_WITHOUT_WEAK_PULLUP                                                                                                    ;        ;                                   ; 1.2V    ; --       ;                 ; no       ; On           ; 92ps          ;
; V114     ;            ;          ; GND                                                                                                                                   ; gnd    ;                                   ;         ; --       ;                 ; --       ; --           ; --            ;
; V117     ; 353        ; 3A_B     ; RESERVED_INPUT_WITHOUT_WEAK_PULLUP                                                                                                    ;        ;                                   ; 1.2V    ; --       ;                 ; no       ; On           ; 106ps         ;
; V124     ;            ;          ; GND                                                                                                                                   ; gnd    ;                                   ;         ; --       ;                 ; --       ; --           ; --            ;
; V127     ; 70         ; HPS      ; HPS_IOB_7, GPIO1_IO6, SPIS1_SS0_N, UART1_TX, I2C1_SDA, NAND_ADQ3, SDMMC_DATA3, I3C0_SDA, EMAC1_RXD0, TRACE_D4                         ;        ;                                   ;         ; --       ;                 ; --       ; --           ; 115ps         ;
; V132     ;            ;          ; GND                                                                                                                                   ; gnd    ;                                   ;         ; --       ;                 ; --       ; --           ; --            ;
; W1       ;            ;          ; NC                                                                                                                                    ;        ;                                   ;         ; --       ;                 ; --       ; --           ; --            ;
; W2       ;            ;          ; NC                                                                                                                                    ;        ;                                   ;         ; --       ;                 ; --       ; --           ; --            ;
; W134     ; 42         ; HPS      ; HPS_IOA_3, GPIO0_IO2, SPIS0_SS0_N, UART0_TX, I2C1_SDA, NAND_WE_N, SDMMC_CLK, USB0_DIR, EMAC1_PPS1, TRACE_D8                           ;        ;                                   ;         ; --       ;                 ; --       ; --           ; 114ps         ;
; W135     ; 40         ; HPS      ; HPS_IOA_1, GPIO0_IO0, SPIM0_SS1_N, SPIS0_CLK, UART0_CTS_N, NAND_ADQ0, SDMMC_DATA0, USB0_CLK, EMAC0_PPS0, TRACE_D10                    ;        ;                                   ;         ; --       ;                 ; --       ; --           ; 116ps         ;
; Y4       ;            ;          ; NC                                                                                                                                    ;        ;                                   ;         ; --       ;                 ; --       ; --           ; --            ;
; Y8       ;            ;          ; NC                                                                                                                                    ;        ;                                   ;         ; --       ;                 ; --       ; --           ; --            ;
; Y15      ;            ;          ; NC                                                                                                                                    ;        ;                                   ;         ; --       ;                 ; --       ; --           ; --            ;
; Y18      ;            ;          ; NC                                                                                                                                    ;        ;                                   ;         ; --       ;                 ; --       ; --           ; --            ;
; Y24      ;            ;          ; NC                                                                                                                                    ;        ;                                   ;         ; --       ;                 ; --       ; --           ; --            ;
; Y27      ;            ;          ; NC                                                                                                                                    ;        ;                                   ;         ; --       ;                 ; --       ; --           ; --            ;
; Y34      ;            ;          ; NC                                                                                                                                    ;        ;                                   ;         ; --       ;                 ; --       ; --           ; --            ;
; Y37      ;            ;          ; NC                                                                                                                                    ;        ;                                   ;         ; --       ;                 ; --       ; --           ; --            ;
; Y44      ; 418        ; 3B_T     ; RESERVED_INPUT_WITHOUT_WEAK_PULLUP                                                                                                    ;        ;                                   ; 1.2V    ; --       ;                 ; no       ; On           ; 107ps         ;
; Y47      ; 417        ; 3B_T     ; RESERVED_INPUT_WITHOUT_WEAK_PULLUP                                                                                                    ;        ;                                   ; 1.2V    ; --       ;                 ; no       ; On           ; 106ps         ;
; Y55      ; 419        ; 3B_T     ; RESERVED_INPUT_WITHOUT_WEAK_PULLUP                                                                                                    ;        ;                                   ; 1.2V    ; --       ;                 ; no       ; On           ; 140ps         ;
; Y58      ; 420        ; 3B_T     ; RESERVED_INPUT_WITHOUT_WEAK_PULLUP                                                                                                    ;        ;                                   ; 1.2V    ; --       ;                 ; no       ; On           ; 141ps         ;
; Y65      ; 429        ; 3B_B     ; RESERVED_INPUT_WITHOUT_WEAK_PULLUP                                                                                                    ;        ;                                   ; 1.2V    ; --       ;                 ; no       ; On           ; 124ps         ;
; Y67      ; 430        ; 3B_B     ; RESERVED_INPUT_WITHOUT_WEAK_PULLUP                                                                                                    ;        ;                                   ; 1.2V    ; --       ;                 ; no       ; On           ; 126ps         ;
; Y74      ; 431        ; 3B_B     ; RESERVED_INPUT_WITHOUT_WEAK_PULLUP                                                                                                    ;        ;                                   ; 1.2V    ; --       ;                 ; no       ; On           ; 141ps         ;
; Y77      ; 432        ; 3B_B     ; RESERVED_INPUT_WITHOUT_WEAK_PULLUP                                                                                                    ;        ;                                   ; 1.2V    ; --       ;                 ; no       ; On           ; 143ps         ;
; Y84      ; 320        ; 3A_T     ; RESERVED_INPUT_WITHOUT_WEAK_PULLUP                                                                                                    ;        ;                                   ; 1.2V    ; --       ;                 ; no       ; On           ; 136ps         ;
; Y87      ; 321        ; 3A_T     ; RESERVED_INPUT_WITHOUT_WEAK_PULLUP                                                                                                    ;        ;                                   ; 1.2V    ; --       ;                 ; no       ; On           ; 135ps         ;
; Y95      ; 322        ; 3A_T     ; RESERVED_INPUT_WITHOUT_WEAK_PULLUP                                                                                                    ;        ;                                   ; 1.2V    ; --       ;                 ; no       ; On           ; 150ps         ;
; Y98      ; 323        ; 3A_T     ; RESERVED_INPUT_WITHOUT_WEAK_PULLUP                                                                                                    ;        ;                                   ; 1.2V    ; --       ;                 ; no       ; On           ; 149ps         ;
; Y105     ; 333        ; 3A_B     ; RESERVED_INPUT_WITHOUT_WEAK_PULLUP                                                                                                    ;        ;                                   ; 1.2V    ; --       ;                 ; no       ; On           ; 152ps         ;
; Y108     ; 335        ; 3A_B     ; RESERVED_INPUT_WITHOUT_WEAK_PULLUP                                                                                                    ;        ;                                   ; 1.2V    ; --       ;                 ; no       ; On           ; 143ps         ;
; Y114     ; 339        ; 3A_B     ; RESERVED_INPUT_WITHOUT_WEAK_PULLUP                                                                                                    ;        ;                                   ; 1.2V    ; --       ;                 ; no       ; On           ; 154ps         ;
; Y117     ; 342        ; 3A_B     ; RESERVED_INPUT_WITHOUT_WEAK_PULLUP                                                                                                    ;        ;                                   ; 1.2V    ; --       ;                 ; no       ; On           ; 143ps         ;
; Y124     ; 85         ; HPS      ; HPS_IOB_22, GPIO1_IO21, SPIM0_MOSI, SPIS1_MOSI, I2C_EMAC2_SCL, NAND_ADQ13, EMAC2_TXD3, TRACE_D1                                       ;        ;                                   ;         ; --       ;                 ; --       ; --           ; 116ps         ;
; Y127     ; 81         ; HPS      ; HPS_IOB_18, GPIO1_IO17, SPIM0_SS1_N, UART1_RTS_N, NAND_ADQ9, I3C0_SCL, EMAC2_TXD1, TRACE_D5                                           ;        ;                                   ;         ; --       ;                 ; --       ; --           ; 124ps         ;
; Y132     ; 73         ; HPS      ; HPS_IOB_10, GPIO1_IO9, JTAG_TMS, SPIS0_MOSI, MDIO2_MDC, I2C_EMAC2_SCL, NAND_ADQ5, SDMMC_DATA5, EMAC1_TXD3, TRACE_D13                  ;        ;                                   ;         ; --       ;                 ; --       ; --           ; 126ps         ;
+----------+------------+----------+---------------------------------------------------------------------------------------------------------------------------------------+--------+-----------------------------------+---------+----------+-----------------+----------+--------------+---------------+
Note: Pin directions (input, output or bidir) are based on device operating in user mode.


+--------------------------------------------------------------------------+
; PLL Usage Summary                                                        ;
+---------------------------------------------------+----------------------+
;                                                   ;                      ;
+---------------------------------------------------+----------------------+
; sys_pll_inst|iopll_0|tennm_ph2_iopll              ;                      ;
;     -- IOPLL Location                             ; IOPLL_X63_Y0_N0      ;
;     -- IOPLL Type                                 ; IO96B Fabric-Feeding ;
;     -- IOPLL Bandwidth                            ; Auto                 ;
;     -- IOPLL Reference Clock Frequency            ; 100.0 MHz            ;
;     -- IOPLL VCO Frequency                        ; 2400.0 MHz           ;
;     -- IOPLL Operation Mode                       ; normal               ;
;     -- M Counter                                  ; 24                   ;
;     -- N Counter                                  ; 1                    ;
;     -- Pre C Counter Delay Chain Setting (ps)     ; 0                    ;
;     -- PLL Output Counter 0                       ;                      ;
;             -- Output Clock Frequency             ; 100.0 MHz            ;
;             -- Duty Cycle                         ; 50%                  ;
;             -- Phase Shift (ps)                   ; 0                    ;
;             -- C Counter                          ; 24                   ;
;             -- C Counter Delay Chain Setting (ps) ; 0                    ;
;     -- PLL LVDS Counter 0                         ;                      ;
;             -- LVDS Delay Chain Setting (ps)      ; 0                    ;
;     -- PLL LVDS Counter 1                         ;                      ;
;             -- LVDS Delay Chain Setting (ps)      ; 0                    ;
;                                                   ;                      ;
+---------------------------------------------------+----------------------+


+--------------------------------------------------------------------+
; Output Pin Default Load For Reported TCO                           ;
+------------------------------------+------+------------------------+
; I/O Standard                       ; Load ; Termination Resistance ;
+------------------------------------+------+------------------------+
; 1.2-V                              ; 0 pF ; Not Available          ;
; SSTL-12                            ; 0 pF ; Not Available          ;
; Differential 1.2-V SSTL            ; 0 pF ; Not Available          ;
; 1.2-V POD                          ; 0 pF ; Not Available          ;
; Differential 1.2-V POD             ; 0 pF ; Not Available          ;
; 1.2-V HSTL                         ; 0 pF ; Not Available          ;
; Differential 1.2-V HSTL            ; 0 pF ; Not Available          ;
; 1.2-V HSUL                         ; 0 pF ; Not Available          ;
; Differential 1.2-V HSUL            ; 0 pF ; Not Available          ;
; 1.0-V                              ; 0 pF ; Not Available          ;
; 1.8-V                              ; 0 pF ; Not Available          ;
; High Speed Differential I/O        ; 0 pF ; Not Available          ;
; Current Mode Logic (CML)           ; 0 pF ; 50 Ohm (Parallel)      ;
; HCSL                               ; 0 pF ; Not Available          ;
; 1.3-V True Differential Signaling  ; 0 pF ; Not Available          ;
; 1.1-V POD                          ; 0 pF ; Not Available          ;
; Differential 1.1-V POD             ; 0 pF ; Not Available          ;
; 1.1-V LVSTL                        ; 0 pF ; Not Available          ;
; Differential 1.1-V LVSTL           ; 0 pF ; Not Available          ;
; 1.05-V LVSTL                       ; 0 pF ; Not Available          ;
; Differential 1.05-V LVSTL          ; 0 pF ; Not Available          ;
; 0.7-V LVSTL                        ; 0 pF ; Not Available          ;
; Differential 0.7-V LVSTL           ; 0 pF ; Not Available          ;
; 0.4-V SLVS                         ; 0 pF ; Not Available          ;
; DPHY                               ; 0 pF ; Not Available          ;
; 1.2-V True Differential Signaling  ; 0 pF ; Not Available          ;
; 1.1-V True Differential Signaling  ; 0 pF ; Not Available          ;
; 1.05-V True Differential Signaling ; 0 pF ; Not Available          ;
; 1.05-V                             ; 0 pF ; Not Available          ;
; 1.1-V                              ; 0 pF ; Not Available          ;
; 1.8-V LVCMOS                       ; 0 pF ; Not Available          ;
; 2.5-V LVCMOS                       ; 0 pF ; Not Available          ;
; 3.3-V LVCMOS                       ; 0 pF ; Not Available          ;
; 1.3-V LVCMOS                       ; 0 pF ; Not Available          ;
+------------------------------------+------+------------------------+
Note: User assignments will override these defaults. The user specified values are listed in the Output Pins and Bidir Pins tables.


+----------------------------------------------------------+
; I/O Assignment Warnings                                  ;
+--------------+-------------------------------------------+
; Pin Name     ; Reason                                    ;
+--------------+-------------------------------------------+
; phy_resetn   ; Missing termination setting               ;
; rgmii_out[0] ; Missing termination setting               ;
; rgmii_out[1] ; Missing termination setting               ;
; rgmii_out[2] ; Missing termination setting               ;
; rgmii_out[3] ; Missing termination setting               ;
; rgmii_txclk  ; Missing termination setting               ;
; rgmii_txctl  ; Missing termination setting               ;
; MDC          ; Missing termination setting               ;
; user_led[0]  ; Missing termination setting and slew rate ;
; user_led[1]  ; Missing termination setting and slew rate ;
; user_led[2]  ; Missing termination setting and slew rate ;
; user_led[3]  ; Missing termination setting and slew rate ;
; MDIO         ; Missing termination setting               ;
+--------------+-------------------------------------------+


+-----------------------------------------------------------------------------------------------------------------------------------------------------------------------------------------------------------------------------+
; Control Signals                                                                                                                                                                                                             ;
+--------------------------------------------------------------------------------------------------------------------------------------------------------------+-----------------------+---------+----------------------------+
; Name                                                                                                                                                         ; Location              ; Fan-Out ; Usage                      ;
+--------------------------------------------------------------------------------------------------------------------------------------------------------------+-----------------------+---------+----------------------------+
; auto_fab_0|alt_sld_fab_0|alt_sld_fab_0|configresetfabric|conf_reset_src|conf_reset                                                                           ; SDMGPIOOUT_X3_Y2_N134 ; 9       ; Async. clear               ;
; auto_fab_0|alt_sld_fab_0|alt_sld_fab_0|jtagpins|atom_inst|core_tck                                                                                           ; SDMJTAGELA_X0_Y2_N124 ; 433     ; Clock                      ;
; auto_fab_0|alt_sld_fab_0|alt_sld_fab_0|jtagpins|atom_inst|core_tms                                                                                           ; SDMJTAGELA_X0_Y2_N124 ; 28      ; Sync. clear                ;
; auto_fab_0|alt_sld_fab_0|alt_sld_fab_0|jtagpins|atom_inst|core_tms~_wirecell                                                                                 ; Unassigned            ; 2       ; Sync. clear                ;
; auto_fab_0|alt_sld_fab_0|alt_sld_fab_0|sldfabric|jtag_hub_gen.real_sld_jtag_hub|clr_reg                                                                      ; Unassigned            ; 34      ; Async. clear               ;
; auto_fab_0|alt_sld_fab_0|alt_sld_fab_0|sldfabric|jtag_hub_gen.real_sld_jtag_hub|hub_info_reg|i166~1                                                          ; Unassigned            ; 6       ; Clock enable               ;
; auto_fab_0|alt_sld_fab_0|alt_sld_fab_0|sldfabric|jtag_hub_gen.real_sld_jtag_hub|hub_info_reg|i174~3                                                          ; Unassigned            ; 2       ; Clock enable               ;
; auto_fab_0|alt_sld_fab_0|alt_sld_fab_0|sldfabric|jtag_hub_gen.real_sld_jtag_hub|hub_mode_reg[1]~2                                                            ; Unassigned            ; 1       ; Clock enable               ;
; auto_fab_0|alt_sld_fab_0|alt_sld_fab_0|sldfabric|jtag_hub_gen.real_sld_jtag_hub|i103                                                                         ; Unassigned            ; 2       ; Async. clear               ;
; auto_fab_0|alt_sld_fab_0|alt_sld_fab_0|sldfabric|jtag_hub_gen.real_sld_jtag_hub|i105~0                                                                       ; Unassigned            ; 3       ; Clock enable               ;
; auto_fab_0|alt_sld_fab_0|alt_sld_fab_0|sldfabric|jtag_hub_gen.real_sld_jtag_hub|i118                                                                         ; Unassigned            ; 6       ; Clock enable               ;
; auto_fab_0|alt_sld_fab_0|alt_sld_fab_0|sldfabric|jtag_hub_gen.real_sld_jtag_hub|i128~1                                                                       ; Unassigned            ; 2       ; Clock enable               ;
; auto_fab_0|alt_sld_fab_0|alt_sld_fab_0|sldfabric|jtag_hub_gen.real_sld_jtag_hub|i246~3_wirecell                                                              ; Unassigned            ; 4       ; Clock enable               ;
; auto_fab_0|alt_sld_fab_0|alt_sld_fab_0|sldfabric|jtag_hub_gen.real_sld_jtag_hub|i265~1                                                                       ; Unassigned            ; 5       ; Clock enable               ;
; auto_fab_0|alt_sld_fab_0|alt_sld_fab_0|sldfabric|jtag_hub_gen.real_sld_jtag_hub|i634                                                                         ; Unassigned            ; 3       ; Async. clear               ;
; auto_fab_0|alt_sld_fab_0|alt_sld_fab_0|sldfabric|jtag_hub_gen.real_sld_jtag_hub|i648~2                                                                       ; Unassigned            ; 3       ; Clock enable               ;
; auto_fab_0|alt_sld_fab_0|alt_sld_fab_0|sldfabric|jtag_hub_gen.real_sld_jtag_hub|identity_contrib_shift_reg[3]~1                                              ; Unassigned            ; 4       ; Clock enable               ;
; auto_fab_0|alt_sld_fab_0|alt_sld_fab_0|sldfabric|jtag_hub_gen.real_sld_jtag_hub|irf_reg[1][0]~1                                                              ; Unassigned            ; 4       ; Clock enable               ;
; auto_fab_0|alt_sld_fab_0|alt_sld_fab_0|sldfabric|jtag_hub_gen.real_sld_jtag_hub|irf_reg[2][0]~3                                                              ; Unassigned            ; 5       ; Clock enable               ;
; auto_fab_0|alt_sld_fab_0|alt_sld_fab_0|sldfabric|jtag_hub_gen.real_sld_jtag_hub|irsr_reg[0]~2                                                                ; Unassigned            ; 5       ; Clock enable               ;
; auto_fab_0|alt_sld_fab_0|alt_sld_fab_0|sldfabric|jtag_hub_gen.real_sld_jtag_hub|mix_writedata[3]~1                                                           ; Unassigned            ; 4       ; Clock enable               ;
; auto_fab_0|alt_sld_fab_0|alt_sld_fab_0|sldfabric|jtag_hub_gen.real_sld_jtag_hub|reset_ena_reg                                                                ; Unassigned            ; 1       ; Clock enable               ;
; auto_fab_0|alt_sld_fab_0|alt_sld_fab_0|sldfabric|jtag_hub_gen.real_sld_jtag_hub|shadow_irf_reg[1][0]~0                                                       ; Unassigned            ; 4       ; Clock enable               ;
; auto_fab_0|alt_sld_fab_0|alt_sld_fab_0|sldfabric|jtag_hub_gen.real_sld_jtag_hub|shadow_irf_reg[2][0]~1                                                       ; Unassigned            ; 5       ; Clock enable               ;
; auto_fab_0|alt_sld_fab_0|alt_sld_fab_0|sldfabric|jtag_hub_gen.real_sld_jtag_hub|shadow_jsm|state[0]                                                          ; Unassigned            ; 14      ; Async. clear               ;
; auto_fab_0|alt_sld_fab_0|alt_sld_fab_0|sldfabric|jtag_hub_gen.real_sld_jtag_hub|shadow_jsm|state[11]                                                         ; Unassigned            ; 15      ; Clock enable               ;
; auto_fab_0|alt_sld_fab_0|alt_sld_fab_0|sldfabric|jtag_hub_gen.real_sld_jtag_hub|shadow_jsm|state[4]                                                          ; Unassigned            ; 116     ; Clock enable               ;
; auto_fab_0|alt_sld_fab_0|alt_sld_fab_0|sldfabric|jtag_hub_gen.real_sld_jtag_hub|virtual_ir_scan_reg                                                          ; Unassigned            ; 112     ; Async. clear, Clock enable ;
; issp_rst|in_system_sources_probes_0|issp_impl|altsource_probe_body_inst|wider_probe_gen.wider_probe_inst|no_instance_id_gen.rom_info_inst|i47~1              ; Unassigned            ; 3       ; Clock enable               ;
; issp_rst|in_system_sources_probes_0|issp_impl|altsource_probe_body_inst|wider_probe_gen.wider_probe_inst|no_instance_id_gen.rom_info_inst|i55~1              ; Unassigned            ; 4       ; Clock enable               ;
; issp_rst|in_system_sources_probes_0|issp_impl|altsource_probe_body_inst|wider_probe_gen.wider_probe_inst|shift_reg[0]~1                                      ; Unassigned            ; 2       ; Clock enable               ;
; issp_rst|in_system_sources_probes_0|issp_impl|altsource_probe_body_inst|wider_probe_gen.wider_probe_inst|shift_reg[2]~_wirecell                              ; Unassigned            ; 1       ; Clock enable               ;
; qsys_top_0|avalon_st_adapter|timing_adapter_0|qsys_top_timing_adapter_1950_4blnw3y_fifo|i17~0                                                                ; Unassigned            ; 44      ; Clock enable, Write enable ;
; qsys_top_0|intel_niosv_g_0|intel_niosv_g_0|dbg_mod|dm_inst|abstauto.progbuf[7]~1                                                                             ; Unassigned            ; 10      ; Clock enable               ;
; qsys_top_0|intel_niosv_g_0|intel_niosv_g_0|dbg_mod|dm_inst|cmd_wr                                                                                            ; Unassigned            ; 48      ; Clock enable               ;
; qsys_top_0|intel_niosv_g_0|intel_niosv_g_0|dbg_mod|dm_inst|cmd_wr_nxt~0                                                                                      ; Unassigned            ; 29      ; Clock enable               ;
; qsys_top_0|intel_niosv_g_0|intel_niosv_g_0|dbg_mod|dm_inst|dm_readdata[4]~ERTM                                                                               ; Unassigned            ; 26      ; Sync. clear                ;
; qsys_top_0|intel_niosv_g_0|intel_niosv_g_0|dbg_mod|dm_inst|dm_readdatavalid                                                                                  ; Unassigned            ; 2       ; Clock enable               ;
; qsys_top_0|intel_niosv_g_0|intel_niosv_g_0|dbg_mod|dm_inst|dmctrl.ndmreset~0                                                                                 ; Unassigned            ; 6       ; Clock enable               ;
; qsys_top_0|intel_niosv_g_0|intel_niosv_g_0|dbg_mod|dm_inst|i156~2                                                                                            ; Unassigned            ; 2       ; Clock enable               ;
; qsys_top_0|intel_niosv_g_0|intel_niosv_g_0|dbg_mod|dm_inst|mlab_wr_en~_wirecell                                                                              ; Unassigned            ; 32      ; Sync. clear                ;
; qsys_top_0|intel_niosv_g_0|intel_niosv_g_0|dbg_mod|dm_inst|niosv_dm_csr_mem_inst|ram_no_ecc.data_ram_inst|auto_generated|altera_syncram_impl1|wr_en_reg[0]   ; Unassigned            ; 32      ; Clock enable               ;
; qsys_top_0|intel_niosv_g_0|intel_niosv_g_0|dbg_mod|dm_inst|nxt_cmdbuf_instr[0]~0                                                                             ; Unassigned            ; 27      ; Sync. clear                ;
; qsys_top_0|intel_niosv_g_0|intel_niosv_g_0|dbg_mod|dtm_inst|cmd_address[6]~0                                                                                 ; Unassigned            ; 7       ; Clock enable               ;
; qsys_top_0|intel_niosv_g_0|intel_niosv_g_0|dbg_mod|dtm_inst|cmd_clk_xer|clock_xer|alt_rst_req_sync_in_rst|altera_reset_synchronizer_int_chain_out            ; Unassigned            ; 44      ; Async. clear               ;
; qsys_top_0|intel_niosv_g_0|intel_niosv_g_0|dbg_mod|dtm_inst|cmd_clk_xer|clock_xer|alt_rst_req_sync_out_rst|altera_reset_synchronizer_int_chain_out           ; Unassigned            ; 47      ; Async. clear               ;
; qsys_top_0|intel_niosv_g_0|intel_niosv_g_0|dbg_mod|dtm_inst|cmd_clk_xer|clock_xer|out_valid_internal                                                         ; Unassigned            ; 2       ; Clock enable               ;
; qsys_top_0|intel_niosv_g_0|intel_niosv_g_0|dbg_mod|dtm_inst|cmd_clk_xer|clock_xer|reset_merged                                                               ; Unassigned            ; 12      ; Async. clear               ;
; qsys_top_0|intel_niosv_g_0|intel_niosv_g_0|dbg_mod|dtm_inst|cmd_clk_xer|clock_xer|take_in_data~0                                                             ; Unassigned            ; 41      ; Clock enable               ;
; qsys_top_0|intel_niosv_g_0|intel_niosv_g_0|dbg_mod|dtm_inst|nxt_cmd_write~0                                                                                  ; Unassigned            ; 33      ; Clock enable               ;
; qsys_top_0|intel_niosv_g_0|intel_niosv_g_0|dbg_mod|dtm_inst|nxt_shifted_dmi[0]~0                                                                             ; Unassigned            ; 41      ; Clock enable               ;
; qsys_top_0|intel_niosv_g_0|intel_niosv_g_0|dbg_mod|dtm_inst|nxt_updated_dmi[2]~1                                                                             ; Unassigned            ; 32      ; Clock enable               ;
; qsys_top_0|intel_niosv_g_0|intel_niosv_g_0|dbg_mod|dtm_inst|rsp_clk_xer|clock_xer|alt_rst_req_sync_in_rst|altera_reset_synchronizer_int_chain_out            ; Unassigned            ; 35      ; Async. clear               ;
; qsys_top_0|intel_niosv_g_0|intel_niosv_g_0|dbg_mod|dtm_inst|rsp_clk_xer|clock_xer|alt_rst_req_sync_out_rst|altera_reset_synchronizer_int_chain_out           ; Unassigned            ; 38      ; Async. clear               ;
; qsys_top_0|intel_niosv_g_0|intel_niosv_g_0|dbg_mod|dtm_inst|rsp_clk_xer|clock_xer|output_stage|full1                                                         ; Unassigned            ; 35      ; Sync. clear                ;
; qsys_top_0|intel_niosv_g_0|intel_niosv_g_0|dbg_mod|dtm_inst|rsp_clk_xer|clock_xer|take_in_data                                                               ; Unassigned            ; 32      ; Clock enable               ;
; qsys_top_0|intel_niosv_g_0|intel_niosv_g_0|dbg_mod|dtm_inst|rst_controller|alt_rst_sync_uq1|altera_reset_synchronizer_int_chain_out                          ; Unassigned            ; 4       ; Async. clear               ;
; qsys_top_0|intel_niosv_g_0|intel_niosv_g_0|dbg_mod|dtm_inst|shifted_dtmcs[0]~0                                                                               ; Unassigned            ; 32      ; Clock enable               ;
; qsys_top_0|intel_niosv_g_0|intel_niosv_g_0|dbg_mod|dtm_inst|updated_dmi[42]~0                                                                                ; Unassigned            ; 9       ; Clock enable               ;
; qsys_top_0|intel_niosv_g_0|intel_niosv_g_0|hart|core_inst|C_expn_update                                                                                      ; Unassigned            ; 84      ; Sync. clear                ;
; qsys_top_0|intel_niosv_g_0|intel_niosv_g_0|hart|core_inst|D_ready                                                                                            ; Unassigned            ; 127     ; Clock enable               ;
; qsys_top_0|intel_niosv_g_0|intel_niosv_g_0|hart|core_inst|D_rs2_fpr_val[0]~5                                                                                 ; Unassigned            ; 32      ; Sync. clear                ;
; qsys_top_0|intel_niosv_g_0|intel_niosv_g_0|hart|core_inst|E_csr_set~0                                                                                        ; Unassigned            ; 2       ; Clock enable               ;
; qsys_top_0|intel_niosv_g_0|intel_niosv_g_0|hart|core_inst|M0_instr_valid                                                                                     ; Unassigned            ; 19      ; Clock enable               ;
; qsys_top_0|intel_niosv_g_0|intel_niosv_g_0|hart|core_inst|M0_ready~1                                                                                         ; Unassigned            ; 16      ; Sync. clear                ;
; qsys_top_0|intel_niosv_g_0|intel_niosv_g_0|hart|core_inst|M0_ready~1_wirecell                                                                                ; Unassigned            ; 537     ; Clock enable               ;
; qsys_top_0|intel_niosv_g_0|intel_niosv_g_0|hart|core_inst|M1_ecc_wait_for_nmi~0                                                                              ; Unassigned            ; 6       ; Clock enable               ;
; qsys_top_0|intel_niosv_g_0|intel_niosv_g_0|hart|core_inst|csr_inst|dcsr.ebreakm~0                                                                            ; Unassigned            ; 2       ; Clock enable               ;
; qsys_top_0|intel_niosv_g_0|intel_niosv_g_0|hart|core_inst|csr_inst|debug_pc_nxt[0]~4                                                                         ; Unassigned            ; 32      ; Clock enable               ;
; qsys_top_0|intel_niosv_g_0|intel_niosv_g_0|hart|core_inst|csr_inst|dscratch0[31]~0                                                                           ; Unassigned            ; 32      ; Clock enable               ;
; qsys_top_0|intel_niosv_g_0|intel_niosv_g_0|hart|core_inst|csr_inst|dscratch1[31]~0                                                                           ; Unassigned            ; 32      ; Clock enable               ;
; qsys_top_0|intel_niosv_g_0|intel_niosv_g_0|hart|core_inst|csr_inst|mcause_nxt.code[0]~1                                                                      ; Unassigned            ; 6       ; Clock enable               ;
; qsys_top_0|intel_niosv_g_0|intel_niosv_g_0|hart|core_inst|csr_inst|mcontrol.select~0                                                                         ; Unassigned            ; 5       ; Clock enable               ;
; qsys_top_0|intel_niosv_g_0|intel_niosv_g_0|hart|core_inst|csr_inst|mepc_nxt.epc[0]~1                                                                         ; Unassigned            ; 30      ; Clock enable               ;
; qsys_top_0|intel_niosv_g_0|intel_niosv_g_0|hart|core_inst|csr_inst|mie.meie~1                                                                                ; Unassigned            ; 19      ; Clock enable               ;
; qsys_top_0|intel_niosv_g_0|intel_niosv_g_0|hart|core_inst|csr_inst|mscratch[31]~0                                                                            ; Unassigned            ; 32      ; Clock enable               ;
; qsys_top_0|intel_niosv_g_0|intel_niosv_g_0|hart|core_inst|csr_inst|mtval2_nxt[0]~1                                                                           ; Unassigned            ; 5       ; Clock enable               ;
; qsys_top_0|intel_niosv_g_0|intel_niosv_g_0|hart|core_inst|csr_inst|mtval_nxt[0]~1                                                                            ; Unassigned            ; 32      ; Clock enable               ;
; qsys_top_0|intel_niosv_g_0|intel_niosv_g_0|hart|core_inst|csr_inst|mtvec.base[29]~0                                                                          ; Unassigned            ; 32      ; Clock enable               ;
; qsys_top_0|intel_niosv_g_0|intel_niosv_g_0|hart|core_inst|csr_inst|tdata2[31]~0                                                                              ; Unassigned            ; 32      ; Clock enable               ;
; qsys_top_0|intel_niosv_g_0|intel_niosv_g_0|hart|core_inst|gen_branch_prediction.new_pc_inst|branch_prediction_inst|branch_pred_taken                         ; Unassigned            ; 54      ; Clock enable               ;
; qsys_top_0|intel_niosv_g_0|intel_niosv_g_0|hart|core_inst|gen_branch_prediction.new_pc_inst|dispatch_jmp~0                                                   ; Unassigned            ; 33      ; Clock enable               ;
; qsys_top_0|intel_niosv_g_0|intel_niosv_g_0|hart|core_inst|gen_branch_prediction.new_pc_inst|fetch_hold~_wirecell                                             ; Unassigned            ; 30      ; Clock enable               ;
; qsys_top_0|intel_niosv_g_0|intel_niosv_g_0|hart|core_inst|gen_branch_prediction.new_pc_inst|i515~1                                                           ; Unassigned            ; 30      ; Clock enable               ;
; qsys_top_0|intel_niosv_g_0|intel_niosv_g_0|hart|core_inst|gen_branch_prediction.new_pc_inst|i520~0                                                           ; Unassigned            ; 32      ; Clock enable               ;
; qsys_top_0|intel_niosv_g_0|intel_niosv_g_0|hart|core_inst|gen_branch_prediction.new_pc_inst|i825                                                             ; Unassigned            ; 66      ; Clock enable               ;
; qsys_top_0|intel_niosv_g_0|intel_niosv_g_0|hart|core_inst|gen_branch_prediction.new_pc_inst|i830~0                                                           ; Unassigned            ; 2       ; Clock enable               ;
; qsys_top_0|intel_niosv_g_0|intel_niosv_g_0|hart|core_inst|gen_cached_instr_fetch.icache_inst|address_transfer[31]~0                                          ; Unassigned            ; 30      ; Clock enable               ;
; qsys_top_0|intel_niosv_g_0|intel_niosv_g_0|hart|core_inst|gen_cached_instr_fetch.icache_inst|i1364~0                                                         ; Unassigned            ; 27      ; Sync. clear                ;
; qsys_top_0|intel_niosv_g_0|intel_niosv_g_0|hart|core_inst|gen_cached_instr_fetch.icache_inst|i1364~2                                                         ; Unassigned            ; 27      ; Clock enable               ;
; qsys_top_0|intel_niosv_g_0|intel_niosv_g_0|hart|core_inst|gen_cached_instr_fetch.icache_inst|i1854~1                                                         ; Unassigned            ; 24      ; Write enable               ;
; qsys_top_0|intel_niosv_g_0|intel_niosv_g_0|hart|core_inst|gen_cached_instr_fetch.icache_inst|i221~0                                                          ; Unassigned            ; 3       ; Clock enable               ;
; qsys_top_0|intel_niosv_g_0|intel_niosv_g_0|hart|core_inst|gen_cached_instr_fetch.icache_inst|i573~0                                                          ; Unassigned            ; 30      ; Clock enable               ;
; qsys_top_0|intel_niosv_g_0|intel_niosv_g_0|hart|core_inst|gen_cached_instr_fetch.icache_inst|iram_wr_en~0                                                    ; Unassigned            ; 32      ; Write enable               ;
; qsys_top_0|intel_niosv_g_0|intel_niosv_g_0|hart|core_inst|gen_cached_instr_fetch.icache_inst|state.S_FETCH_REQ~_wirecell                                     ; Unassigned            ; 1       ; Sync. clear                ;
; qsys_top_0|intel_niosv_g_0|intel_niosv_g_0|hart|core_inst|gen_cached_instr_fetch.icache_inst|word_valid[4]~ERTM                                              ; Unassigned            ; 8       ; Sync. clear                ;
; qsys_top_0|intel_niosv_g_0|intel_niosv_g_0|hart|core_inst|gen_cached_instr_fetch.icache_inst|word_valid[4]~ERTM0                                             ; Unassigned            ; 8       ; Clock enable               ;
; qsys_top_0|intel_niosv_g_0|intel_niosv_g_0|hart|core_inst|gen_dcache_lsu.dcache_lsu_inst|C0_st_instr_valid~2                                                 ; Unassigned            ; 3       ; Clock enable               ;
; qsys_top_0|intel_niosv_g_0|intel_niosv_g_0|hart|core_inst|gen_dcache_lsu.dcache_lsu_inst|C2_dc_filling~0                                                     ; Unassigned            ; 44      ; Clock enable               ;
; qsys_top_0|intel_niosv_g_0|intel_niosv_g_0|hart|core_inst|gen_dcache_lsu.dcache_lsu_inst|Select_0~0                                                          ; Unassigned            ; 9       ; Clock enable               ;
; qsys_top_0|intel_niosv_g_0|intel_niosv_g_0|hart|core_inst|gen_dcache_lsu.dcache_lsu_inst|dram_wr_en~0                                                        ; Unassigned            ; 33      ; Write enable               ;
; qsys_top_0|intel_niosv_g_0|intel_niosv_g_0|hart|core_inst|gen_dcache_lsu.dcache_lsu_inst|i1887~0                                                             ; Unassigned            ; 8       ; Sync. clear                ;
; qsys_top_0|intel_niosv_g_0|intel_niosv_g_0|hart|core_inst|gen_dcache_lsu.dcache_lsu_inst|i1901~1                                                             ; Unassigned            ; 8       ; Sync. clear                ;
; qsys_top_0|intel_niosv_g_0|intel_niosv_g_0|hart|core_inst|gen_dcache_lsu.dcache_lsu_inst|i640                                                                ; Unassigned            ; 10      ; Clock enable               ;
; qsys_top_0|intel_niosv_g_0|intel_niosv_g_0|hart|core_inst|gen_dcache_lsu.dcache_lsu_inst|i815                                                                ; Unassigned            ; 21      ; Clock enable               ;
; qsys_top_0|intel_niosv_g_0|intel_niosv_g_0|hart|core_inst|gen_dcache_lsu.dcache_lsu_inst|init_mem_read~0                                                     ; Unassigned            ; 6       ; Clock enable               ;
; qsys_top_0|intel_niosv_g_0|intel_niosv_g_0|hart|core_inst|gen_dcache_lsu.dcache_lsu_inst|init_mem_write~0                                                    ; Unassigned            ; 10      ; Clock enable               ;
; qsys_top_0|intel_niosv_g_0|intel_niosv_g_0|hart|core_inst|gen_dcache_lsu.dcache_lsu_inst|read_cmd|Mux_6~2                                                    ; Unassigned            ; 4       ; Clock enable               ;
; qsys_top_0|intel_niosv_g_0|intel_niosv_g_0|hart|core_inst|gen_dcache_lsu.dcache_lsu_inst|victim_wr_en_q                                                      ; Unassigned            ; 41      ; Clock enable               ;
; qsys_top_0|intel_niosv_g_0|intel_niosv_g_0|hart|core_inst|gen_dcache_lsu.dcache_lsu_inst|wr_rsp_status|i19~0                                                 ; Unassigned            ; 1       ; Clock enable               ;
; qsys_top_0|intel_niosv_g_0|intel_niosv_g_0|hart|core_inst|gen_dcache_lsu.dcache_lsu_inst|wr_rsp_status|mem_used[1]~1                                         ; Unassigned            ; 6       ; Clock enable               ;
; qsys_top_0|intel_niosv_g_0|intel_niosv_g_0|hart|core_inst|gen_dcache_lsu.dcache_lsu_inst|wr_tag_en~1                                                         ; Unassigned            ; 23      ; Write enable               ;
; qsys_top_0|intel_niosv_g_0|intel_niosv_g_0|hart|core_inst|gen_dcache_lsu.dcache_lsu_inst|write_adrs|Mux_6~2                                                  ; Unassigned            ; 4       ; Clock enable               ;
; qsys_top_0|intel_niosv_g_0|intel_niosv_g_0|hart|core_inst|gen_dcache_lsu.dcache_lsu_inst|write_data|Mux_6~3                                                  ; Unassigned            ; 4       ; Clock enable               ;
; qsys_top_0|intel_niosv_g_0|intel_niosv_g_0|hart|core_inst|gen_muldiv.div_inst|M0_div_stall                                                                   ; Unassigned            ; 138     ; Clock enable, Sync. clear  ;
; qsys_top_0|intel_niosv_g_0|intel_niosv_g_0|hart|core_inst|gen_muldiv.div_inst|div_quotient_done~_wirecell                                                    ; Unassigned            ; 33      ; Clock enable               ;
; qsys_top_0|intel_niosv_g_0|intel_niosv_g_0|hart|core_inst|gen_muldiv.div_inst|i717~0                                                                         ; Unassigned            ; 33      ; Clock enable               ;
; qsys_top_0|intel_niosv_g_0|intel_niosv_g_0|hart|core_inst|gen_muldiv.div_inst|i916                                                                           ; Unassigned            ; 1       ; Clock enable               ;
; qsys_top_0|intel_niosv_g_0|intel_niosv_g_0|hart|core_inst|gen_muldiv.mul_inst|i9                                                                             ; Unassigned            ; 1       ; Clock enable               ;
; qsys_top_0|intel_niosv_g_0|intel_niosv_g_0|hart|core_inst|i2321~1                                                                                            ; Unassigned            ; 3       ; Clock enable               ;
; qsys_top_0|intel_niosv_g_0|intel_niosv_g_0|hart|core_inst|i2908                                                                                              ; Unassigned            ; 38      ; Clock enable               ;
; qsys_top_0|intel_niosv_g_0|intel_niosv_g_0|hart|core_inst|i2910                                                                                              ; Unassigned            ; 32      ; Clock enable               ;
; qsys_top_0|intel_niosv_g_0|intel_niosv_g_0|hart|core_inst|i3083~0                                                                                            ; Unassigned            ; 6       ; Clock enable               ;
; qsys_top_0|intel_niosv_g_0|intel_niosv_g_0|hart|core_inst|i3835~0                                                                                            ; Unassigned            ; 17      ; Clock enable               ;
; qsys_top_0|intel_niosv_g_0|intel_niosv_g_0|hart|core_inst|i4011                                                                                              ; Unassigned            ; 41      ; Clock enable               ;
; qsys_top_0|intel_niosv_g_0|intel_niosv_g_0|hart|core_inst|i4013                                                                                              ; Unassigned            ; 32      ; Clock enable               ;
; qsys_top_0|intel_niosv_g_0|intel_niosv_g_0|hart|core_inst|i4926~1                                                                                            ; Unassigned            ; 12      ; Sync. clear                ;
; qsys_top_0|intel_niosv_g_0|intel_niosv_g_0|hart|core_inst|i4926~1_wirecell                                                                                   ; Unassigned            ; 108     ; Clock enable               ;
; qsys_top_0|intel_niosv_g_0|intel_niosv_g_0|hart|core_inst|i5202                                                                                              ; Unassigned            ; 34      ; Clock enable               ;
; qsys_top_0|intel_niosv_g_0|intel_niosv_g_0|hart|core_inst|i5340                                                                                              ; Unassigned            ; 36      ; Clock enable               ;
; qsys_top_0|intel_niosv_g_0|intel_niosv_g_0|hart|core_inst|i6796                                                                                              ; Unassigned            ; 64      ; Write enable               ;
; qsys_top_0|intel_niosv_g_0|intel_niosv_g_0|hart|core_inst|instr_decoder_inst|Mux_55~0_wirecell                                                               ; Unassigned            ; 27      ; Sync. clear                ;
; qsys_top_0|intel_niosv_g_0|intel_niosv_g_0|timer_module|i61~0                                                                                                ; Unassigned            ; 31      ; Sync. clear                ;
; qsys_top_0|intel_niosv_g_0|intel_niosv_g_0|timer_module|msip~0                                                                                               ; Unassigned            ; 1       ; Clock enable               ;
; qsys_top_0|intel_niosv_g_0|intel_niosv_g_0|timer_module|mtimecmp[15]~6                                                                                       ; Unassigned            ; 8       ; Clock enable               ;
; qsys_top_0|intel_niosv_g_0|intel_niosv_g_0|timer_module|mtimecmp[23]~8                                                                                       ; Unassigned            ; 8       ; Clock enable               ;
; qsys_top_0|intel_niosv_g_0|intel_niosv_g_0|timer_module|mtimecmp[31]~4                                                                                       ; Unassigned            ; 8       ; Clock enable               ;
; qsys_top_0|intel_niosv_g_0|intel_niosv_g_0|timer_module|mtimecmp[39]~1                                                                                       ; Unassigned            ; 8       ; Clock enable               ;
; qsys_top_0|intel_niosv_g_0|intel_niosv_g_0|timer_module|mtimecmp[47]~7                                                                                       ; Unassigned            ; 8       ; Clock enable               ;
; qsys_top_0|intel_niosv_g_0|intel_niosv_g_0|timer_module|mtimecmp[55]~9                                                                                       ; Unassigned            ; 8       ; Clock enable               ;
; qsys_top_0|intel_niosv_g_0|intel_niosv_g_0|timer_module|mtimecmp[62]~5                                                                                       ; Unassigned            ; 8       ; Clock enable               ;
; qsys_top_0|intel_niosv_g_0|intel_niosv_g_0|timer_module|mtimecmp[7]~3                                                                                        ; Unassigned            ; 8       ; Clock enable               ;
; qsys_top_0|mm_interconnect_0|cmd_mux_001|update_grant~0                                                                                                      ; Unassigned            ; 5       ; Clock enable               ;
; qsys_top_0|mm_interconnect_0|cmd_mux_003|update_grant                                                                                                        ; Unassigned            ; 5       ; Clock enable               ;
; qsys_top_0|mm_interconnect_0|cmd_mux_004|update_grant                                                                                                        ; Unassigned            ; 5       ; Clock enable               ;
; qsys_top_0|mm_interconnect_0|cmd_mux_005|arb|i42~2                                                                                                           ; Unassigned            ; 2       ; Clock enable               ;
; qsys_top_0|mm_interconnect_0|cmd_mux_005|save_grant                                                                                                          ; Unassigned            ; 6       ; Clock enable               ;
; qsys_top_0|mm_interconnect_0|cmd_mux_006|update_grant                                                                                                        ; Unassigned            ; 5       ; Clock enable               ;
; qsys_top_0|mm_interconnect_0|cmd_mux_007|update_grant~0                                                                                                      ; Unassigned            ; 5       ; Clock enable               ;
; qsys_top_0|mm_interconnect_0|cmd_mux_008|arb|i96~0                                                                                                           ; Unassigned            ; 8       ; Clock enable               ;
; qsys_top_0|mm_interconnect_0|cmd_mux_008|arb|internal_sclr                                                                                                   ; Unassigned            ; 10      ; Sync. clear                ;
; qsys_top_0|mm_interconnect_0|cmd_mux_008|save_grant~0                                                                                                        ; Unassigned            ; 11      ; Clock enable               ;
; qsys_top_0|mm_interconnect_0|cmd_mux_009|arb|i78~1                                                                                                           ; Unassigned            ; 7       ; Clock enable               ;
; qsys_top_0|mm_interconnect_0|cmd_mux_009|save_grant~0_wirecell                                                                                               ; Unassigned            ; 8       ; Clock enable               ;
; qsys_top_0|mm_interconnect_0|cmd_mux_010|update_grant~0                                                                                                      ; Unassigned            ; 5       ; Clock enable               ;
; qsys_top_0|mm_interconnect_0|cmd_mux_011|update_grant~0                                                                                                      ; Unassigned            ; 4       ; Clock enable               ;
; qsys_top_0|mm_interconnect_0|cmd_mux|update_grant                                                                                                            ; Unassigned            ; 5       ; Clock enable               ;
; qsys_top_0|mm_interconnect_0|intel_niosv_g_0_data_manager_agent|align_address_to_size|i413~2                                                                 ; Unassigned            ; 20      ; Clock enable               ;
; qsys_top_0|mm_interconnect_0|intel_niosv_g_0_data_manager_agent|align_address_to_size|internal_sclr                                                          ; Unassigned            ; 21      ; Sync. clear                ;
; qsys_top_0|mm_interconnect_0|intel_niosv_g_0_data_manager_agent|arready~4_wirecell                                                                           ; Unassigned            ; 22      ; Clock enable               ;
; qsys_top_0|mm_interconnect_0|intel_niosv_g_0_data_manager_agent|i1014~0                                                                                      ; Unassigned            ; 9       ; Clock enable               ;
; qsys_top_0|mm_interconnect_0|intel_niosv_g_0_data_manager_agent|i12                                                                                          ; Unassigned            ; 35      ; Clock enable               ;
; qsys_top_0|mm_interconnect_0|intel_niosv_g_0_data_manager_agent|i19                                                                                          ; Unassigned            ; 49      ; Clock enable               ;
; qsys_top_0|mm_interconnect_0|intel_niosv_g_0_data_manager_agent|internal_sclr                                                                                ; Unassigned            ; 14      ; Sync. clear                ;
; qsys_top_0|mm_interconnect_0|intel_niosv_g_0_dm_agent_agent_rdata_fifo|i193                                                                                  ; Unassigned            ; 32      ; Clock enable               ;
; qsys_top_0|mm_interconnect_0|intel_niosv_g_0_dm_agent_agent_rdata_fifo|i375~1                                                                                ; Unassigned            ; 2       ; Clock enable               ;
; qsys_top_0|mm_interconnect_0|intel_niosv_g_0_dm_agent_agent_rdata_fifo|i87                                                                                   ; Unassigned            ; 32      ; Clock enable               ;
; qsys_top_0|mm_interconnect_0|intel_niosv_g_0_dm_agent_agent_rsp_fifo|i382~0                                                                                  ; Unassigned            ; 14      ; Clock enable               ;
; qsys_top_0|mm_interconnect_0|intel_niosv_g_0_dm_agent_agent_rsp_fifo|i935                                                                                    ; Unassigned            ; 14      ; Clock enable               ;
; qsys_top_0|mm_interconnect_0|intel_niosv_g_0_dm_agent_agent|i943~0                                                                                           ; Unassigned            ; 14      ; Clock enable               ;
; qsys_top_0|mm_interconnect_0|intel_niosv_g_0_dm_agent_burst_adapter|altera_merlin_burst_adapter_13_1.burst_adapter|i1854~0                                   ; Unassigned            ; 53      ; Clock enable               ;
; qsys_top_0|mm_interconnect_0|intel_niosv_g_0_dm_agent_burst_adapter|altera_merlin_burst_adapter_13_1.burst_adapter|i768~0                                    ; Unassigned            ; 47      ; Clock enable               ;
; qsys_top_0|mm_interconnect_0|intel_niosv_g_0_dm_agent_burst_adapter|altera_merlin_burst_adapter_13_1.burst_adapter|internal_sclr                             ; Unassigned            ; 106     ; Sync. clear                ;
; qsys_top_0|mm_interconnect_0|intel_niosv_g_0_instruction_manager_agent|arready~0                                                                             ; Unassigned            ; 28      ; Clock enable               ;
; qsys_top_0|mm_interconnect_0|intel_niosv_g_0_instruction_manager_rd_limiter|i44~1                                                                            ; Unassigned            ; 2       ; Clock enable               ;
; qsys_top_0|mm_interconnect_0|intel_niosv_g_0_instruction_manager_rd_limiter|i695~2                                                                           ; Unassigned            ; 2       ; Clock enable               ;
; qsys_top_0|mm_interconnect_0|intel_niosv_g_0_timer_sw_agent_agent_rdata_fifo|i87                                                                             ; Unassigned            ; 32      ; Clock enable               ;
; qsys_top_0|mm_interconnect_0|intel_niosv_g_0_timer_sw_agent_agent_rsp_fifo|i1309~3                                                                           ; Unassigned            ; 13      ; Clock enable               ;
; qsys_top_0|mm_interconnect_0|intel_niosv_g_0_timer_sw_agent_agent|uncompressor|i103~0                                                                        ; Unassigned            ; 13      ; Clock enable               ;
; qsys_top_0|mm_interconnect_0|intel_niosv_g_0_timer_sw_agent_burst_adapter|altera_merlin_burst_adapter_13_1.burst_adapter|i1886~0                             ; Unassigned            ; 35      ; Clock enable               ;
; qsys_top_0|mm_interconnect_0|intel_niosv_g_0_timer_sw_agent_burst_adapter|altera_merlin_burst_adapter_13_1.burst_adapter|i761~0                              ; Unassigned            ; 43      ; Clock enable               ;
; qsys_top_0|mm_interconnect_0|intel_niosv_g_0_timer_sw_agent_burst_adapter|altera_merlin_burst_adapter_13_1.burst_adapter|internal_sclr                       ; Unassigned            ; 84      ; Sync. clear                ;
; qsys_top_0|mm_interconnect_0|sys_cpu_ram_s1_agent_rdata_fifo|i87                                                                                             ; Unassigned            ; 32      ; Clock enable               ;
; qsys_top_0|mm_interconnect_0|sys_cpu_ram_s1_agent_rsp_fifo|i382~0                                                                                            ; Unassigned            ; 17      ; Clock enable               ;
; qsys_top_0|mm_interconnect_0|sys_cpu_ram_s1_agent|m0_read~0                                                                                                  ; Unassigned            ; 7842    ; Read enable                ;
; qsys_top_0|mm_interconnect_0|sys_cpu_ram_s1_agent|uncompressor|i103~0                                                                                        ; Unassigned            ; 11      ; Clock enable               ;
; qsys_top_0|mm_interconnect_0|sys_cpu_ram_s1_burst_adapter|altera_merlin_burst_adapter_13_1.burst_adapter|i1822~0                                             ; Unassigned            ; 63      ; Clock enable               ;
; qsys_top_0|mm_interconnect_0|sys_cpu_ram_s1_burst_adapter|altera_merlin_burst_adapter_13_1.burst_adapter|i761~3                                              ; Unassigned            ; 32      ; Sync. clear                ;
; qsys_top_0|mm_interconnect_0|sys_cpu_ram_s1_burst_adapter|altera_merlin_burst_adapter_13_1.burst_adapter|i768~0                                              ; Unassigned            ; 53      ; Clock enable               ;
; qsys_top_0|mm_interconnect_0|sys_cpu_ram_s1_burst_adapter|altera_merlin_burst_adapter_13_1.burst_adapter|internal_sclr                                       ; Unassigned            ; 91      ; Sync. clear                ;
; qsys_top_0|mm_interconnect_0|sys_desc_mem_s1_agent_rdata_fifo|i87                                                                                            ; Unassigned            ; 32      ; Clock enable               ;
; qsys_top_0|mm_interconnect_0|sys_desc_mem_s1_agent_rsp_fifo|i382~0                                                                                           ; Unassigned            ; 17      ; Clock enable               ;
; qsys_top_0|mm_interconnect_0|sys_desc_mem_s1_agent|m0_read~0                                                                                                 ; Unassigned            ; 33      ; Read enable                ;
; qsys_top_0|mm_interconnect_0|sys_desc_mem_s1_agent|m0_write~1                                                                                                ; Unassigned            ; 32      ; Write enable               ;
; qsys_top_0|mm_interconnect_0|sys_desc_mem_s1_agent|uncompressor|i103~0                                                                                       ; Unassigned            ; 11      ; Clock enable               ;
; qsys_top_0|mm_interconnect_0|sys_desc_mem_s1_burst_adapter|altera_merlin_burst_adapter_13_1.burst_adapter|i1822~0                                            ; Unassigned            ; 49      ; Clock enable               ;
; qsys_top_0|mm_interconnect_0|sys_desc_mem_s1_burst_adapter|altera_merlin_burst_adapter_13_1.burst_adapter|i761~0                                             ; Unassigned            ; 49      ; Clock enable               ;
; qsys_top_0|mm_interconnect_0|sys_desc_mem_s1_burst_adapter|altera_merlin_burst_adapter_13_1.burst_adapter|i761~4                                             ; Unassigned            ; 32      ; Sync. clear                ;
; qsys_top_0|mm_interconnect_0|sys_desc_mem_s1_burst_adapter|altera_merlin_burst_adapter_13_1.burst_adapter|internal_sclr                                      ; Unassigned            ; 71      ; Sync. clear                ;
; qsys_top_0|mm_interconnect_0|sys_jtag_uart_avalon_jtag_slave_agent_rdata_fifo|i87                                                                            ; Unassigned            ; 23      ; Clock enable               ;
; qsys_top_0|mm_interconnect_0|sys_jtag_uart_avalon_jtag_slave_agent_rsp_fifo|i382~0                                                                           ; Unassigned            ; 13      ; Clock enable               ;
; qsys_top_0|mm_interconnect_0|sys_jtag_uart_avalon_jtag_slave_agent|uncompressor|i103~0                                                                       ; Unassigned            ; 14      ; Clock enable               ;
; qsys_top_0|mm_interconnect_0|sys_jtag_uart_avalon_jtag_slave_burst_adapter|altera_merlin_burst_adapter_13_1.burst_adapter|i1886~0                            ; Unassigned            ; 29      ; Clock enable               ;
; qsys_top_0|mm_interconnect_0|sys_jtag_uart_avalon_jtag_slave_burst_adapter|altera_merlin_burst_adapter_13_1.burst_adapter|i761~0                             ; Unassigned            ; 20      ; Clock enable               ;
; qsys_top_0|mm_interconnect_0|sys_jtag_uart_avalon_jtag_slave_burst_adapter|altera_merlin_burst_adapter_13_1.burst_adapter|internal_sclr                      ; Unassigned            ; 55      ; Sync. clear                ;
; qsys_top_0|mm_interconnect_0|sys_jtag_uart_avalon_jtag_slave_translator|internal_sclr                                                                        ; Unassigned            ; 25      ; Sync. clear                ;
; qsys_top_0|mm_interconnect_0|sys_led_pio_s1_agent_rdata_fifo|i87                                                                                             ; Unassigned            ; 4       ; Clock enable               ;
; qsys_top_0|mm_interconnect_0|sys_led_pio_s1_agent_rsp_fifo|i382~0                                                                                            ; Unassigned            ; 13      ; Clock enable               ;
; qsys_top_0|mm_interconnect_0|sys_led_pio_s1_agent|uncompressor|i103~0                                                                                        ; Unassigned            ; 13      ; Clock enable               ;
; qsys_top_0|mm_interconnect_0|sys_led_pio_s1_burst_adapter|altera_merlin_burst_adapter_13_1.burst_adapter|i2130~0                                             ; Unassigned            ; 31      ; Clock enable               ;
; qsys_top_0|mm_interconnect_0|sys_led_pio_s1_burst_adapter|altera_merlin_burst_adapter_13_1.burst_adapter|i781~0                                              ; Unassigned            ; 15      ; Clock enable               ;
; qsys_top_0|mm_interconnect_0|sys_led_pio_s1_burst_adapter|altera_merlin_burst_adapter_13_1.burst_adapter|internal_sclr                                       ; Unassigned            ; 52      ; Sync. clear                ;
; qsys_top_0|mm_interconnect_0|sys_sysid_control_slave_agent_rsp_fifo|i382~0                                                                                   ; Unassigned            ; 11      ; Clock enable               ;
; qsys_top_0|mm_interconnect_0|sys_sysid_control_slave_agent|i943                                                                                              ; Unassigned            ; 12      ; Clock enable               ;
; qsys_top_0|mm_interconnect_0|sys_sysid_control_slave_burst_adapter|altera_merlin_burst_adapter_13_1.burst_adapter|i1886~0                                    ; Unassigned            ; 27      ; Clock enable               ;
; qsys_top_0|mm_interconnect_0|sys_sysid_control_slave_burst_adapter|altera_merlin_burst_adapter_13_1.burst_adapter|i768~1                                     ; Unassigned            ; 4       ; Clock enable               ;
; qsys_top_0|mm_interconnect_0|sys_sysid_control_slave_burst_adapter|altera_merlin_burst_adapter_13_1.burst_adapter|internal_sclr                              ; Unassigned            ; 36      ; Sync. clear                ;
; qsys_top_0|mm_interconnect_0|sys_sysid_control_slave_translator|internal_sclr                                                                                ; Unassigned            ; 35      ; Sync. clear                ;
; qsys_top_0|mm_interconnect_0|sys_tse_control_port_agent_rdata_fifo|i87                                                                                       ; Unassigned            ; 32      ; Clock enable               ;
; qsys_top_0|mm_interconnect_0|sys_tse_control_port_agent_rsp_fifo|i382~0                                                                                      ; Unassigned            ; 13      ; Clock enable               ;
; qsys_top_0|mm_interconnect_0|sys_tse_control_port_agent|uncompressor|i103~0                                                                                  ; Unassigned            ; 14      ; Clock enable               ;
; qsys_top_0|mm_interconnect_0|sys_tse_control_port_burst_adapter|altera_merlin_burst_adapter_13_1.burst_adapter|i1854~0                                       ; Unassigned            ; 43      ; Clock enable               ;
; qsys_top_0|mm_interconnect_0|sys_tse_control_port_burst_adapter|altera_merlin_burst_adapter_13_1.burst_adapter|i761~0                                        ; Unassigned            ; 43      ; Clock enable               ;
; qsys_top_0|mm_interconnect_0|sys_tse_control_port_burst_adapter|altera_merlin_burst_adapter_13_1.burst_adapter|internal_sclr                                 ; Unassigned            ; 92      ; Sync. clear                ;
; qsys_top_0|mm_interconnect_0|sys_tse_control_port_translator|internal_sclr                                                                                   ; Unassigned            ; 34      ; Sync. clear                ;
; qsys_top_0|mm_interconnect_0|sys_tse_msgdma_rx_csr_agent_rdata_fifo|i87                                                                                      ; Unassigned            ; 21      ; Clock enable               ;
; qsys_top_0|mm_interconnect_0|sys_tse_msgdma_rx_csr_agent_rsp_fifo|i382~0                                                                                     ; Unassigned            ; 13      ; Clock enable               ;
; qsys_top_0|mm_interconnect_0|sys_tse_msgdma_rx_csr_agent|uncompressor|i103~0                                                                                 ; Unassigned            ; 13      ; Clock enable               ;
; qsys_top_0|mm_interconnect_0|sys_tse_msgdma_rx_csr_burst_adapter|altera_merlin_burst_adapter_13_1.burst_adapter|i1886~0                                      ; Unassigned            ; 33      ; Clock enable               ;
; qsys_top_0|mm_interconnect_0|sys_tse_msgdma_rx_csr_burst_adapter|altera_merlin_burst_adapter_13_1.burst_adapter|i761~0                                       ; Unassigned            ; 18      ; Clock enable               ;
; qsys_top_0|mm_interconnect_0|sys_tse_msgdma_rx_csr_burst_adapter|altera_merlin_burst_adapter_13_1.burst_adapter|internal_sclr                                ; Unassigned            ; 57      ; Sync. clear                ;
; qsys_top_0|mm_interconnect_0|sys_tse_msgdma_rx_descriptor_read_master_limiter|i44~1                                                                          ; Unassigned            ; 2       ; Clock enable               ;
; qsys_top_0|mm_interconnect_0|sys_tse_msgdma_rx_descriptor_read_master_limiter|i694~2                                                                         ; Unassigned            ; 2       ; Clock enable               ;
; qsys_top_0|mm_interconnect_0|sys_tse_msgdma_rx_prefetcher_csr_agent_rdata_fifo|i87                                                                           ; Unassigned            ; 32      ; Clock enable               ;
; qsys_top_0|mm_interconnect_0|sys_tse_msgdma_rx_prefetcher_csr_agent_rsp_fifo|i382~0                                                                          ; Unassigned            ; 13      ; Clock enable               ;
; qsys_top_0|mm_interconnect_0|sys_tse_msgdma_rx_prefetcher_csr_agent|uncompressor|i103~0                                                                      ; Unassigned            ; 14      ; Clock enable               ;
; qsys_top_0|mm_interconnect_0|sys_tse_msgdma_rx_prefetcher_csr_burst_adapter|altera_merlin_burst_adapter_13_1.burst_adapter|i1886~0                           ; Unassigned            ; 33      ; Clock enable               ;
; qsys_top_0|mm_interconnect_0|sys_tse_msgdma_rx_prefetcher_csr_burst_adapter|altera_merlin_burst_adapter_13_1.burst_adapter|i761~0                            ; Unassigned            ; 43      ; Clock enable               ;
; qsys_top_0|mm_interconnect_0|sys_tse_msgdma_rx_prefetcher_csr_burst_adapter|altera_merlin_burst_adapter_13_1.burst_adapter|internal_sclr                     ; Unassigned            ; 82      ; Sync. clear                ;
; qsys_top_0|mm_interconnect_0|sys_tse_msgdma_tx_csr_agent_rdata_fifo|i87                                                                                      ; Unassigned            ; 15      ; Clock enable               ;
; qsys_top_0|mm_interconnect_0|sys_tse_msgdma_tx_csr_agent_rsp_fifo|i382~0                                                                                     ; Unassigned            ; 13      ; Clock enable               ;
; qsys_top_0|mm_interconnect_0|sys_tse_msgdma_tx_csr_agent|uncompressor|i103~0                                                                                 ; Unassigned            ; 13      ; Clock enable               ;
; qsys_top_0|mm_interconnect_0|sys_tse_msgdma_tx_csr_burst_adapter|altera_merlin_burst_adapter_13_1.burst_adapter|i1886~0                                      ; Unassigned            ; 33      ; Clock enable               ;
; qsys_top_0|mm_interconnect_0|sys_tse_msgdma_tx_csr_burst_adapter|altera_merlin_burst_adapter_13_1.burst_adapter|i768~0                                       ; Unassigned            ; 18      ; Clock enable               ;
; qsys_top_0|mm_interconnect_0|sys_tse_msgdma_tx_csr_burst_adapter|altera_merlin_burst_adapter_13_1.burst_adapter|internal_sclr                                ; Unassigned            ; 57      ; Sync. clear                ;
; qsys_top_0|mm_interconnect_0|sys_tse_msgdma_tx_descriptor_read_master_limiter|i44~1                                                                          ; Unassigned            ; 2       ; Clock enable               ;
; qsys_top_0|mm_interconnect_0|sys_tse_msgdma_tx_descriptor_read_master_limiter|i694~2                                                                         ; Unassigned            ; 2       ; Clock enable               ;
; qsys_top_0|mm_interconnect_0|sys_tse_msgdma_tx_mm_read_limiter|i44~1                                                                                         ; Unassigned            ; 2       ; Clock enable               ;
; qsys_top_0|mm_interconnect_0|sys_tse_msgdma_tx_mm_read_limiter|i694~2                                                                                        ; Unassigned            ; 2       ; Clock enable               ;
; qsys_top_0|mm_interconnect_0|sys_tse_msgdma_tx_prefetcher_csr_agent_rdata_fifo|i87                                                                           ; Unassigned            ; 32      ; Clock enable               ;
; qsys_top_0|mm_interconnect_0|sys_tse_msgdma_tx_prefetcher_csr_agent_rsp_fifo|i382~0                                                                          ; Unassigned            ; 13      ; Clock enable               ;
; qsys_top_0|mm_interconnect_0|sys_tse_msgdma_tx_prefetcher_csr_agent|uncompressor|i103~0                                                                      ; Unassigned            ; 14      ; Clock enable               ;
; qsys_top_0|mm_interconnect_0|sys_tse_msgdma_tx_prefetcher_csr_burst_adapter|altera_merlin_burst_adapter_13_1.burst_adapter|i1886~0                           ; Unassigned            ; 33      ; Clock enable               ;
; qsys_top_0|mm_interconnect_0|sys_tse_msgdma_tx_prefetcher_csr_burst_adapter|altera_merlin_burst_adapter_13_1.burst_adapter|i761~0                            ; Unassigned            ; 43      ; Clock enable               ;
; qsys_top_0|mm_interconnect_0|sys_tse_msgdma_tx_prefetcher_csr_burst_adapter|altera_merlin_burst_adapter_13_1.burst_adapter|internal_sclr                     ; Unassigned            ; 82      ; Sync. clear                ;
; qsys_top_0|rst_controller_001|alt_rst_sync_uq1|altera_reset_synchronizer_int_chain_out                                                                       ; Unassigned            ; 977     ; Sync. clear                ;
; qsys_top_0|rst_controller|alt_rst_sync_uq1|altera_reset_synchronizer_int_chain_out                                                                           ; Unassigned            ; 2       ; Async. clear               ;
; qsys_top_0|rst_controller|r_early_rst                                                                                                                        ; Unassigned            ; 7873    ; Clock enable               ;
; qsys_top_0|rst_controller|r_sync_rst                                                                                                                         ; Unassigned            ; 976     ; Async. clear, Sync. clear  ;
; qsys_top_0|rst_controller|r_sync_rst~_wirecell                                                                                                               ; Unassigned            ; 35      ; Clock enable               ;
; qsys_top_0|sys_cpu_ram|sys_cpu_ram|altera_syncram_component|auto_generated|altera_syncram_impl1|decode3|rtl~101                                              ; Unassigned            ; 32      ; Write enable               ;
; qsys_top_0|sys_cpu_ram|sys_cpu_ram|altera_syncram_component|auto_generated|altera_syncram_impl1|decode3|rtl~104                                              ; Unassigned            ; 32      ; Write enable               ;
; qsys_top_0|sys_cpu_ram|sys_cpu_ram|altera_syncram_component|auto_generated|altera_syncram_impl1|decode3|rtl~107                                              ; Unassigned            ; 32      ; Write enable               ;
; qsys_top_0|sys_cpu_ram|sys_cpu_ram|altera_syncram_component|auto_generated|altera_syncram_impl1|decode3|rtl~109                                              ; Unassigned            ; 32      ; Write enable               ;
; qsys_top_0|sys_cpu_ram|sys_cpu_ram|altera_syncram_component|auto_generated|altera_syncram_impl1|decode3|rtl~11                                               ; Unassigned            ; 32      ; Write enable               ;
; qsys_top_0|sys_cpu_ram|sys_cpu_ram|altera_syncram_component|auto_generated|altera_syncram_impl1|decode3|rtl~114                                              ; Unassigned            ; 32      ; Write enable               ;
; qsys_top_0|sys_cpu_ram|sys_cpu_ram|altera_syncram_component|auto_generated|altera_syncram_impl1|decode3|rtl~116                                              ; Unassigned            ; 32      ; Write enable               ;
; qsys_top_0|sys_cpu_ram|sys_cpu_ram|altera_syncram_component|auto_generated|altera_syncram_impl1|decode3|rtl~119                                              ; Unassigned            ; 32      ; Write enable               ;
; qsys_top_0|sys_cpu_ram|sys_cpu_ram|altera_syncram_component|auto_generated|altera_syncram_impl1|decode3|rtl~124                                              ; Unassigned            ; 32      ; Write enable               ;
; qsys_top_0|sys_cpu_ram|sys_cpu_ram|altera_syncram_component|auto_generated|altera_syncram_impl1|decode3|rtl~129                                              ; Unassigned            ; 32      ; Write enable               ;
; qsys_top_0|sys_cpu_ram|sys_cpu_ram|altera_syncram_component|auto_generated|altera_syncram_impl1|decode3|rtl~133                                              ; Unassigned            ; 32      ; Write enable               ;
; qsys_top_0|sys_cpu_ram|sys_cpu_ram|altera_syncram_component|auto_generated|altera_syncram_impl1|decode3|rtl~135                                              ; Unassigned            ; 32      ; Write enable               ;
; qsys_top_0|sys_cpu_ram|sys_cpu_ram|altera_syncram_component|auto_generated|altera_syncram_impl1|decode3|rtl~137                                              ; Unassigned            ; 32      ; Write enable               ;
; qsys_top_0|sys_cpu_ram|sys_cpu_ram|altera_syncram_component|auto_generated|altera_syncram_impl1|decode3|rtl~139                                              ; Unassigned            ; 32      ; Write enable               ;
; qsys_top_0|sys_cpu_ram|sys_cpu_ram|altera_syncram_component|auto_generated|altera_syncram_impl1|decode3|rtl~141                                              ; Unassigned            ; 32      ; Write enable               ;
; qsys_top_0|sys_cpu_ram|sys_cpu_ram|altera_syncram_component|auto_generated|altera_syncram_impl1|decode3|rtl~144                                              ; Unassigned            ; 32      ; Write enable               ;
; qsys_top_0|sys_cpu_ram|sys_cpu_ram|altera_syncram_component|auto_generated|altera_syncram_impl1|decode3|rtl~147                                              ; Unassigned            ; 32      ; Write enable               ;
; qsys_top_0|sys_cpu_ram|sys_cpu_ram|altera_syncram_component|auto_generated|altera_syncram_impl1|decode3|rtl~149                                              ; Unassigned            ; 32      ; Write enable               ;
; qsys_top_0|sys_cpu_ram|sys_cpu_ram|altera_syncram_component|auto_generated|altera_syncram_impl1|decode3|rtl~15                                               ; Unassigned            ; 32      ; Write enable               ;
; qsys_top_0|sys_cpu_ram|sys_cpu_ram|altera_syncram_component|auto_generated|altera_syncram_impl1|decode3|rtl~154                                              ; Unassigned            ; 32      ; Write enable               ;
; qsys_top_0|sys_cpu_ram|sys_cpu_ram|altera_syncram_component|auto_generated|altera_syncram_impl1|decode3|rtl~156                                              ; Unassigned            ; 32      ; Write enable               ;
; qsys_top_0|sys_cpu_ram|sys_cpu_ram|altera_syncram_component|auto_generated|altera_syncram_impl1|decode3|rtl~159                                              ; Unassigned            ; 32      ; Write enable               ;
; qsys_top_0|sys_cpu_ram|sys_cpu_ram|altera_syncram_component|auto_generated|altera_syncram_impl1|decode3|rtl~164                                              ; Unassigned            ; 32      ; Write enable               ;
; qsys_top_0|sys_cpu_ram|sys_cpu_ram|altera_syncram_component|auto_generated|altera_syncram_impl1|decode3|rtl~170                                              ; Unassigned            ; 32      ; Write enable               ;
; qsys_top_0|sys_cpu_ram|sys_cpu_ram|altera_syncram_component|auto_generated|altera_syncram_impl1|decode3|rtl~172                                              ; Unassigned            ; 32      ; Write enable               ;
; qsys_top_0|sys_cpu_ram|sys_cpu_ram|altera_syncram_component|auto_generated|altera_syncram_impl1|decode3|rtl~174                                              ; Unassigned            ; 32      ; Write enable               ;
; qsys_top_0|sys_cpu_ram|sys_cpu_ram|altera_syncram_component|auto_generated|altera_syncram_impl1|decode3|rtl~176                                              ; Unassigned            ; 32      ; Write enable               ;
; qsys_top_0|sys_cpu_ram|sys_cpu_ram|altera_syncram_component|auto_generated|altera_syncram_impl1|decode3|rtl~178                                              ; Unassigned            ; 32      ; Write enable               ;
; qsys_top_0|sys_cpu_ram|sys_cpu_ram|altera_syncram_component|auto_generated|altera_syncram_impl1|decode3|rtl~180                                              ; Unassigned            ; 32      ; Write enable               ;
; qsys_top_0|sys_cpu_ram|sys_cpu_ram|altera_syncram_component|auto_generated|altera_syncram_impl1|decode3|rtl~182                                              ; Unassigned            ; 32      ; Write enable               ;
; qsys_top_0|sys_cpu_ram|sys_cpu_ram|altera_syncram_component|auto_generated|altera_syncram_impl1|decode3|rtl~185                                              ; Unassigned            ; 32      ; Write enable               ;
; qsys_top_0|sys_cpu_ram|sys_cpu_ram|altera_syncram_component|auto_generated|altera_syncram_impl1|decode3|rtl~188                                              ; Unassigned            ; 32      ; Write enable               ;
; qsys_top_0|sys_cpu_ram|sys_cpu_ram|altera_syncram_component|auto_generated|altera_syncram_impl1|decode3|rtl~19                                               ; Unassigned            ; 32      ; Write enable               ;
; qsys_top_0|sys_cpu_ram|sys_cpu_ram|altera_syncram_component|auto_generated|altera_syncram_impl1|decode3|rtl~190                                              ; Unassigned            ; 32      ; Write enable               ;
; qsys_top_0|sys_cpu_ram|sys_cpu_ram|altera_syncram_component|auto_generated|altera_syncram_impl1|decode3|rtl~195                                              ; Unassigned            ; 32      ; Write enable               ;
; qsys_top_0|sys_cpu_ram|sys_cpu_ram|altera_syncram_component|auto_generated|altera_syncram_impl1|decode3|rtl~197                                              ; Unassigned            ; 32      ; Write enable               ;
; qsys_top_0|sys_cpu_ram|sys_cpu_ram|altera_syncram_component|auto_generated|altera_syncram_impl1|decode3|rtl~200                                              ; Unassigned            ; 32      ; Write enable               ;
; qsys_top_0|sys_cpu_ram|sys_cpu_ram|altera_syncram_component|auto_generated|altera_syncram_impl1|decode3|rtl~205                                              ; Unassigned            ; 32      ; Write enable               ;
; qsys_top_0|sys_cpu_ram|sys_cpu_ram|altera_syncram_component|auto_generated|altera_syncram_impl1|decode3|rtl~211                                              ; Unassigned            ; 32      ; Write enable               ;
; qsys_top_0|sys_cpu_ram|sys_cpu_ram|altera_syncram_component|auto_generated|altera_syncram_impl1|decode3|rtl~214                                              ; Unassigned            ; 32      ; Write enable               ;
; qsys_top_0|sys_cpu_ram|sys_cpu_ram|altera_syncram_component|auto_generated|altera_syncram_impl1|decode3|rtl~216                                              ; Unassigned            ; 32      ; Write enable               ;
; qsys_top_0|sys_cpu_ram|sys_cpu_ram|altera_syncram_component|auto_generated|altera_syncram_impl1|decode3|rtl~218                                              ; Unassigned            ; 32      ; Write enable               ;
; qsys_top_0|sys_cpu_ram|sys_cpu_ram|altera_syncram_component|auto_generated|altera_syncram_impl1|decode3|rtl~220                                              ; Unassigned            ; 32      ; Write enable               ;
; qsys_top_0|sys_cpu_ram|sys_cpu_ram|altera_syncram_component|auto_generated|altera_syncram_impl1|decode3|rtl~222                                              ; Unassigned            ; 32      ; Write enable               ;
; qsys_top_0|sys_cpu_ram|sys_cpu_ram|altera_syncram_component|auto_generated|altera_syncram_impl1|decode3|rtl~225                                              ; Unassigned            ; 32      ; Write enable               ;
; qsys_top_0|sys_cpu_ram|sys_cpu_ram|altera_syncram_component|auto_generated|altera_syncram_impl1|decode3|rtl~228                                              ; Unassigned            ; 32      ; Write enable               ;
; qsys_top_0|sys_cpu_ram|sys_cpu_ram|altera_syncram_component|auto_generated|altera_syncram_impl1|decode3|rtl~230                                              ; Unassigned            ; 32      ; Write enable               ;
; qsys_top_0|sys_cpu_ram|sys_cpu_ram|altera_syncram_component|auto_generated|altera_syncram_impl1|decode3|rtl~235                                              ; Unassigned            ; 32      ; Write enable               ;
; qsys_top_0|sys_cpu_ram|sys_cpu_ram|altera_syncram_component|auto_generated|altera_syncram_impl1|decode3|rtl~237                                              ; Unassigned            ; 32      ; Write enable               ;
; qsys_top_0|sys_cpu_ram|sys_cpu_ram|altera_syncram_component|auto_generated|altera_syncram_impl1|decode3|rtl~240                                              ; Unassigned            ; 32      ; Write enable               ;
; qsys_top_0|sys_cpu_ram|sys_cpu_ram|altera_syncram_component|auto_generated|altera_syncram_impl1|decode3|rtl~245                                              ; Unassigned            ; 32      ; Write enable               ;
; qsys_top_0|sys_cpu_ram|sys_cpu_ram|altera_syncram_component|auto_generated|altera_syncram_impl1|decode3|rtl~256                                              ; Unassigned            ; 32      ; Write enable               ;
; qsys_top_0|sys_cpu_ram|sys_cpu_ram|altera_syncram_component|auto_generated|altera_syncram_impl1|decode3|rtl~260                                              ; Unassigned            ; 32      ; Write enable               ;
; qsys_top_0|sys_cpu_ram|sys_cpu_ram|altera_syncram_component|auto_generated|altera_syncram_impl1|decode3|rtl~265                                              ; Unassigned            ; 32      ; Write enable               ;
; qsys_top_0|sys_cpu_ram|sys_cpu_ram|altera_syncram_component|auto_generated|altera_syncram_impl1|decode3|rtl~27                                               ; Unassigned            ; 32      ; Write enable               ;
; qsys_top_0|sys_cpu_ram|sys_cpu_ram|altera_syncram_component|auto_generated|altera_syncram_impl1|decode3|rtl~270                                              ; Unassigned            ; 32      ; Write enable               ;
; qsys_top_0|sys_cpu_ram|sys_cpu_ram|altera_syncram_component|auto_generated|altera_syncram_impl1|decode3|rtl~277                                              ; Unassigned            ; 32      ; Write enable               ;
; qsys_top_0|sys_cpu_ram|sys_cpu_ram|altera_syncram_component|auto_generated|altera_syncram_impl1|decode3|rtl~285                                              ; Unassigned            ; 32      ; Write enable               ;
; qsys_top_0|sys_cpu_ram|sys_cpu_ram|altera_syncram_component|auto_generated|altera_syncram_impl1|decode3|rtl~295                                              ; Unassigned            ; 32      ; Write enable               ;
; qsys_top_0|sys_cpu_ram|sys_cpu_ram|altera_syncram_component|auto_generated|altera_syncram_impl1|decode3|rtl~297                                              ; Unassigned            ; 32      ; Write enable               ;
; qsys_top_0|sys_cpu_ram|sys_cpu_ram|altera_syncram_component|auto_generated|altera_syncram_impl1|decode3|rtl~301                                              ; Unassigned            ; 32      ; Write enable               ;
; qsys_top_0|sys_cpu_ram|sys_cpu_ram|altera_syncram_component|auto_generated|altera_syncram_impl1|decode3|rtl~307                                              ; Unassigned            ; 32      ; Write enable               ;
; qsys_top_0|sys_cpu_ram|sys_cpu_ram|altera_syncram_component|auto_generated|altera_syncram_impl1|decode3|rtl~314                                              ; Unassigned            ; 32      ; Write enable               ;
; qsys_top_0|sys_cpu_ram|sys_cpu_ram|altera_syncram_component|auto_generated|altera_syncram_impl1|decode3|rtl~316                                              ; Unassigned            ; 32      ; Write enable               ;
; qsys_top_0|sys_cpu_ram|sys_cpu_ram|altera_syncram_component|auto_generated|altera_syncram_impl1|decode3|rtl~324                                              ; Unassigned            ; 32      ; Write enable               ;
; qsys_top_0|sys_cpu_ram|sys_cpu_ram|altera_syncram_component|auto_generated|altera_syncram_impl1|decode3|rtl~332                                              ; Unassigned            ; 32      ; Write enable               ;
; qsys_top_0|sys_cpu_ram|sys_cpu_ram|altera_syncram_component|auto_generated|altera_syncram_impl1|decode3|rtl~336                                              ; Unassigned            ; 32      ; Write enable               ;
; qsys_top_0|sys_cpu_ram|sys_cpu_ram|altera_syncram_component|auto_generated|altera_syncram_impl1|decode3|rtl~338                                              ; Unassigned            ; 32      ; Write enable               ;
; qsys_top_0|sys_cpu_ram|sys_cpu_ram|altera_syncram_component|auto_generated|altera_syncram_impl1|decode3|rtl~34                                               ; Unassigned            ; 32      ; Write enable               ;
; qsys_top_0|sys_cpu_ram|sys_cpu_ram|altera_syncram_component|auto_generated|altera_syncram_impl1|decode3|rtl~340                                              ; Unassigned            ; 32      ; Write enable               ;
; qsys_top_0|sys_cpu_ram|sys_cpu_ram|altera_syncram_component|auto_generated|altera_syncram_impl1|decode3|rtl~342                                              ; Unassigned            ; 32      ; Write enable               ;
; qsys_top_0|sys_cpu_ram|sys_cpu_ram|altera_syncram_component|auto_generated|altera_syncram_impl1|decode3|rtl~344                                              ; Unassigned            ; 32      ; Write enable               ;
; qsys_top_0|sys_cpu_ram|sys_cpu_ram|altera_syncram_component|auto_generated|altera_syncram_impl1|decode3|rtl~346                                              ; Unassigned            ; 32      ; Write enable               ;
; qsys_top_0|sys_cpu_ram|sys_cpu_ram|altera_syncram_component|auto_generated|altera_syncram_impl1|decode3|rtl~349                                              ; Unassigned            ; 32      ; Write enable               ;
; qsys_top_0|sys_cpu_ram|sys_cpu_ram|altera_syncram_component|auto_generated|altera_syncram_impl1|decode3|rtl~352                                              ; Unassigned            ; 32      ; Write enable               ;
; qsys_top_0|sys_cpu_ram|sys_cpu_ram|altera_syncram_component|auto_generated|altera_syncram_impl1|decode3|rtl~354                                              ; Unassigned            ; 32      ; Write enable               ;
; qsys_top_0|sys_cpu_ram|sys_cpu_ram|altera_syncram_component|auto_generated|altera_syncram_impl1|decode3|rtl~359                                              ; Unassigned            ; 32      ; Write enable               ;
; qsys_top_0|sys_cpu_ram|sys_cpu_ram|altera_syncram_component|auto_generated|altera_syncram_impl1|decode3|rtl~361                                              ; Unassigned            ; 32      ; Write enable               ;
; qsys_top_0|sys_cpu_ram|sys_cpu_ram|altera_syncram_component|auto_generated|altera_syncram_impl1|decode3|rtl~364                                              ; Unassigned            ; 32      ; Write enable               ;
; qsys_top_0|sys_cpu_ram|sys_cpu_ram|altera_syncram_component|auto_generated|altera_syncram_impl1|decode3|rtl~369                                              ; Unassigned            ; 32      ; Write enable               ;
; qsys_top_0|sys_cpu_ram|sys_cpu_ram|altera_syncram_component|auto_generated|altera_syncram_impl1|decode3|rtl~374                                              ; Unassigned            ; 32      ; Write enable               ;
; qsys_top_0|sys_cpu_ram|sys_cpu_ram|altera_syncram_component|auto_generated|altera_syncram_impl1|decode3|rtl~376                                              ; Unassigned            ; 32      ; Write enable               ;
; qsys_top_0|sys_cpu_ram|sys_cpu_ram|altera_syncram_component|auto_generated|altera_syncram_impl1|decode3|rtl~379                                              ; Unassigned            ; 32      ; Write enable               ;
; qsys_top_0|sys_cpu_ram|sys_cpu_ram|altera_syncram_component|auto_generated|altera_syncram_impl1|decode3|rtl~381                                              ; Unassigned            ; 32      ; Write enable               ;
; qsys_top_0|sys_cpu_ram|sys_cpu_ram|altera_syncram_component|auto_generated|altera_syncram_impl1|decode3|rtl~383                                              ; Unassigned            ; 32      ; Write enable               ;
; qsys_top_0|sys_cpu_ram|sys_cpu_ram|altera_syncram_component|auto_generated|altera_syncram_impl1|decode3|rtl~385                                              ; Unassigned            ; 32      ; Write enable               ;
; qsys_top_0|sys_cpu_ram|sys_cpu_ram|altera_syncram_component|auto_generated|altera_syncram_impl1|decode3|rtl~387                                              ; Unassigned            ; 32      ; Write enable               ;
; qsys_top_0|sys_cpu_ram|sys_cpu_ram|altera_syncram_component|auto_generated|altera_syncram_impl1|decode3|rtl~390                                              ; Unassigned            ; 32      ; Write enable               ;
; qsys_top_0|sys_cpu_ram|sys_cpu_ram|altera_syncram_component|auto_generated|altera_syncram_impl1|decode3|rtl~393                                              ; Unassigned            ; 32      ; Write enable               ;
; qsys_top_0|sys_cpu_ram|sys_cpu_ram|altera_syncram_component|auto_generated|altera_syncram_impl1|decode3|rtl~395                                              ; Unassigned            ; 32      ; Write enable               ;
; qsys_top_0|sys_cpu_ram|sys_cpu_ram|altera_syncram_component|auto_generated|altera_syncram_impl1|decode3|rtl~400                                              ; Unassigned            ; 32      ; Write enable               ;
; qsys_top_0|sys_cpu_ram|sys_cpu_ram|altera_syncram_component|auto_generated|altera_syncram_impl1|decode3|rtl~402                                              ; Unassigned            ; 32      ; Write enable               ;
; qsys_top_0|sys_cpu_ram|sys_cpu_ram|altera_syncram_component|auto_generated|altera_syncram_impl1|decode3|rtl~405                                              ; Unassigned            ; 32      ; Write enable               ;
; qsys_top_0|sys_cpu_ram|sys_cpu_ram|altera_syncram_component|auto_generated|altera_syncram_impl1|decode3|rtl~410                                              ; Unassigned            ; 32      ; Write enable               ;
; qsys_top_0|sys_cpu_ram|sys_cpu_ram|altera_syncram_component|auto_generated|altera_syncram_impl1|decode3|rtl~415                                              ; Unassigned            ; 32      ; Write enable               ;
; qsys_top_0|sys_cpu_ram|sys_cpu_ram|altera_syncram_component|auto_generated|altera_syncram_impl1|decode3|rtl~418                                              ; Unassigned            ; 32      ; Write enable               ;
; qsys_top_0|sys_cpu_ram|sys_cpu_ram|altera_syncram_component|auto_generated|altera_syncram_impl1|decode3|rtl~42                                               ; Unassigned            ; 32      ; Write enable               ;
; qsys_top_0|sys_cpu_ram|sys_cpu_ram|altera_syncram_component|auto_generated|altera_syncram_impl1|decode3|rtl~420                                              ; Unassigned            ; 32      ; Write enable               ;
; qsys_top_0|sys_cpu_ram|sys_cpu_ram|altera_syncram_component|auto_generated|altera_syncram_impl1|decode3|rtl~422                                              ; Unassigned            ; 32      ; Write enable               ;
; qsys_top_0|sys_cpu_ram|sys_cpu_ram|altera_syncram_component|auto_generated|altera_syncram_impl1|decode3|rtl~424                                              ; Unassigned            ; 32      ; Write enable               ;
; qsys_top_0|sys_cpu_ram|sys_cpu_ram|altera_syncram_component|auto_generated|altera_syncram_impl1|decode3|rtl~426                                              ; Unassigned            ; 32      ; Write enable               ;
; qsys_top_0|sys_cpu_ram|sys_cpu_ram|altera_syncram_component|auto_generated|altera_syncram_impl1|decode3|rtl~428                                              ; Unassigned            ; 32      ; Write enable               ;
; qsys_top_0|sys_cpu_ram|sys_cpu_ram|altera_syncram_component|auto_generated|altera_syncram_impl1|decode3|rtl~431                                              ; Unassigned            ; 32      ; Write enable               ;
; qsys_top_0|sys_cpu_ram|sys_cpu_ram|altera_syncram_component|auto_generated|altera_syncram_impl1|decode3|rtl~434                                              ; Unassigned            ; 32      ; Write enable               ;
; qsys_top_0|sys_cpu_ram|sys_cpu_ram|altera_syncram_component|auto_generated|altera_syncram_impl1|decode3|rtl~436                                              ; Unassigned            ; 32      ; Write enable               ;
; qsys_top_0|sys_cpu_ram|sys_cpu_ram|altera_syncram_component|auto_generated|altera_syncram_impl1|decode3|rtl~441                                              ; Unassigned            ; 32      ; Write enable               ;
; qsys_top_0|sys_cpu_ram|sys_cpu_ram|altera_syncram_component|auto_generated|altera_syncram_impl1|decode3|rtl~443                                              ; Unassigned            ; 32      ; Write enable               ;
; qsys_top_0|sys_cpu_ram|sys_cpu_ram|altera_syncram_component|auto_generated|altera_syncram_impl1|decode3|rtl~446                                              ; Unassigned            ; 32      ; Write enable               ;
; qsys_top_0|sys_cpu_ram|sys_cpu_ram|altera_syncram_component|auto_generated|altera_syncram_impl1|decode3|rtl~451                                              ; Unassigned            ; 32      ; Write enable               ;
; qsys_top_0|sys_cpu_ram|sys_cpu_ram|altera_syncram_component|auto_generated|altera_syncram_impl1|decode3|rtl~456                                              ; Unassigned            ; 32      ; Write enable               ;
; qsys_top_0|sys_cpu_ram|sys_cpu_ram|altera_syncram_component|auto_generated|altera_syncram_impl1|decode3|rtl~460                                              ; Unassigned            ; 32      ; Write enable               ;
; qsys_top_0|sys_cpu_ram|sys_cpu_ram|altera_syncram_component|auto_generated|altera_syncram_impl1|decode3|rtl~462                                              ; Unassigned            ; 32      ; Write enable               ;
; qsys_top_0|sys_cpu_ram|sys_cpu_ram|altera_syncram_component|auto_generated|altera_syncram_impl1|decode3|rtl~464                                              ; Unassigned            ; 32      ; Write enable               ;
; qsys_top_0|sys_cpu_ram|sys_cpu_ram|altera_syncram_component|auto_generated|altera_syncram_impl1|decode3|rtl~466                                              ; Unassigned            ; 32      ; Write enable               ;
; qsys_top_0|sys_cpu_ram|sys_cpu_ram|altera_syncram_component|auto_generated|altera_syncram_impl1|decode3|rtl~468                                              ; Unassigned            ; 32      ; Write enable               ;
; qsys_top_0|sys_cpu_ram|sys_cpu_ram|altera_syncram_component|auto_generated|altera_syncram_impl1|decode3|rtl~471                                              ; Unassigned            ; 32      ; Write enable               ;
; qsys_top_0|sys_cpu_ram|sys_cpu_ram|altera_syncram_component|auto_generated|altera_syncram_impl1|decode3|rtl~474                                              ; Unassigned            ; 32      ; Write enable               ;
; qsys_top_0|sys_cpu_ram|sys_cpu_ram|altera_syncram_component|auto_generated|altera_syncram_impl1|decode3|rtl~476                                              ; Unassigned            ; 32      ; Write enable               ;
; qsys_top_0|sys_cpu_ram|sys_cpu_ram|altera_syncram_component|auto_generated|altera_syncram_impl1|decode3|rtl~486                                              ; Unassigned            ; 32      ; Write enable               ;
; qsys_top_0|sys_cpu_ram|sys_cpu_ram|altera_syncram_component|auto_generated|altera_syncram_impl1|decode3|rtl~49                                               ; Unassigned            ; 32      ; Write enable               ;
; qsys_top_0|sys_cpu_ram|sys_cpu_ram|altera_syncram_component|auto_generated|altera_syncram_impl1|decode3|rtl~491                                              ; Unassigned            ; 32      ; Write enable               ;
; qsys_top_0|sys_cpu_ram|sys_cpu_ram|altera_syncram_component|auto_generated|altera_syncram_impl1|decode3|rtl~499                                              ; Unassigned            ; 32      ; Write enable               ;
; qsys_top_0|sys_cpu_ram|sys_cpu_ram|altera_syncram_component|auto_generated|altera_syncram_impl1|decode3|rtl~501                                              ; Unassigned            ; 32      ; Write enable               ;
; qsys_top_0|sys_cpu_ram|sys_cpu_ram|altera_syncram_component|auto_generated|altera_syncram_impl1|decode3|rtl~503                                              ; Unassigned            ; 32      ; Write enable               ;
; qsys_top_0|sys_cpu_ram|sys_cpu_ram|altera_syncram_component|auto_generated|altera_syncram_impl1|decode3|rtl~505                                              ; Unassigned            ; 32      ; Write enable               ;
; qsys_top_0|sys_cpu_ram|sys_cpu_ram|altera_syncram_component|auto_generated|altera_syncram_impl1|decode3|rtl~507                                              ; Unassigned            ; 32      ; Write enable               ;
; qsys_top_0|sys_cpu_ram|sys_cpu_ram|altera_syncram_component|auto_generated|altera_syncram_impl1|decode3|rtl~509                                              ; Unassigned            ; 32      ; Write enable               ;
; qsys_top_0|sys_cpu_ram|sys_cpu_ram|altera_syncram_component|auto_generated|altera_syncram_impl1|decode3|rtl~515                                              ; Unassigned            ; 32      ; Write enable               ;
; qsys_top_0|sys_cpu_ram|sys_cpu_ram|altera_syncram_component|auto_generated|altera_syncram_impl1|decode3|rtl~517                                              ; Unassigned            ; 32      ; Write enable               ;
; qsys_top_0|sys_cpu_ram|sys_cpu_ram|altera_syncram_component|auto_generated|altera_syncram_impl1|decode3|rtl~524                                              ; Unassigned            ; 32      ; Write enable               ;
; qsys_top_0|sys_cpu_ram|sys_cpu_ram|altera_syncram_component|auto_generated|altera_syncram_impl1|decode3|rtl~527                                              ; Unassigned            ; 32      ; Write enable               ;
; qsys_top_0|sys_cpu_ram|sys_cpu_ram|altera_syncram_component|auto_generated|altera_syncram_impl1|decode3|rtl~532                                              ; Unassigned            ; 32      ; Write enable               ;
; qsys_top_0|sys_cpu_ram|sys_cpu_ram|altera_syncram_component|auto_generated|altera_syncram_impl1|decode3|rtl~538                                              ; Unassigned            ; 32      ; Write enable               ;
; qsys_top_0|sys_cpu_ram|sys_cpu_ram|altera_syncram_component|auto_generated|altera_syncram_impl1|decode3|rtl~541                                              ; Unassigned            ; 32      ; Write enable               ;
; qsys_top_0|sys_cpu_ram|sys_cpu_ram|altera_syncram_component|auto_generated|altera_syncram_impl1|decode3|rtl~543                                              ; Unassigned            ; 32      ; Write enable               ;
; qsys_top_0|sys_cpu_ram|sys_cpu_ram|altera_syncram_component|auto_generated|altera_syncram_impl1|decode3|rtl~547                                              ; Unassigned            ; 32      ; Write enable               ;
; qsys_top_0|sys_cpu_ram|sys_cpu_ram|altera_syncram_component|auto_generated|altera_syncram_impl1|decode3|rtl~549                                              ; Unassigned            ; 32      ; Write enable               ;
; qsys_top_0|sys_cpu_ram|sys_cpu_ram|altera_syncram_component|auto_generated|altera_syncram_impl1|decode3|rtl~555                                              ; Unassigned            ; 32      ; Write enable               ;
; qsys_top_0|sys_cpu_ram|sys_cpu_ram|altera_syncram_component|auto_generated|altera_syncram_impl1|decode3|rtl~557                                              ; Unassigned            ; 32      ; Write enable               ;
; qsys_top_0|sys_cpu_ram|sys_cpu_ram|altera_syncram_component|auto_generated|altera_syncram_impl1|decode3|rtl~56                                               ; Unassigned            ; 32      ; Write enable               ;
; qsys_top_0|sys_cpu_ram|sys_cpu_ram|altera_syncram_component|auto_generated|altera_syncram_impl1|decode3|rtl~562                                              ; Unassigned            ; 32      ; Write enable               ;
; qsys_top_0|sys_cpu_ram|sys_cpu_ram|altera_syncram_component|auto_generated|altera_syncram_impl1|decode3|rtl~564                                              ; Unassigned            ; 32      ; Write enable               ;
; qsys_top_0|sys_cpu_ram|sys_cpu_ram|altera_syncram_component|auto_generated|altera_syncram_impl1|decode3|rtl~567                                              ; Unassigned            ; 32      ; Write enable               ;
; qsys_top_0|sys_cpu_ram|sys_cpu_ram|altera_syncram_component|auto_generated|altera_syncram_impl1|decode3|rtl~572                                              ; Unassigned            ; 32      ; Write enable               ;
; qsys_top_0|sys_cpu_ram|sys_cpu_ram|altera_syncram_component|auto_generated|altera_syncram_impl1|decode3|rtl~581                                              ; Unassigned            ; 32      ; Write enable               ;
; qsys_top_0|sys_cpu_ram|sys_cpu_ram|altera_syncram_component|auto_generated|altera_syncram_impl1|decode3|rtl~583                                              ; Unassigned            ; 32      ; Write enable               ;
; qsys_top_0|sys_cpu_ram|sys_cpu_ram|altera_syncram_component|auto_generated|altera_syncram_impl1|decode3|rtl~587                                              ; Unassigned            ; 32      ; Write enable               ;
; qsys_top_0|sys_cpu_ram|sys_cpu_ram|altera_syncram_component|auto_generated|altera_syncram_impl1|decode3|rtl~589                                              ; Unassigned            ; 32      ; Write enable               ;
; qsys_top_0|sys_cpu_ram|sys_cpu_ram|altera_syncram_component|auto_generated|altera_syncram_impl1|decode3|rtl~592                                              ; Unassigned            ; 32      ; Write enable               ;
; qsys_top_0|sys_cpu_ram|sys_cpu_ram|altera_syncram_component|auto_generated|altera_syncram_impl1|decode3|rtl~595                                              ; Unassigned            ; 32      ; Write enable               ;
; qsys_top_0|sys_cpu_ram|sys_cpu_ram|altera_syncram_component|auto_generated|altera_syncram_impl1|decode3|rtl~597                                              ; Unassigned            ; 32      ; Write enable               ;
; qsys_top_0|sys_cpu_ram|sys_cpu_ram|altera_syncram_component|auto_generated|altera_syncram_impl1|decode3|rtl~60                                               ; Unassigned            ; 32      ; Write enable               ;
; qsys_top_0|sys_cpu_ram|sys_cpu_ram|altera_syncram_component|auto_generated|altera_syncram_impl1|decode3|rtl~602                                              ; Unassigned            ; 32      ; Write enable               ;
; qsys_top_0|sys_cpu_ram|sys_cpu_ram|altera_syncram_component|auto_generated|altera_syncram_impl1|decode3|rtl~612                                              ; Unassigned            ; 32      ; Write enable               ;
; qsys_top_0|sys_cpu_ram|sys_cpu_ram|altera_syncram_component|auto_generated|altera_syncram_impl1|decode3|rtl~620                                              ; Unassigned            ; 32      ; Write enable               ;
; qsys_top_0|sys_cpu_ram|sys_cpu_ram|altera_syncram_component|auto_generated|altera_syncram_impl1|decode3|rtl~622                                              ; Unassigned            ; 32      ; Write enable               ;
; qsys_top_0|sys_cpu_ram|sys_cpu_ram|altera_syncram_component|auto_generated|altera_syncram_impl1|decode3|rtl~624                                              ; Unassigned            ; 32      ; Write enable               ;
; qsys_top_0|sys_cpu_ram|sys_cpu_ram|altera_syncram_component|auto_generated|altera_syncram_impl1|decode3|rtl~628                                              ; Unassigned            ; 32      ; Write enable               ;
; qsys_top_0|sys_cpu_ram|sys_cpu_ram|altera_syncram_component|auto_generated|altera_syncram_impl1|decode3|rtl~631                                              ; Unassigned            ; 32      ; Write enable               ;
; qsys_top_0|sys_cpu_ram|sys_cpu_ram|altera_syncram_component|auto_generated|altera_syncram_impl1|decode3|rtl~634                                              ; Unassigned            ; 32      ; Write enable               ;
; qsys_top_0|sys_cpu_ram|sys_cpu_ram|altera_syncram_component|auto_generated|altera_syncram_impl1|decode3|rtl~636                                              ; Unassigned            ; 32      ; Write enable               ;
; qsys_top_0|sys_cpu_ram|sys_cpu_ram|altera_syncram_component|auto_generated|altera_syncram_impl1|decode3|rtl~643                                              ; Unassigned            ; 32      ; Write enable               ;
; qsys_top_0|sys_cpu_ram|sys_cpu_ram|altera_syncram_component|auto_generated|altera_syncram_impl1|decode3|rtl~646                                              ; Unassigned            ; 32      ; Write enable               ;
; qsys_top_0|sys_cpu_ram|sys_cpu_ram|altera_syncram_component|auto_generated|altera_syncram_impl1|decode3|rtl~651                                              ; Unassigned            ; 32      ; Write enable               ;
; qsys_top_0|sys_cpu_ram|sys_cpu_ram|altera_syncram_component|auto_generated|altera_syncram_impl1|decode3|rtl~657                                              ; Unassigned            ; 32      ; Write enable               ;
; qsys_top_0|sys_cpu_ram|sys_cpu_ram|altera_syncram_component|auto_generated|altera_syncram_impl1|decode3|rtl~66                                               ; Unassigned            ; 32      ; Write enable               ;
; qsys_top_0|sys_cpu_ram|sys_cpu_ram|altera_syncram_component|auto_generated|altera_syncram_impl1|decode3|rtl~661                                              ; Unassigned            ; 32      ; Write enable               ;
; qsys_top_0|sys_cpu_ram|sys_cpu_ram|altera_syncram_component|auto_generated|altera_syncram_impl1|decode3|rtl~663                                              ; Unassigned            ; 32      ; Write enable               ;
; qsys_top_0|sys_cpu_ram|sys_cpu_ram|altera_syncram_component|auto_generated|altera_syncram_impl1|decode3|rtl~665                                              ; Unassigned            ; 32      ; Write enable               ;
; qsys_top_0|sys_cpu_ram|sys_cpu_ram|altera_syncram_component|auto_generated|altera_syncram_impl1|decode3|rtl~667                                              ; Unassigned            ; 32      ; Write enable               ;
; qsys_top_0|sys_cpu_ram|sys_cpu_ram|altera_syncram_component|auto_generated|altera_syncram_impl1|decode3|rtl~671                                              ; Unassigned            ; 32      ; Write enable               ;
; qsys_top_0|sys_cpu_ram|sys_cpu_ram|altera_syncram_component|auto_generated|altera_syncram_impl1|decode3|rtl~673                                              ; Unassigned            ; 32      ; Write enable               ;
; qsys_top_0|sys_cpu_ram|sys_cpu_ram|altera_syncram_component|auto_generated|altera_syncram_impl1|decode3|rtl~676                                              ; Unassigned            ; 32      ; Write enable               ;
; qsys_top_0|sys_cpu_ram|sys_cpu_ram|altera_syncram_component|auto_generated|altera_syncram_impl1|decode3|rtl~679                                              ; Unassigned            ; 32      ; Write enable               ;
; qsys_top_0|sys_cpu_ram|sys_cpu_ram|altera_syncram_component|auto_generated|altera_syncram_impl1|decode3|rtl~686                                              ; Unassigned            ; 32      ; Write enable               ;
; qsys_top_0|sys_cpu_ram|sys_cpu_ram|altera_syncram_component|auto_generated|altera_syncram_impl1|decode3|rtl~688                                              ; Unassigned            ; 32      ; Write enable               ;
; qsys_top_0|sys_cpu_ram|sys_cpu_ram|altera_syncram_component|auto_generated|altera_syncram_impl1|decode3|rtl~691                                              ; Unassigned            ; 32      ; Write enable               ;
; qsys_top_0|sys_cpu_ram|sys_cpu_ram|altera_syncram_component|auto_generated|altera_syncram_impl1|decode3|rtl~696                                              ; Unassigned            ; 32      ; Write enable               ;
; qsys_top_0|sys_cpu_ram|sys_cpu_ram|altera_syncram_component|auto_generated|altera_syncram_impl1|decode3|rtl~7                                                ; Unassigned            ; 32      ; Write enable               ;
; qsys_top_0|sys_cpu_ram|sys_cpu_ram|altera_syncram_component|auto_generated|altera_syncram_impl1|decode3|rtl~703                                              ; Unassigned            ; 32      ; Write enable               ;
; qsys_top_0|sys_cpu_ram|sys_cpu_ram|altera_syncram_component|auto_generated|altera_syncram_impl1|decode3|rtl~706                                              ; Unassigned            ; 32      ; Write enable               ;
; qsys_top_0|sys_cpu_ram|sys_cpu_ram|altera_syncram_component|auto_generated|altera_syncram_impl1|decode3|rtl~708                                              ; Unassigned            ; 32      ; Write enable               ;
; qsys_top_0|sys_cpu_ram|sys_cpu_ram|altera_syncram_component|auto_generated|altera_syncram_impl1|decode3|rtl~710                                              ; Unassigned            ; 32      ; Write enable               ;
; qsys_top_0|sys_cpu_ram|sys_cpu_ram|altera_syncram_component|auto_generated|altera_syncram_impl1|decode3|rtl~714                                              ; Unassigned            ; 32      ; Write enable               ;
; qsys_top_0|sys_cpu_ram|sys_cpu_ram|altera_syncram_component|auto_generated|altera_syncram_impl1|decode3|rtl~717                                              ; Unassigned            ; 32      ; Write enable               ;
; qsys_top_0|sys_cpu_ram|sys_cpu_ram|altera_syncram_component|auto_generated|altera_syncram_impl1|decode3|rtl~720                                              ; Unassigned            ; 32      ; Write enable               ;
; qsys_top_0|sys_cpu_ram|sys_cpu_ram|altera_syncram_component|auto_generated|altera_syncram_impl1|decode3|rtl~722                                              ; Unassigned            ; 32      ; Write enable               ;
; qsys_top_0|sys_cpu_ram|sys_cpu_ram|altera_syncram_component|auto_generated|altera_syncram_impl1|decode3|rtl~729                                              ; Unassigned            ; 32      ; Write enable               ;
; qsys_top_0|sys_cpu_ram|sys_cpu_ram|altera_syncram_component|auto_generated|altera_syncram_impl1|decode3|rtl~73                                               ; Unassigned            ; 32      ; Write enable               ;
; qsys_top_0|sys_cpu_ram|sys_cpu_ram|altera_syncram_component|auto_generated|altera_syncram_impl1|decode3|rtl~732                                              ; Unassigned            ; 32      ; Write enable               ;
; qsys_top_0|sys_cpu_ram|sys_cpu_ram|altera_syncram_component|auto_generated|altera_syncram_impl1|decode3|rtl~737                                              ; Unassigned            ; 32      ; Write enable               ;
; qsys_top_0|sys_cpu_ram|sys_cpu_ram|altera_syncram_component|auto_generated|altera_syncram_impl1|decode3|rtl~742                                              ; Unassigned            ; 32      ; Write enable               ;
; qsys_top_0|sys_cpu_ram|sys_cpu_ram|altera_syncram_component|auto_generated|altera_syncram_impl1|decode3|rtl~747                                              ; Unassigned            ; 32      ; Write enable               ;
; qsys_top_0|sys_cpu_ram|sys_cpu_ram|altera_syncram_component|auto_generated|altera_syncram_impl1|decode3|rtl~749                                              ; Unassigned            ; 32      ; Write enable               ;
; qsys_top_0|sys_cpu_ram|sys_cpu_ram|altera_syncram_component|auto_generated|altera_syncram_impl1|decode3|rtl~751                                              ; Unassigned            ; 32      ; Write enable               ;
; qsys_top_0|sys_cpu_ram|sys_cpu_ram|altera_syncram_component|auto_generated|altera_syncram_impl1|decode3|rtl~753                                              ; Unassigned            ; 32      ; Write enable               ;
; qsys_top_0|sys_cpu_ram|sys_cpu_ram|altera_syncram_component|auto_generated|altera_syncram_impl1|decode3|rtl~758                                              ; Unassigned            ; 32      ; Write enable               ;
; qsys_top_0|sys_cpu_ram|sys_cpu_ram|altera_syncram_component|auto_generated|altera_syncram_impl1|decode3|rtl~761                                              ; Unassigned            ; 32      ; Write enable               ;
; qsys_top_0|sys_cpu_ram|sys_cpu_ram|altera_syncram_component|auto_generated|altera_syncram_impl1|decode3|rtl~763                                              ; Unassigned            ; 32      ; Write enable               ;
; qsys_top_0|sys_cpu_ram|sys_cpu_ram|altera_syncram_component|auto_generated|altera_syncram_impl1|decode3|rtl~768                                              ; Unassigned            ; 32      ; Write enable               ;
; qsys_top_0|sys_cpu_ram|sys_cpu_ram|altera_syncram_component|auto_generated|altera_syncram_impl1|decode3|rtl~773                                              ; Unassigned            ; 32      ; Write enable               ;
; qsys_top_0|sys_cpu_ram|sys_cpu_ram|altera_syncram_component|auto_generated|altera_syncram_impl1|decode3|rtl~778                                              ; Unassigned            ; 32      ; Write enable               ;
; qsys_top_0|sys_cpu_ram|sys_cpu_ram|altera_syncram_component|auto_generated|altera_syncram_impl1|decode3|rtl~783                                              ; Unassigned            ; 32      ; Write enable               ;
; qsys_top_0|sys_cpu_ram|sys_cpu_ram|altera_syncram_component|auto_generated|altera_syncram_impl1|decode3|rtl~787                                              ; Unassigned            ; 32      ; Write enable               ;
; qsys_top_0|sys_cpu_ram|sys_cpu_ram|altera_syncram_component|auto_generated|altera_syncram_impl1|decode3|rtl~791                                              ; Unassigned            ; 32      ; Write enable               ;
; qsys_top_0|sys_cpu_ram|sys_cpu_ram|altera_syncram_component|auto_generated|altera_syncram_impl1|decode3|rtl~793                                              ; Unassigned            ; 32      ; Write enable               ;
; qsys_top_0|sys_cpu_ram|sys_cpu_ram|altera_syncram_component|auto_generated|altera_syncram_impl1|decode3|rtl~798                                              ; Unassigned            ; 32      ; Write enable               ;
; qsys_top_0|sys_cpu_ram|sys_cpu_ram|altera_syncram_component|auto_generated|altera_syncram_impl1|decode3|rtl~801                                              ; Unassigned            ; 32      ; Write enable               ;
; qsys_top_0|sys_cpu_ram|sys_cpu_ram|altera_syncram_component|auto_generated|altera_syncram_impl1|decode3|rtl~803                                              ; Unassigned            ; 32      ; Write enable               ;
; qsys_top_0|sys_cpu_ram|sys_cpu_ram|altera_syncram_component|auto_generated|altera_syncram_impl1|decode3|rtl~808                                              ; Unassigned            ; 32      ; Write enable               ;
; qsys_top_0|sys_cpu_ram|sys_cpu_ram|altera_syncram_component|auto_generated|altera_syncram_impl1|decode3|rtl~810                                              ; Unassigned            ; 32      ; Write enable               ;
; qsys_top_0|sys_cpu_ram|sys_cpu_ram|altera_syncram_component|auto_generated|altera_syncram_impl1|decode3|rtl~813                                              ; Unassigned            ; 32      ; Write enable               ;
; qsys_top_0|sys_cpu_ram|sys_cpu_ram|altera_syncram_component|auto_generated|altera_syncram_impl1|decode3|rtl~824                                              ; Unassigned            ; 32      ; Write enable               ;
; qsys_top_0|sys_cpu_ram|sys_cpu_ram|altera_syncram_component|auto_generated|altera_syncram_impl1|decode3|rtl~826                                              ; Unassigned            ; 32      ; Write enable               ;
; qsys_top_0|sys_cpu_ram|sys_cpu_ram|altera_syncram_component|auto_generated|altera_syncram_impl1|decode3|rtl~83                                               ; Unassigned            ; 32      ; Write enable               ;
; qsys_top_0|sys_cpu_ram|sys_cpu_ram|altera_syncram_component|auto_generated|altera_syncram_impl1|decode3|rtl~830                                              ; Unassigned            ; 32      ; Write enable               ;
; qsys_top_0|sys_cpu_ram|sys_cpu_ram|altera_syncram_component|auto_generated|altera_syncram_impl1|decode3|rtl~832                                              ; Unassigned            ; 32      ; Write enable               ;
; qsys_top_0|sys_cpu_ram|sys_cpu_ram|altera_syncram_component|auto_generated|altera_syncram_impl1|decode3|rtl~834                                              ; Unassigned            ; 32      ; Write enable               ;
; qsys_top_0|sys_cpu_ram|sys_cpu_ram|altera_syncram_component|auto_generated|altera_syncram_impl1|decode3|rtl~836                                              ; Unassigned            ; 32      ; Write enable               ;
; qsys_top_0|sys_cpu_ram|sys_cpu_ram|altera_syncram_component|auto_generated|altera_syncram_impl1|decode3|rtl~839                                              ; Unassigned            ; 32      ; Write enable               ;
; qsys_top_0|sys_cpu_ram|sys_cpu_ram|altera_syncram_component|auto_generated|altera_syncram_impl1|decode3|rtl~842                                              ; Unassigned            ; 32      ; Write enable               ;
; qsys_top_0|sys_cpu_ram|sys_cpu_ram|altera_syncram_component|auto_generated|altera_syncram_impl1|decode3|rtl~849                                              ; Unassigned            ; 32      ; Write enable               ;
; qsys_top_0|sys_cpu_ram|sys_cpu_ram|altera_syncram_component|auto_generated|altera_syncram_impl1|decode3|rtl~851                                              ; Unassigned            ; 32      ; Write enable               ;
; qsys_top_0|sys_cpu_ram|sys_cpu_ram|altera_syncram_component|auto_generated|altera_syncram_impl1|decode3|rtl~859                                              ; Unassigned            ; 32      ; Write enable               ;
; qsys_top_0|sys_cpu_ram|sys_cpu_ram|altera_syncram_component|auto_generated|altera_syncram_impl1|decode3|rtl~865                                              ; Unassigned            ; 32      ; Write enable               ;
; qsys_top_0|sys_cpu_ram|sys_cpu_ram|altera_syncram_component|auto_generated|altera_syncram_impl1|decode3|rtl~868                                              ; Unassigned            ; 32      ; Write enable               ;
; qsys_top_0|sys_cpu_ram|sys_cpu_ram|altera_syncram_component|auto_generated|altera_syncram_impl1|decode3|rtl~870                                              ; Unassigned            ; 32      ; Write enable               ;
; qsys_top_0|sys_cpu_ram|sys_cpu_ram|altera_syncram_component|auto_generated|altera_syncram_impl1|decode3|rtl~872                                              ; Unassigned            ; 32      ; Write enable               ;
; qsys_top_0|sys_cpu_ram|sys_cpu_ram|altera_syncram_component|auto_generated|altera_syncram_impl1|decode3|rtl~874                                              ; Unassigned            ; 32      ; Write enable               ;
; qsys_top_0|sys_cpu_ram|sys_cpu_ram|altera_syncram_component|auto_generated|altera_syncram_impl1|decode3|rtl~879                                              ; Unassigned            ; 32      ; Write enable               ;
; qsys_top_0|sys_cpu_ram|sys_cpu_ram|altera_syncram_component|auto_generated|altera_syncram_impl1|decode3|rtl~882                                              ; Unassigned            ; 32      ; Write enable               ;
; qsys_top_0|sys_cpu_ram|sys_cpu_ram|altera_syncram_component|auto_generated|altera_syncram_impl1|decode3|rtl~889                                              ; Unassigned            ; 32      ; Write enable               ;
; qsys_top_0|sys_cpu_ram|sys_cpu_ram|altera_syncram_component|auto_generated|altera_syncram_impl1|decode3|rtl~891                                              ; Unassigned            ; 32      ; Write enable               ;
; qsys_top_0|sys_cpu_ram|sys_cpu_ram|altera_syncram_component|auto_generated|altera_syncram_impl1|decode3|rtl~894                                              ; Unassigned            ; 32      ; Write enable               ;
; qsys_top_0|sys_cpu_ram|sys_cpu_ram|altera_syncram_component|auto_generated|altera_syncram_impl1|decode3|rtl~899                                              ; Unassigned            ; 32      ; Write enable               ;
; qsys_top_0|sys_cpu_ram|sys_cpu_ram|altera_syncram_component|auto_generated|altera_syncram_impl1|decode3|rtl~906                                              ; Unassigned            ; 32      ; Write enable               ;
; qsys_top_0|sys_cpu_ram|sys_cpu_ram|altera_syncram_component|auto_generated|altera_syncram_impl1|decode3|rtl~908                                              ; Unassigned            ; 32      ; Write enable               ;
; qsys_top_0|sys_cpu_ram|sys_cpu_ram|altera_syncram_component|auto_generated|altera_syncram_impl1|decode3|rtl~91                                               ; Unassigned            ; 32      ; Write enable               ;
; qsys_top_0|sys_cpu_ram|sys_cpu_ram|altera_syncram_component|auto_generated|altera_syncram_impl1|decode3|rtl~910                                              ; Unassigned            ; 32      ; Write enable               ;
; qsys_top_0|sys_cpu_ram|sys_cpu_ram|altera_syncram_component|auto_generated|altera_syncram_impl1|decode3|rtl~912                                              ; Unassigned            ; 32      ; Write enable               ;
; qsys_top_0|sys_cpu_ram|sys_cpu_ram|altera_syncram_component|auto_generated|altera_syncram_impl1|decode3|rtl~916                                              ; Unassigned            ; 32      ; Write enable               ;
; qsys_top_0|sys_cpu_ram|sys_cpu_ram|altera_syncram_component|auto_generated|altera_syncram_impl1|decode3|rtl~919                                              ; Unassigned            ; 32      ; Write enable               ;
; qsys_top_0|sys_cpu_ram|sys_cpu_ram|altera_syncram_component|auto_generated|altera_syncram_impl1|decode3|rtl~922                                              ; Unassigned            ; 32      ; Write enable               ;
; qsys_top_0|sys_cpu_ram|sys_cpu_ram|altera_syncram_component|auto_generated|altera_syncram_impl1|decode3|rtl~95                                               ; Unassigned            ; 32      ; Write enable               ;
; qsys_top_0|sys_cpu_ram|sys_cpu_ram|altera_syncram_component|auto_generated|altera_syncram_impl1|decode3|rtl~99                                               ; Unassigned            ; 32      ; Write enable               ;
; qsys_top_0|sys_cpu_ram|sys_cpu_ram|altera_syncram_component|auto_generated|altera_syncram_impl1|rtl~1                                                        ; Unassigned            ; 8       ; Clock enable               ;
; qsys_top_0|sys_jtag_uart|sys_jtag_uart|altera_avalon_jtag_uart_alt_jtag_atlantic|count[1]~0                                                                  ; Unassigned            ; 21      ; Clock enable               ;
; qsys_top_0|sys_jtag_uart|sys_jtag_uart|altera_avalon_jtag_uart_alt_jtag_atlantic|i254                                                                        ; Unassigned            ; 10      ; Clock enable               ;
; qsys_top_0|sys_jtag_uart|sys_jtag_uart|altera_avalon_jtag_uart_alt_jtag_atlantic|i7                                                                          ; Unassigned            ; 1       ; Clock enable               ;
; qsys_top_0|sys_jtag_uart|sys_jtag_uart|altera_avalon_jtag_uart_alt_jtag_atlantic|jupdate~1                                                                   ; Unassigned            ; 1       ; Clock enable               ;
; qsys_top_0|sys_jtag_uart|sys_jtag_uart|altera_avalon_jtag_uart_alt_jtag_atlantic|td_shift[0]~_wirecell                                                       ; Unassigned            ; 14      ; Sync. clear                ;
; qsys_top_0|sys_jtag_uart|sys_jtag_uart|altera_avalon_jtag_uart_alt_jtag_atlantic|write_valid~0                                                               ; Unassigned            ; 5       ; Clock enable               ;
; qsys_top_0|sys_jtag_uart|sys_jtag_uart|altera_avalon_jtag_uart_alt_jtag_atlantic|write~0                                                                     ; Unassigned            ; 8       ; Clock enable               ;
; qsys_top_0|sys_jtag_uart|sys_jtag_uart|altera_avalon_jtag_uart_scfifo_r|rfifo|auto_generated|dpfifo|fifo_state|rtl~33                                        ; Unassigned            ; 6       ; Clock enable               ;
; qsys_top_0|sys_jtag_uart|sys_jtag_uart|altera_avalon_jtag_uart_scfifo_w|wfifo|auto_generated|dpfifo|fifo_state|rtl~33                                        ; Unassigned            ; 6       ; Clock enable               ;
; qsys_top_0|sys_jtag_uart|sys_jtag_uart|fifo_rd~0                                                                                                             ; Unassigned            ; 15      ; Clock enable               ;
; qsys_top_0|sys_jtag_uart|sys_jtag_uart|fifo_wr                                                                                                               ; Unassigned            ; 20      ; Clock enable, Write enable ;
; qsys_top_0|sys_jtag_uart|sys_jtag_uart|i120~0                                                                                                                ; Unassigned            ; 3       ; Clock enable               ;
; qsys_top_0|sys_jtag_uart|sys_jtag_uart|ien_AE~0                                                                                                              ; Unassigned            ; 3       ; Clock enable               ;
; qsys_top_0|sys_jtag_uart|sys_jtag_uart|rd_wfifo                                                                                                              ; Unassigned            ; 16      ; Clock enable               ;
; qsys_top_0|sys_jtag_uart|sys_jtag_uart|woverflow~0                                                                                                           ; Unassigned            ; 2       ; Clock enable               ;
; qsys_top_0|sys_jtag_uart|sys_jtag_uart|wr_rfifo                                                                                                              ; Unassigned            ; 18      ; Clock enable, Write enable ;
; qsys_top_0|sys_led_pio|pio_0|i14~0                                                                                                                           ; Unassigned            ; 4       ; Clock enable               ;
; qsys_top_0|sys_tse_msgdma_rx|msgdma_1|dispatcher_internal|the_csr_block|i237~0                                                                               ; Unassigned            ; 21      ; Clock enable               ;
; qsys_top_0|sys_tse_msgdma_rx|msgdma_1|dispatcher_internal|the_csr_block|i378~1                                                                               ; Unassigned            ; 4       ; Clock enable               ;
; qsys_top_0|sys_tse_msgdma_rx|msgdma_1|dispatcher_internal|the_descriptor_buffers|i48~0                                                                       ; Unassigned            ; 23      ; Clock enable               ;
; qsys_top_0|sys_tse_msgdma_rx|msgdma_1|dispatcher_internal|the_descriptor_buffers|push_write_fifo                                                             ; Unassigned            ; 72      ; Write enable               ;
; qsys_top_0|sys_tse_msgdma_rx|msgdma_1|dispatcher_internal|the_descriptor_buffers|the_write_command_FIFO|i26~1                                                ; Unassigned            ; 7       ; Clock enable               ;
; qsys_top_0|sys_tse_msgdma_rx|msgdma_1|dispatcher_internal|the_descriptor_buffers|the_write_command_FIFO|i56~1                                                ; Unassigned            ; 7       ; Clock enable               ;
; qsys_top_0|sys_tse_msgdma_rx|msgdma_1|dispatcher_internal|the_descriptor_buffers|the_write_command_FIFO|i82~0                                                ; Unassigned            ; 8       ; Clock enable               ;
; qsys_top_0|sys_tse_msgdma_rx|msgdma_1|dispatcher_internal|the_response_block|i58~0                                                                           ; Unassigned            ; 65      ; Async. clear, Sync. clear  ;
; qsys_top_0|sys_tse_msgdma_rx|msgdma_1|dispatcher_internal|the_response_block|the_response_FIFO|auto_generated|dpfifo|rtl~120                                 ; Unassigned            ; 8       ; Clock enable               ;
; qsys_top_0|sys_tse_msgdma_rx|msgdma_1|dispatcher_internal|the_response_block|the_response_FIFO|auto_generated|dpfifo|rtl~6                                   ; Unassigned            ; 43      ; Clock enable               ;
; qsys_top_0|sys_tse_msgdma_rx|msgdma_1|dispatcher_internal|the_response_block|the_response_FIFO|auto_generated|dpfifo|rtl~97                                  ; Unassigned            ; 7       ; Clock enable               ;
; qsys_top_0|sys_tse_msgdma_rx|msgdma_1|prefetcher_internal|u_prefetcher_csr|i140~1                                                                            ; Unassigned            ; 32      ; Clock enable               ;
; qsys_top_0|sys_tse_msgdma_rx|msgdma_1|prefetcher_internal|u_prefetcher_csr|i17~0                                                                             ; Unassigned            ; 3       ; Clock enable               ;
; qsys_top_0|sys_tse_msgdma_rx|msgdma_1|prefetcher_internal|u_prefetcher_csr|i270~1                                                                            ; Unassigned            ; 32      ; Sync. clear                ;
; qsys_top_0|sys_tse_msgdma_rx|msgdma_1|prefetcher_internal|u_prefetcher_csr|i270~2                                                                            ; Unassigned            ; 32      ; Clock enable               ;
; qsys_top_0|sys_tse_msgdma_rx|msgdma_1|prefetcher_internal|u_prefetcher_csr|i336~0                                                                            ; Unassigned            ; 16      ; Clock enable               ;
; qsys_top_0|sys_tse_msgdma_rx|msgdma_1|prefetcher_internal|u_prefetcher_fifo|i100~0                                                                           ; Unassigned            ; 9       ; Clock enable               ;
; qsys_top_0|sys_tse_msgdma_rx|msgdma_1|prefetcher_internal|u_prefetcher_fifo|i29~0                                                                            ; Unassigned            ; 28      ; Sync. clear                ;
; qsys_top_0|sys_tse_msgdma_rx|msgdma_1|prefetcher_internal|u_prefetcher_fifo|i29~1                                                                            ; Unassigned            ; 8       ; Clock enable               ;
; qsys_top_0|sys_tse_msgdma_rx|msgdma_1|prefetcher_internal|u_prefetcher_fifo|i63~0                                                                            ; Unassigned            ; 8       ; Clock enable               ;
; qsys_top_0|sys_tse_msgdma_rx|msgdma_1|prefetcher_internal|u_prefetcher_read|ctrl_state.WR_DONE                                                               ; Unassigned            ; 66      ; Write enable               ;
; qsys_top_0|sys_tse_msgdma_rx|msgdma_1|prefetcher_internal|u_prefetcher_read|i1081~0                                                                          ; Unassigned            ; 22      ; Clock enable               ;
; qsys_top_0|sys_tse_msgdma_rx|msgdma_1|prefetcher_internal|u_prefetcher_read|i1279~0                                                                          ; Unassigned            ; 32      ; Clock enable               ;
; qsys_top_0|sys_tse_msgdma_rx|msgdma_1|prefetcher_internal|u_prefetcher_read|i136~5                                                                           ; Unassigned            ; 16      ; Clock enable               ;
; qsys_top_0|sys_tse_msgdma_rx|msgdma_1|prefetcher_internal|u_prefetcher_read|i379~1                                                                           ; Unassigned            ; 20      ; Clock enable               ;
; qsys_top_0|sys_tse_msgdma_rx|msgdma_1|prefetcher_internal|u_prefetcher_read|i484~0                                                                           ; Unassigned            ; 32      ; Clock enable               ;
; qsys_top_0|sys_tse_msgdma_rx|msgdma_1|prefetcher_internal|u_prefetcher_read|i881~0                                                                           ; Unassigned            ; 32      ; Clock enable               ;
; qsys_top_0|sys_tse_msgdma_rx|msgdma_1|prefetcher_internal|u_prefetcher_read|i981~0                                                                           ; Unassigned            ; 32      ; Clock enable               ;
; qsys_top_0|sys_tse_msgdma_rx|msgdma_1|prefetcher_internal|u_prefetcher_write_back|i112~1                                                                     ; Unassigned            ; 21      ; Sync. clear                ;
; qsys_top_0|sys_tse_msgdma_rx|msgdma_1|prefetcher_internal|u_prefetcher_write_back|i112~7                                                                     ; Unassigned            ; 12      ; Sync. clear                ;
; qsys_top_0|sys_tse_msgdma_rx|msgdma_1|prefetcher_internal|u_prefetcher_write_back|i74~1                                                                      ; Unassigned            ; 20      ; Sync. clear                ;
; qsys_top_0|sys_tse_msgdma_rx|msgdma_1|write_mstr_internal|fifo_write                                                                                         ; Unassigned            ; 59      ; Clock enable, Write enable ;
; qsys_top_0|sys_tse_msgdma_rx|msgdma_1|write_mstr_internal|i1370~1                                                                                            ; Unassigned            ; 2       ; Clock enable               ;
; qsys_top_0|sys_tse_msgdma_rx|msgdma_1|write_mstr_internal|i1370~4                                                                                            ; Unassigned            ; 17      ; Sync. clear                ;
; qsys_top_0|sys_tse_msgdma_rx|msgdma_1|write_mstr_internal|i1370~5                                                                                            ; Unassigned            ; 17      ; Clock enable               ;
; qsys_top_0|sys_tse_msgdma_rx|msgdma_1|write_mstr_internal|i257~1                                                                                             ; Unassigned            ; 19      ; Sync. clear                ;
; qsys_top_0|sys_tse_msgdma_rx|msgdma_1|write_mstr_internal|i257~2                                                                                             ; Unassigned            ; 19      ; Clock enable               ;
; qsys_top_0|sys_tse_msgdma_rx|msgdma_1|write_mstr_internal|i341~0                                                                                             ; Unassigned            ; 20      ; Sync. clear                ;
; qsys_top_0|sys_tse_msgdma_rx|msgdma_1|write_mstr_internal|i341~1                                                                                             ; Unassigned            ; 20      ; Clock enable               ;
; qsys_top_0|sys_tse_msgdma_rx|msgdma_1|write_mstr_internal|i511~0                                                                                             ; Unassigned            ; 27      ; Clock enable               ;
; qsys_top_0|sys_tse_msgdma_rx|msgdma_1|write_mstr_internal|i541                                                                                               ; Unassigned            ; 54      ; Sync. clear                ;
; qsys_top_0|sys_tse_msgdma_rx|msgdma_1|write_mstr_internal|src_response_valid                                                                                 ; Unassigned            ; 61      ; Clock enable, Write enable ;
; qsys_top_0|sys_tse_msgdma_rx|msgdma_1|write_mstr_internal|the_ST_to_MM_Adapter|i109~1                                                                        ; Unassigned            ; 8       ; Sync. clear                ;
; qsys_top_0|sys_tse_msgdma_rx|msgdma_1|write_mstr_internal|the_ST_to_MM_Adapter|i109~10                                                                       ; Unassigned            ; 9       ; Sync. clear                ;
; qsys_top_0|sys_tse_msgdma_rx|msgdma_1|write_mstr_internal|the_ST_to_MM_Adapter|i109~11                                                                       ; Unassigned            ; 8       ; Sync. clear                ;
; qsys_top_0|sys_tse_msgdma_rx|msgdma_1|write_mstr_internal|the_ST_to_MM_Adapter|i109~2                                                                        ; Unassigned            ; 24      ; Clock enable               ;
; qsys_top_0|sys_tse_msgdma_rx|msgdma_1|write_mstr_internal|the_st_to_master_fifo|auto_generated|dpfifo|rd_ptr_msb|i24~0                                       ; Unassigned            ; 10      ; Clock enable               ;
; qsys_top_0|sys_tse_msgdma_rx|msgdma_1|write_mstr_internal|the_st_to_master_fifo|auto_generated|dpfifo|rtl~11                                                 ; Unassigned            ; 42      ; Clock enable               ;
; qsys_top_0|sys_tse_msgdma_rx|msgdma_1|write_mstr_internal|the_st_to_master_fifo|auto_generated|dpfifo|rtl~70                                                 ; Unassigned            ; 1       ; Clock enable               ;
; qsys_top_0|sys_tse_msgdma_rx|msgdma_1|write_mstr_internal|the_st_to_master_fifo|auto_generated|dpfifo|usedw_counter|i37~0                                    ; Unassigned            ; 11      ; Clock enable               ;
; qsys_top_0|sys_tse_msgdma_rx|msgdma_1|write_mstr_internal|the_st_to_master_fifo|auto_generated|dpfifo|wr_ptr|i26~0                                           ; Unassigned            ; 11      ; Clock enable               ;
; qsys_top_0|sys_tse_msgdma_tx|sys_tse_msgdma_tx|dispatcher_internal|the_csr_block|i237~0                                                                      ; Unassigned            ; 15      ; Clock enable               ;
; qsys_top_0|sys_tse_msgdma_tx|sys_tse_msgdma_tx|dispatcher_internal|the_csr_block|i378~1                                                                      ; Unassigned            ; 4       ; Clock enable               ;
; qsys_top_0|sys_tse_msgdma_tx|sys_tse_msgdma_tx|dispatcher_internal|the_descriptor_buffers|push_read_fifo                                                     ; Unassigned            ; 61      ; Write enable               ;
; qsys_top_0|sys_tse_msgdma_tx|sys_tse_msgdma_tx|dispatcher_internal|the_descriptor_buffers|the_read_command_FIFO|i26~1                                        ; Unassigned            ; 7       ; Clock enable               ;
; qsys_top_0|sys_tse_msgdma_tx|sys_tse_msgdma_tx|dispatcher_internal|the_descriptor_buffers|the_read_command_FIFO|i56~0                                        ; Unassigned            ; 65      ; Async. clear, Sync. clear  ;
; qsys_top_0|sys_tse_msgdma_tx|sys_tse_msgdma_tx|dispatcher_internal|the_descriptor_buffers|the_read_command_FIFO|i56~2                                        ; Unassigned            ; 7       ; Clock enable               ;
; qsys_top_0|sys_tse_msgdma_tx|sys_tse_msgdma_tx|dispatcher_internal|the_descriptor_buffers|the_read_command_FIFO|i82~0                                        ; Unassigned            ; 8       ; Clock enable               ;
; qsys_top_0|sys_tse_msgdma_tx|sys_tse_msgdma_tx|dispatcher_internal|the_response_block|the_response_FIFO|auto_generated|dpfifo|rtl~120                        ; Unassigned            ; 8       ; Clock enable               ;
; qsys_top_0|sys_tse_msgdma_tx|sys_tse_msgdma_tx|dispatcher_internal|the_response_block|the_response_FIFO|auto_generated|dpfifo|rtl~2                          ; Unassigned            ; 7       ; Clock enable               ;
; qsys_top_0|sys_tse_msgdma_tx|sys_tse_msgdma_tx|dispatcher_internal|the_response_block|the_response_FIFO|auto_generated|dpfifo|rtl~6                          ; Unassigned            ; 11      ; Clock enable               ;
; qsys_top_0|sys_tse_msgdma_tx|sys_tse_msgdma_tx|prefetcher_internal|u_prefetcher_csr|i140~1                                                                   ; Unassigned            ; 32      ; Clock enable               ;
; qsys_top_0|sys_tse_msgdma_tx|sys_tse_msgdma_tx|prefetcher_internal|u_prefetcher_csr|i22~0                                                                    ; Unassigned            ; 3       ; Clock enable               ;
; qsys_top_0|sys_tse_msgdma_tx|sys_tse_msgdma_tx|prefetcher_internal|u_prefetcher_csr|i270~1                                                                   ; Unassigned            ; 32      ; Sync. clear                ;
; qsys_top_0|sys_tse_msgdma_tx|sys_tse_msgdma_tx|prefetcher_internal|u_prefetcher_csr|i270~2                                                                   ; Unassigned            ; 32      ; Clock enable               ;
; qsys_top_0|sys_tse_msgdma_tx|sys_tse_msgdma_tx|prefetcher_internal|u_prefetcher_csr|i336~0                                                                   ; Unassigned            ; 16      ; Clock enable               ;
; qsys_top_0|sys_tse_msgdma_tx|sys_tse_msgdma_tx|prefetcher_internal|u_prefetcher_fifo|i100~0                                                                  ; Unassigned            ; 9       ; Clock enable               ;
; qsys_top_0|sys_tse_msgdma_tx|sys_tse_msgdma_tx|prefetcher_internal|u_prefetcher_fifo|i29~0                                                                   ; Unassigned            ; 28      ; Sync. clear                ;
; qsys_top_0|sys_tse_msgdma_tx|sys_tse_msgdma_tx|prefetcher_internal|u_prefetcher_fifo|i29~1                                                                   ; Unassigned            ; 8       ; Clock enable               ;
; qsys_top_0|sys_tse_msgdma_tx|sys_tse_msgdma_tx|prefetcher_internal|u_prefetcher_fifo|i63~0                                                                   ; Unassigned            ; 8       ; Clock enable               ;
; qsys_top_0|sys_tse_msgdma_tx|sys_tse_msgdma_tx|prefetcher_internal|u_prefetcher_read|ctrl_state.WR_DONE                                                      ; Unassigned            ; 66      ; Write enable               ;
; qsys_top_0|sys_tse_msgdma_tx|sys_tse_msgdma_tx|prefetcher_internal|u_prefetcher_read|i1182~0                                                                 ; Unassigned            ; 22      ; Clock enable               ;
; qsys_top_0|sys_tse_msgdma_tx|sys_tse_msgdma_tx|prefetcher_internal|u_prefetcher_read|i1279~0                                                                 ; Unassigned            ; 32      ; Clock enable               ;
; qsys_top_0|sys_tse_msgdma_tx|sys_tse_msgdma_tx|prefetcher_internal|u_prefetcher_read|i136~5                                                                  ; Unassigned            ; 16      ; Clock enable               ;
; qsys_top_0|sys_tse_msgdma_tx|sys_tse_msgdma_tx|prefetcher_internal|u_prefetcher_read|i379~1                                                                  ; Unassigned            ; 20      ; Clock enable               ;
; qsys_top_0|sys_tse_msgdma_tx|sys_tse_msgdma_tx|prefetcher_internal|u_prefetcher_read|i484~0                                                                  ; Unassigned            ; 32      ; Clock enable               ;
; qsys_top_0|sys_tse_msgdma_tx|sys_tse_msgdma_tx|prefetcher_internal|u_prefetcher_read|i881~0                                                                  ; Unassigned            ; 32      ; Clock enable               ;
; qsys_top_0|sys_tse_msgdma_tx|sys_tse_msgdma_tx|prefetcher_internal|u_prefetcher_read|i981~0                                                                  ; Unassigned            ; 32      ; Clock enable               ;
; qsys_top_0|sys_tse_msgdma_tx|sys_tse_msgdma_tx|prefetcher_internal|u_prefetcher_write_back|i112~0                                                            ; Unassigned            ; 32      ; Sync. clear                ;
; qsys_top_0|sys_tse_msgdma_tx|sys_tse_msgdma_tx|prefetcher_internal|u_prefetcher_write_back|i74~2                                                             ; Unassigned            ; 20      ; Sync. clear                ;
; qsys_top_0|sys_tse_msgdma_tx|sys_tse_msgdma_tx|read_mstr_internal|i148~1                                                                                     ; Unassigned            ; 23      ; Clock enable               ;
; qsys_top_0|sys_tse_msgdma_tx|sys_tse_msgdma_tx|read_mstr_internal|i287~1                                                                                     ; Unassigned            ; 19      ; Sync. clear                ;
; qsys_top_0|sys_tse_msgdma_tx|sys_tse_msgdma_tx|read_mstr_internal|i287~2                                                                                     ; Unassigned            ; 19      ; Clock enable               ;
; qsys_top_0|sys_tse_msgdma_tx|sys_tse_msgdma_tx|read_mstr_internal|i319~0                                                                                     ; Unassigned            ; 12      ; Clock enable               ;
; qsys_top_0|sys_tse_msgdma_tx|sys_tse_msgdma_tx|read_mstr_internal|i413~0                                                                                     ; Unassigned            ; 55      ; Sync. clear                ;
; qsys_top_0|sys_tse_msgdma_tx|sys_tse_msgdma_tx|read_mstr_internal|src_response_valid                                                                         ; Unassigned            ; 26      ; Clock enable, Write enable ;
; qsys_top_0|sys_tse_msgdma_tx|sys_tse_msgdma_tx|read_mstr_internal|the_MM_to_ST_adapter|fifo_write                                                            ; Unassigned            ; 45      ; Write enable               ;
; qsys_top_0|sys_tse_msgdma_tx|sys_tse_msgdma_tx|read_mstr_internal|the_MM_to_ST_adapter|i102~0                                                                ; Unassigned            ; 32      ; Clock enable               ;
; qsys_top_0|sys_tse_msgdma_tx|sys_tse_msgdma_tx|read_mstr_internal|the_MM_to_ST_adapter|i206~1                                                                ; Unassigned            ; 9       ; Sync. clear                ;
; qsys_top_0|sys_tse_msgdma_tx|sys_tse_msgdma_tx|read_mstr_internal|the_MM_to_ST_adapter|i206~18                                                               ; Unassigned            ; 8       ; Sync. clear                ;
; qsys_top_0|sys_tse_msgdma_tx|sys_tse_msgdma_tx|read_mstr_internal|the_MM_to_ST_adapter|i206~2                                                                ; Unassigned            ; 32      ; Clock enable               ;
; qsys_top_0|sys_tse_msgdma_tx|sys_tse_msgdma_tx|read_mstr_internal|the_MM_to_ST_adapter|i206~20                                                               ; Unassigned            ; 8       ; Sync. clear                ;
; qsys_top_0|sys_tse_msgdma_tx|sys_tse_msgdma_tx|read_mstr_internal|the_MM_to_ST_adapter|i276~0                                                                ; Unassigned            ; 12      ; Clock enable               ;
; qsys_top_0|sys_tse_msgdma_tx|sys_tse_msgdma_tx|read_mstr_internal|the_master_to_st_fifo|auto_generated|dpfifo|rd_ptr_msb|i24~0                               ; Unassigned            ; 10      ; Clock enable               ;
; qsys_top_0|sys_tse_msgdma_tx|sys_tse_msgdma_tx|read_mstr_internal|the_master_to_st_fifo|auto_generated|dpfifo|rtl~32                                         ; Unassigned            ; 50      ; Clock enable               ;
; qsys_top_0|sys_tse_msgdma_tx|sys_tse_msgdma_tx|read_mstr_internal|the_master_to_st_fifo|auto_generated|dpfifo|rtl~70                                         ; Unassigned            ; 1       ; Clock enable               ;
; qsys_top_0|sys_tse_msgdma_tx|sys_tse_msgdma_tx|read_mstr_internal|the_master_to_st_fifo|auto_generated|dpfifo|usedw_counter|i37~0                            ; Unassigned            ; 11      ; Clock enable               ;
; qsys_top_0|sys_tse_msgdma_tx|sys_tse_msgdma_tx|read_mstr_internal|the_master_to_st_fifo|auto_generated|dpfifo|wr_ptr|i26~0                                   ; Unassigned            ; 11      ; Clock enable               ;
; qsys_top_0|sys_tse|intel_eth_tse_0|i_tse_mac|U_MAC_CONTROL|U_CTRL|Select_1~0_wirecell                                                                        ; Unassigned            ; 10      ; Sync. clear                ;
; qsys_top_0|sys_tse|intel_eth_tse_0|i_tse_mac|U_MAC_CONTROL|U_REG|U_EXCESS_COL|out_valid_internal                                                             ; Unassigned            ; 2       ; Clock enable               ;
; qsys_top_0|sys_tse|intel_eth_tse_0|i_tse_mac|U_MAC_CONTROL|U_REG|U_LATE_COL|out_valid_internal                                                               ; Unassigned            ; 2       ; Clock enable               ;
; qsys_top_0|sys_tse|intel_eth_tse_0|i_tse_mac|U_MAC_CONTROL|U_REG|U_RXCNT|cnt_rxffwrval_reg_reg                                                               ; Unassigned            ; 51      ; Clock enable, Write enable ;
; qsys_top_0|sys_tse|intel_eth_tse_0|i_tse_mac|U_MAC_CONTROL|U_REG|U_RXCNT|cnt_wren                                                                            ; Unassigned            ; 64      ; Write enable               ;
; qsys_top_0|sys_tse|intel_eth_tse_0|i_tse_mac|U_MAC_CONTROL|U_REG|U_RXCNT|i264~1                                                                              ; Unassigned            ; 4       ; Clock enable               ;
; qsys_top_0|sys_tse|intel_eth_tse_0|i_tse_mac|U_MAC_CONTROL|U_REG|U_RXCNT|i603                                                                                ; Unassigned            ; 56      ; Async. clear               ;
; qsys_top_0|sys_tse|intel_eth_tse_0|i_tse_mac|U_MAC_CONTROL|U_REG|U_RXCNT|i604                                                                                ; Unassigned            ; 116     ; Async. clear               ;
; qsys_top_0|sys_tse|intel_eth_tse_0|i_tse_mac|U_MAC_CONTROL|U_REG|U_RXCNT|i607                                                                                ; Unassigned            ; 17      ; Clock enable               ;
; qsys_top_0|sys_tse|intel_eth_tse_0|i_tse_mac|U_MAC_CONTROL|U_REG|U_RXCNT|rxpfram_wren                                                                        ; Unassigned            ; 32      ; Write enable               ;
; qsys_top_0|sys_tse|intel_eth_tse_0|i_tse_mac|U_MAC_CONTROL|U_REG|U_RXCNT|state.STM_TYPE_RST_CNT~_wirecell                                                    ; Unassigned            ; 32      ; Sync. clear                ;
; qsys_top_0|sys_tse|intel_eth_tse_0|i_tse_mac|U_MAC_CONTROL|U_REG|U_SYNC_10|i4                                                                                ; Unassigned            ; 32      ; Clock enable               ;
; qsys_top_0|sys_tse|intel_eth_tse_0|i_tse_mac|U_MAC_CONTROL|U_REG|U_SYNC_10|out_valid_internal                                                                ; Unassigned            ; 33      ; Clock enable               ;
; qsys_top_0|sys_tse|intel_eth_tse_0|i_tse_mac|U_MAC_CONTROL|U_REG|U_SYNC_11|i4                                                                                ; Unassigned            ; 32      ; Clock enable               ;
; qsys_top_0|sys_tse|intel_eth_tse_0|i_tse_mac|U_MAC_CONTROL|U_REG|U_SYNC_11|out_valid_internal                                                                ; Unassigned            ; 33      ; Clock enable               ;
; qsys_top_0|sys_tse|intel_eth_tse_0|i_tse_mac|U_MAC_CONTROL|U_REG|U_SYNC_12|i4                                                                                ; Unassigned            ; 32      ; Clock enable               ;
; qsys_top_0|sys_tse|intel_eth_tse_0|i_tse_mac|U_MAC_CONTROL|U_REG|U_SYNC_12|out_valid_internal                                                                ; Unassigned            ; 33      ; Clock enable               ;
; qsys_top_0|sys_tse|intel_eth_tse_0|i_tse_mac|U_MAC_CONTROL|U_REG|U_SYNC_6|i4                                                                                 ; Unassigned            ; 32      ; Clock enable               ;
; qsys_top_0|sys_tse|intel_eth_tse_0|i_tse_mac|U_MAC_CONTROL|U_REG|U_SYNC_6|out_valid_internal                                                                 ; Unassigned            ; 33      ; Clock enable               ;
; qsys_top_0|sys_tse|intel_eth_tse_0|i_tse_mac|U_MAC_CONTROL|U_REG|U_SYNC_7|i4                                                                                 ; Unassigned            ; 32      ; Clock enable               ;
; qsys_top_0|sys_tse|intel_eth_tse_0|i_tse_mac|U_MAC_CONTROL|U_REG|U_SYNC_7|out_valid_internal                                                                 ; Unassigned            ; 33      ; Clock enable               ;
; qsys_top_0|sys_tse|intel_eth_tse_0|i_tse_mac|U_MAC_CONTROL|U_REG|U_SYNC_8|out_valid_internal                                                                 ; Unassigned            ; 2       ; Clock enable               ;
; qsys_top_0|sys_tse|intel_eth_tse_0|i_tse_mac|U_MAC_CONTROL|U_REG|U_SYNC_8|take_in_data                                                                       ; Unassigned            ; 16      ; Clock enable               ;
; qsys_top_0|sys_tse|intel_eth_tse_0|i_tse_mac|U_MAC_CONTROL|U_REG|U_TXCNT|cnt_txffwrval_reg_reg                                                               ; Unassigned            ; 50      ; Clock enable, Write enable ;
; qsys_top_0|sys_tse|intel_eth_tse_0|i_tse_mac|U_MAC_CONTROL|U_REG|U_TXCNT|cnt_wren                                                                            ; Unassigned            ; 64      ; Write enable               ;
; qsys_top_0|sys_tse|intel_eth_tse_0|i_tse_mac|U_MAC_CONTROL|U_REG|U_TXCNT|i124~1                                                                              ; Unassigned            ; 3       ; Clock enable               ;
; qsys_top_0|sys_tse|intel_eth_tse_0|i_tse_mac|U_MAC_CONTROL|U_REG|U_TXCNT|i292~0                                                                              ; Unassigned            ; 32      ; Clock enable               ;
; qsys_top_0|sys_tse|intel_eth_tse_0|i_tse_mac|U_MAC_CONTROL|U_REG|U_TXCNT|i491                                                                                ; Unassigned            ; 56      ; Async. clear               ;
; qsys_top_0|sys_tse|intel_eth_tse_0|i_tse_mac|U_MAC_CONTROL|U_REG|U_TXCNT|i495                                                                                ; Unassigned            ; 17      ; Clock enable               ;
; qsys_top_0|sys_tse|intel_eth_tse_0|i_tse_mac|U_MAC_CONTROL|U_REG|U_TXCNT|state.STM_TYPE_RST_CNT~_wirecell                                                    ; Unassigned            ; 32      ; Sync. clear                ;
; qsys_top_0|sys_tse|intel_eth_tse_0|i_tse_mac|U_MAC_CONTROL|U_REG|U_TXCNT|state_reg_clk.STM_TYPE_RST_CNT_CSR                                                  ; Unassigned            ; 44      ; Sync. clear                ;
; qsys_top_0|sys_tse|intel_eth_tse_0|i_tse_mac|U_MAC_CONTROL|U_REG|U_TXCNT|txpfram_wren                                                                        ; Unassigned            ; 32      ; Write enable               ;
; qsys_top_0|sys_tse|intel_eth_tse_0|i_tse_mac|U_MAC_CONTROL|U_REG|i101~0                                                                                      ; Unassigned            ; 2       ; Clock enable               ;
; qsys_top_0|sys_tse|intel_eth_tse_0|i_tse_mac|U_MAC_CONTROL|U_REG|i1021~0                                                                                     ; Unassigned            ; 13      ; Clock enable               ;
; qsys_top_0|sys_tse|intel_eth_tse_0|i_tse_mac|U_MAC_CONTROL|U_REG|i1105~0                                                                                     ; Unassigned            ; 13      ; Clock enable               ;
; qsys_top_0|sys_tse|intel_eth_tse_0|i_tse_mac|U_MAC_CONTROL|U_REG|i1189~0                                                                                     ; Unassigned            ; 13      ; Clock enable               ;
; qsys_top_0|sys_tse|intel_eth_tse_0|i_tse_mac|U_MAC_CONTROL|U_REG|i1290~0                                                                                     ; Unassigned            ; 5       ; Clock enable               ;
; qsys_top_0|sys_tse|intel_eth_tse_0|i_tse_mac|U_MAC_CONTROL|U_REG|i1391~0                                                                                     ; Unassigned            ; 5       ; Clock enable               ;
; qsys_top_0|sys_tse|intel_eth_tse_0|i_tse_mac|U_MAC_CONTROL|U_REG|i1474~0                                                                                     ; Unassigned            ; 1       ; Clock enable               ;
; qsys_top_0|sys_tse|intel_eth_tse_0|i_tse_mac|U_MAC_CONTROL|U_REG|i1484~0                                                                                     ; Unassigned            ; 5       ; Clock enable               ;
; qsys_top_0|sys_tse|intel_eth_tse_0|i_tse_mac|U_MAC_CONTROL|U_REG|i1615~0                                                                                     ; Unassigned            ; 32      ; Clock enable               ;
; qsys_top_0|sys_tse|intel_eth_tse_0|i_tse_mac|U_MAC_CONTROL|U_REG|i1716~0                                                                                     ; Unassigned            ; 32      ; Clock enable               ;
; qsys_top_0|sys_tse|intel_eth_tse_0|i_tse_mac|U_MAC_CONTROL|U_REG|i1817~0                                                                                     ; Unassigned            ; 32      ; Clock enable               ;
; qsys_top_0|sys_tse|intel_eth_tse_0|i_tse_mac|U_MAC_CONTROL|U_REG|i1918~0                                                                                     ; Unassigned            ; 32      ; Clock enable               ;
; qsys_top_0|sys_tse|intel_eth_tse_0|i_tse_mac|U_MAC_CONTROL|U_REG|i19~1                                                                                       ; Unassigned            ; 32      ; Clock enable               ;
; qsys_top_0|sys_tse|intel_eth_tse_0|i_tse_mac|U_MAC_CONTROL|U_REG|i2019~0                                                                                     ; Unassigned            ; 32      ; Clock enable               ;
; qsys_top_0|sys_tse|intel_eth_tse_0|i_tse_mac|U_MAC_CONTROL|U_REG|i228~1                                                                                      ; Unassigned            ; 32      ; Clock enable               ;
; qsys_top_0|sys_tse|intel_eth_tse_0|i_tse_mac|U_MAC_CONTROL|U_REG|i2679~0                                                                                     ; Unassigned            ; 32      ; Clock enable               ;
; qsys_top_0|sys_tse|intel_eth_tse_0|i_tse_mac|U_MAC_CONTROL|U_REG|i3009~1                                                                                     ; Unassigned            ; 2       ; Clock enable               ;
; qsys_top_0|sys_tse|intel_eth_tse_0|i_tse_mac|U_MAC_CONTROL|U_REG|i329~0                                                                                      ; Unassigned            ; 16      ; Clock enable               ;
; qsys_top_0|sys_tse|intel_eth_tse_0|i_tse_mac|U_MAC_CONTROL|U_REG|i3685~18                                                                                    ; Unassigned            ; 10      ; Sync. clear                ;
; qsys_top_0|sys_tse|intel_eth_tse_0|i_tse_mac|U_MAC_CONTROL|U_REG|i447~0                                                                                      ; Unassigned            ; 16      ; Clock enable               ;
; qsys_top_0|sys_tse|intel_eth_tse_0|i_tse_mac|U_MAC_CONTROL|U_REG|i606~0                                                                                      ; Unassigned            ; 13      ; Clock enable               ;
; qsys_top_0|sys_tse|intel_eth_tse_0|i_tse_mac|U_MAC_CONTROL|U_REG|i688~1                                                                                      ; Unassigned            ; 13      ; Clock enable               ;
; qsys_top_0|sys_tse|intel_eth_tse_0|i_tse_mac|U_MAC_CONTROL|U_REG|i771~0                                                                                      ; Unassigned            ; 13      ; Clock enable               ;
; qsys_top_0|sys_tse|intel_eth_tse_0|i_tse_mac|U_MAC_CONTROL|U_REG|i854~0                                                                                      ; Unassigned            ; 13      ; Clock enable               ;
; qsys_top_0|sys_tse|intel_eth_tse_0|i_tse_mac|U_MAC_CONTROL|U_REG|i938~1                                                                                      ; Unassigned            ; 13      ; Clock enable               ;
; qsys_top_0|sys_tse|intel_eth_tse_0|i_tse_mac|U_MAC_CONTROL|U_REG|i98~3                                                                                       ; Unassigned            ; 22      ; Clock enable               ;
; qsys_top_0|sys_tse|intel_eth_tse_0|i_tse_mac|U_MAC_CONTROL|U_REG|rx_sw_reset_wire                                                                            ; Unassigned            ; 169     ; Sync. clear                ;
; qsys_top_0|sys_tse|intel_eth_tse_0|i_tse_mac|U_MAC_CONTROL|U_REG|sw_cnt_reset_wire                                                                           ; Unassigned            ; 42      ; Sync. clear                ;
; qsys_top_0|sys_tse|intel_eth_tse_0|i_tse_mac|U_MAC_TOP|U_CLKCT|rxclk_ena                                                                                     ; Unassigned            ; 551     ; Clock enable               ;
; qsys_top_0|sys_tse|intel_eth_tse_0|i_tse_mac|U_MAC_TOP|U_CLKCT|txclk_ena                                                                                     ; Unassigned            ; 264     ; Clock enable               ;
; qsys_top_0|sys_tse|intel_eth_tse_0|i_tse_mac|U_MAC_TOP|U_GMIF|U_SYNC_1|std_sync_no_cut|dreg[1]~_wirecell                                                     ; Unassigned            ; 10      ; Sync. clear                ;
; qsys_top_0|sys_tse|intel_eth_tse_0|i_tse_mac|U_MAC_TOP|U_LBFF|U_LBFF|aempty_low_det~_wirecell                                                                ; Unassigned            ; 9       ; Sync. clear                ;
; qsys_top_0|sys_tse|intel_eth_tse_0|i_tse_mac|U_MAC_TOP|U_LBFF|U_LBR|Select_1~0                                                                               ; Unassigned            ; 16      ; Clock enable               ;
; qsys_top_0|sys_tse|intel_eth_tse_0|i_tse_mac|U_MAC_TOP|U_LBFF|U_LBW|i38~0                                                                                    ; Unassigned            ; 25      ; Clock enable               ;
; qsys_top_0|sys_tse|intel_eth_tse_0|i_tse_mac|U_MAC_TOP|U_LBFF|en~_wirecell                                                                                   ; Unassigned            ; 1       ; Clock enable               ;
; qsys_top_0|sys_tse|intel_eth_tse_0|i_tse_mac|U_MAC_TOP|U_LBFF|i78~0                                                                                          ; Unassigned            ; 10      ; Sync. clear                ;
; qsys_top_0|sys_tse|intel_eth_tse_0|i_tse_mac|U_MAC_TOP|U_MAC|U_GETH|U_RXSTAT|LessThan_0~3                                                                    ; Unassigned            ; 16      ; Sync. clear                ;
; qsys_top_0|sys_tse|intel_eth_tse_0|i_tse_mac|U_MAC_TOP|U_MAC|U_GETH|U_RXSTAT|Select_1~0                                                                      ; Unassigned            ; 18      ; Sync. clear                ;
; qsys_top_0|sys_tse|intel_eth_tse_0|i_tse_mac|U_MAC_TOP|U_MAC|U_GETH|U_RXSTAT|dest_addr[15]~6                                                                 ; Unassigned            ; 8       ; Clock enable               ;
; qsys_top_0|sys_tse|intel_eth_tse_0|i_tse_mac|U_MAC_TOP|U_MAC|U_GETH|U_RXSTAT|dest_addr[23]~7                                                                 ; Unassigned            ; 8       ; Clock enable               ;
; qsys_top_0|sys_tse|intel_eth_tse_0|i_tse_mac|U_MAC_TOP|U_MAC|U_GETH|U_RXSTAT|dest_addr[31]~5                                                                 ; Unassigned            ; 8       ; Clock enable               ;
; qsys_top_0|sys_tse|intel_eth_tse_0|i_tse_mac|U_MAC_TOP|U_MAC|U_GETH|U_RXSTAT|dest_addr[39]~4                                                                 ; Unassigned            ; 8       ; Clock enable               ;
; qsys_top_0|sys_tse|intel_eth_tse_0|i_tse_mac|U_MAC_TOP|U_MAC|U_GETH|U_RXSTAT|dest_addr[47]~3                                                                 ; Unassigned            ; 8       ; Clock enable               ;
; qsys_top_0|sys_tse|intel_eth_tse_0|i_tse_mac|U_MAC_TOP|U_MAC|U_GETH|U_RXSTAT|dest_addr[7]~1                                                                  ; Unassigned            ; 8       ; Clock enable               ;
; qsys_top_0|sys_tse|intel_eth_tse_0|i_tse_mac|U_MAC_TOP|U_MAC|U_GETH|U_RXSTAT|frm_length[15]~0                                                                ; Unassigned            ; 19      ; Clock enable               ;
; qsys_top_0|sys_tse|intel_eth_tse_0|i_tse_mac|U_MAC_TOP|U_MAC|U_GETH|U_RXSTAT|frm_stat_val                                                                    ; Unassigned            ; 23      ; Clock enable               ;
; qsys_top_0|sys_tse|intel_eth_tse_0|i_tse_mac|U_MAC_TOP|U_MAC|U_GETH|U_RXSTAT|i131                                                                            ; Unassigned            ; 8       ; Sync. clear                ;
; qsys_top_0|sys_tse|intel_eth_tse_0|i_tse_mac|U_MAC_TOP|U_MAC|U_GETH|U_RXSTAT|total_frm_cnt[15]~0                                                             ; Unassigned            ; 16      ; Clock enable               ;
; qsys_top_0|sys_tse|intel_eth_tse_0|i_tse_mac|U_MAC_TOP|U_MAC|U_GETH|U_RX|cmd_rcv~0                                                                           ; Unassigned            ; 20      ; Sync. clear                ;
; qsys_top_0|sys_tse|intel_eth_tse_0|i_tse_mac|U_MAC_TOP|U_MAC|U_GETH|U_RX|dest_add_ok[9]                                                                      ; Unassigned            ; 11      ; Sync. clear                ;
; qsys_top_0|sys_tse|intel_eth_tse_0|i_tse_mac|U_MAC_TOP|U_MAC|U_GETH|U_RX|dest_add_ok[9]~_wirecell                                                            ; Unassigned            ; 16      ; Sync. clear                ;
; qsys_top_0|sys_tse|intel_eth_tse_0|i_tse_mac|U_MAC_TOP|U_MAC|U_GETH|U_RX|enable_rx_reg3~_wirecell                                                            ; Unassigned            ; 8       ; Sync. clear                ;
; qsys_top_0|sys_tse|intel_eth_tse_0|i_tse_mac|U_MAC_TOP|U_MAC|U_GETH|U_RX|frm_type_ok_s[0]                                                                    ; Unassigned            ; 35      ; Sync. clear                ;
; qsys_top_0|sys_tse|intel_eth_tse_0|i_tse_mac|U_MAC_TOP|U_MAC|U_GETH|U_RX|i1642                                                                               ; Unassigned            ; 16      ; Sync. clear                ;
; qsys_top_0|sys_tse|intel_eth_tse_0|i_tse_mac|U_MAC_TOP|U_MAC|U_GETH|U_RX|rx_stat_wren                                                                        ; Unassigned            ; 37      ; Clock enable, Write enable ;
; qsys_top_0|sys_tse|intel_eth_tse_0|i_tse_mac|U_MAC_TOP|U_MAC|U_GETH|U_RX|rx_wren_int                                                                         ; Unassigned            ; 15      ; Clock enable               ;
; qsys_top_0|sys_tse|intel_eth_tse_0|i_tse_mac|U_MAC_TOP|U_MAC|U_GETH|U_RX|rx_wren_int~_wirecell                                                               ; Unassigned            ; 1       ; Sync. clear                ;
; qsys_top_0|sys_tse|intel_eth_tse_0|i_tse_mac|U_MAC_TOP|U_MAC|U_GETH|U_RX|user_length[0]~0                                                                    ; Unassigned            ; 16      ; Clock enable               ;
; qsys_top_0|sys_tse|intel_eth_tse_0|i_tse_mac|U_MAC_TOP|U_MAC|U_GETH|U_TXSTAT|dest_addr[15]~7                                                                 ; Unassigned            ; 8       ; Clock enable               ;
; qsys_top_0|sys_tse|intel_eth_tse_0|i_tse_mac|U_MAC_TOP|U_MAC|U_GETH|U_TXSTAT|dest_addr[23]~5                                                                 ; Unassigned            ; 8       ; Clock enable               ;
; qsys_top_0|sys_tse|intel_eth_tse_0|i_tse_mac|U_MAC_TOP|U_MAC|U_GETH|U_TXSTAT|dest_addr[31]~3                                                                 ; Unassigned            ; 8       ; Clock enable               ;
; qsys_top_0|sys_tse|intel_eth_tse_0|i_tse_mac|U_MAC_TOP|U_MAC|U_GETH|U_TXSTAT|dest_addr[39]~4                                                                 ; Unassigned            ; 8       ; Clock enable               ;
; qsys_top_0|sys_tse|intel_eth_tse_0|i_tse_mac|U_MAC_TOP|U_MAC|U_GETH|U_TXSTAT|dest_addr[47]~6                                                                 ; Unassigned            ; 8       ; Clock enable               ;
; qsys_top_0|sys_tse|intel_eth_tse_0|i_tse_mac|U_MAC_TOP|U_MAC|U_GETH|U_TXSTAT|dest_addr[7]~1                                                                  ; Unassigned            ; 8       ; Clock enable               ;
; qsys_top_0|sys_tse|intel_eth_tse_0|i_tse_mac|U_MAC_TOP|U_MAC|U_GETH|U_TXSTAT|frm_cnt[15]~0                                                                   ; Unassigned            ; 15      ; Clock enable               ;
; qsys_top_0|sys_tse|intel_eth_tse_0|i_tse_mac|U_MAC_TOP|U_MAC|U_GETH|U_TXSTAT|frm_stat_val                                                                    ; Unassigned            ; 22      ; Clock enable               ;
; qsys_top_0|sys_tse|intel_eth_tse_0|i_tse_mac|U_MAC_TOP|U_MAC|U_GETH|U_TXSTAT|i40                                                                             ; Unassigned            ; 44      ; Sync. clear                ;
; qsys_top_0|sys_tse|intel_eth_tse_0|i_tse_mac|U_MAC_TOP|U_MAC|U_GETH|U_TXSTAT|reduce_nor_7                                                                    ; Unassigned            ; 10      ; Sync. clear                ;
; qsys_top_0|sys_tse|intel_eth_tse_0|i_tse_mac|U_MAC_TOP|U_MAC|U_GETH|U_TXSTAT|reduce_nor_8                                                                    ; Unassigned            ; 9       ; Sync. clear                ;
; qsys_top_0|sys_tse|intel_eth_tse_0|i_tse_mac|U_MAC_TOP|U_MAC|U_GETH|U_TXSTAT|sop_reg[3]~_wirecell                                                            ; Unassigned            ; 16      ; Sync. clear                ;
; qsys_top_0|sys_tse|intel_eth_tse_0|i_tse_mac|U_MAC_TOP|U_MAC|U_GETH|U_TXSTAT|type_length[15]~0                                                               ; Unassigned            ; 8       ; Clock enable               ;
; qsys_top_0|sys_tse|intel_eth_tse_0|i_tse_mac|U_MAC_TOP|U_MAC|U_GETH|U_TXSTAT|type_length[2]~1                                                                ; Unassigned            ; 8       ; Clock enable               ;
; qsys_top_0|sys_tse|intel_eth_tse_0|i_tse_mac|U_MAC_TOP|U_MAC|U_GETH|U_TX|frm_rd[0]~_wirecell                                                                 ; Unassigned            ; 9       ; Sync. clear                ;
; qsys_top_0|sys_tse|intel_eth_tse_0|i_tse_mac|U_MAC_TOP|U_MAC|U_GETH|U_TX|i1331                                                                               ; Unassigned            ; 9       ; Sync. clear                ;
; qsys_top_0|sys_tse|intel_eth_tse_0|i_tse_mac|U_MAC_TOP|U_MAC|U_GETH|U_TX|sop[4]                                                                              ; Unassigned            ; 44      ; Sync. clear                ;
; qsys_top_0|sys_tse|intel_eth_tse_0|i_tse_mac|U_MAC_TOP|U_MAC|U_GETH|U_TX|tx_rden_int~0                                                                       ; Unassigned            ; 32      ; Clock enable               ;
; qsys_top_0|sys_tse|intel_eth_tse_0|i_tse_mac|U_MAC_TOP|U_MAC|U_MAGIC|i625~1                                                                                  ; Unassigned            ; 4       ; Clock enable               ;
; qsys_top_0|sys_tse|intel_eth_tse_0|i_tse_mac|U_MAC_TOP|U_MAC|U_MAGIC|i662~1                                                                                  ; Unassigned            ; 3       ; Clock enable               ;
; qsys_top_0|sys_tse|intel_eth_tse_0|i_tse_mac|U_MAC_TOP|U_MAC|U_RXFF|RX_DATA|U_RAM|altera_syncram_component|auto_generated|altera_syncram_impl1|decode3|rtl~0 ; Unassigned            ; 35      ; Write enable               ;
; qsys_top_0|sys_tse|intel_eth_tse_0|i_tse_mac|U_MAC_TOP|U_MAC|U_RXFF|RX_DATA|U_RAM|altera_syncram_component|auto_generated|altera_syncram_impl1|decode3|rtl~1 ; Unassigned            ; 35      ; Write enable               ;
; qsys_top_0|sys_tse|intel_eth_tse_0|i_tse_mac|U_MAC_TOP|U_MAC|U_RXFF|RX_DATA|U_RAM|altera_syncram_component|auto_generated|altera_syncram_impl1|decode3|rtl~3 ; Unassigned            ; 35      ; Write enable               ;
; qsys_top_0|sys_tse|intel_eth_tse_0|i_tse_mac|U_MAC_TOP|U_MAC|U_RXFF|RX_DATA|U_RAM|altera_syncram_component|auto_generated|altera_syncram_impl1|decode3|rtl~5 ; Unassigned            ; 35      ; Write enable               ;
; qsys_top_0|sys_tse|intel_eth_tse_0|i_tse_mac|U_MAC_TOP|U_MAC|U_RXFF|Select_6~0                                                                               ; Unassigned            ; 32      ; Clock enable               ;
; qsys_top_0|sys_tse|intel_eth_tse_0|i_tse_mac|U_MAC_TOP|U_MAC|U_RXFF|data_rdreq                                                                               ; Unassigned            ; 39      ; Clock enable               ;
; qsys_top_0|sys_tse|intel_eth_tse_0|i_tse_mac|U_MAC_TOP|U_MAC|U_RXFF|i160~0                                                                                   ; Unassigned            ; 8       ; Sync. clear                ;
; qsys_top_0|sys_tse|intel_eth_tse_0|i_tse_mac|U_MAC_TOP|U_MAC|U_RXFF|i160~1                                                                                   ; Unassigned            ; 8       ; Sync. clear                ;
; qsys_top_0|sys_tse|intel_eth_tse_0|i_tse_mac|U_MAC_TOP|U_MAC|U_RXFF|i475                                                                                     ; Unassigned            ; 16      ; Sync. clear                ;
; qsys_top_0|sys_tse|intel_eth_tse_0|i_tse_mac|U_MAC_TOP|U_MAC|U_RXFF|i540~0                                                                                   ; Unassigned            ; 16      ; Clock enable               ;
; qsys_top_0|sys_tse|intel_eth_tse_0|i_tse_mac|U_MAC_TOP|U_MAC|U_RXFF|i551~0                                                                                   ; Unassigned            ; 4       ; Clock enable               ;
; qsys_top_0|sys_tse|intel_eth_tse_0|i_tse_mac|U_MAC_TOP|U_MAC|U_RXFF|reduce_nor_1~0                                                                           ; Unassigned            ; 9       ; Sync. clear                ;
; qsys_top_0|sys_tse|intel_eth_tse_0|i_tse_mac|U_MAC_TOP|U_MAC|U_RXFF|rx_data32[15]~2                                                                          ; Unassigned            ; 8       ; Clock enable               ;
; qsys_top_0|sys_tse|intel_eth_tse_0|i_tse_mac|U_MAC_TOP|U_MAC|U_RXFF|rx_data32[23]~1                                                                          ; Unassigned            ; 8       ; Clock enable               ;
; qsys_top_0|sys_tse|intel_eth_tse_0|i_tse_mac|U_MAC_TOP|U_MAC|U_RXFF|rx_data32[31]~0                                                                          ; Unassigned            ; 8       ; Clock enable               ;
; qsys_top_0|sys_tse|intel_eth_tse_0|i_tse_mac|U_MAC_TOP|U_MAC|U_RXFF|rx_wren32                                                                                ; Unassigned            ; 43      ; Clock enable               ;
; qsys_top_0|sys_tse|intel_eth_tse_0|i_tse_mac|U_MAC_TOP|U_MAC|U_TXFF|TX_DATA|U_RAM|altera_syncram_component|auto_generated|altera_syncram_impl1|decode3|rtl~0 ; Unassigned            ; 36      ; Write enable               ;
; qsys_top_0|sys_tse|intel_eth_tse_0|i_tse_mac|U_MAC_TOP|U_MAC|U_TXFF|TX_DATA|U_RAM|altera_syncram_component|auto_generated|altera_syncram_impl1|decode3|rtl~1 ; Unassigned            ; 36      ; Write enable               ;
; qsys_top_0|sys_tse|intel_eth_tse_0|i_tse_mac|U_MAC_TOP|U_MAC|U_TXFF|TX_DATA|U_RAM|altera_syncram_component|auto_generated|altera_syncram_impl1|decode3|rtl~3 ; Unassigned            ; 36      ; Write enable               ;
; qsys_top_0|sys_tse|intel_eth_tse_0|i_tse_mac|U_MAC_TOP|U_MAC|U_TXFF|TX_DATA|U_RAM|altera_syncram_component|auto_generated|altera_syncram_impl1|decode3|rtl~5 ; Unassigned            ; 36      ; Write enable               ;
; qsys_top_0|sys_tse|intel_eth_tse_0|i_tse_mac|U_MAC_TOP|U_MAC|U_TXFF|TX_DATA|full_flag~_wirecell                                                              ; Unassigned            ; 2       ; Clock enable               ;
; qsys_top_0|sys_tse|intel_eth_tse_0|i_tse_mac|U_MAC_TOP|U_MAC|U_TXFF|data_tmp[31]~0                                                                           ; Unassigned            ; 32      ; Clock enable               ;
; qsys_top_0|sys_tse|intel_eth_tse_0|i_tse_mac|U_MAC_TOP|U_MAC|U_TXFF|eop_tmp~0                                                                                ; Unassigned            ; 3       ; Clock enable               ;
; qsys_top_0|sys_tse|intel_eth_tse_0|i_tse_mac|U_MAC_TOP|U_MAC|U_TXFF|i357~0                                                                                   ; Unassigned            ; 40      ; Clock enable               ;
; qsys_top_0|sys_tse|intel_eth_tse_0|i_tse_mac|U_MAC_TOP|U_MAC|U_TXFF|i359                                                                                     ; Unassigned            ; 43      ; Clock enable               ;
; qsys_top_0|sys_tse|intel_eth_tse_0|i_tse_mac|U_MAC_TOP|U_MAC|U_TXFF|i361                                                                                     ; Unassigned            ; 23      ; Clock enable               ;
; qsys_top_0|sys_tse|intel_eth_tse_0|i_tse_mac|U_MAC_TOP|U_MAC|U_TXFF|i364                                                                                     ; Unassigned            ; 35      ; Clock enable, Write enable ;
; qsys_top_0|sys_tse|intel_eth_tse_0|i_tse_mac|U_MAC_TOP|U_MAC|U_TXFF|i519~1                                                                                   ; Unassigned            ; 2       ; Clock enable               ;
; qsys_top_0|sys_tse|intel_eth_tse_0|i_tse_mac|U_MAC_TOP|U_MAC|U_TXFF|mod_tmp[0]~1                                                                             ; Unassigned            ; 2       ; Clock enable               ;
; qsys_top_0|sys_tse|intel_eth_tse_0|i_tse_mac|U_MAC_TOP|U_MAC|U_TXFF|tx_rden32~0                                                                              ; Unassigned            ; 38      ; Clock enable               ;
; qsys_top_0|sys_tse|intel_eth_tse_0|i_tse_mac|U_MAC_TOP|U_MRX|mii_clk_ena                                                                                     ; Unassigned            ; 13      ; Clock enable               ;
; qsys_top_0|sys_tse|intel_eth_tse_0|i_tse_mac|U_MDIO|U_CLKGEN|clk_ena                                                                                         ; Unassigned            ; 81      ; Clock enable               ;
; qsys_top_0|sys_tse|intel_eth_tse_0|i_tse_mac|U_MDIO|U_CLKGEN|reduce_nor_0                                                                                    ; Unassigned            ; 9       ; Sync. clear                ;
; qsys_top_0|sys_tse|intel_eth_tse_0|i_tse_mac|U_MDIO|U_CNTL|i139~0                                                                                            ; Unassigned            ; 13      ; Sync. clear                ;
; qsys_top_0|sys_tse|intel_eth_tse_0|i_tse_mac|U_MDIO|U_MDIO|i240                                                                                              ; Unassigned            ; 16      ; Sync. clear                ;
; qsys_top_0|sys_tse|intel_eth_tse_0|i_tse_mac|U_MDIO|U_MDIO|reg_data[15]~0                                                                                    ; Unassigned            ; 15      ; Clock enable               ;
; qsys_top_0|sys_tse|intel_eth_tse_0|i_tse_mac|U_MDIO|U_MDIO|reg_data_rd[15]~0                                                                                 ; Unassigned            ; 16      ; Clock enable               ;
; qsys_top_0|sys_tse|intel_eth_tse_0|i_tse_mac|U_MDIO|U_MDIO|reg_phy_reg_add[9]~0                                                                              ; Unassigned            ; 10      ; Clock enable               ;
; qsys_top_0|sys_tse|intel_eth_tse_0|i_tse_mac|U_MDIO|mdio_oen                                                                                                 ; Unassigned            ; 1       ; Output enable              ;
; qsys_top_0|sys_tse|intel_eth_tse_0|i_tse_mac|reset_sync_0|altera_tse_reset_synchronizer_chain_out                                                            ; Unassigned            ; 1508    ; Async. clear               ;
; qsys_top_0|sys_tse|intel_eth_tse_0|i_tse_mac|reset_sync_1|altera_tse_reset_synchronizer_chain_out                                                            ; Unassigned            ; 920     ; Async. clear               ;
; qsys_top_0|sys_tse|intel_eth_tse_0|i_tse_mac|reset_sync_2|altera_tse_reset_synchronizer_chain_out                                                            ; Unassigned            ; 288     ; Async. clear               ;
; qsys_top_0|sys_tse|intel_eth_tse_0|i_tse_mac|reset_sync_3|altera_tse_reset_synchronizer_chain_out                                                            ; Unassigned            ; 223     ; Async. clear               ;
; qsys_top_0|sys_tse|intel_eth_tse_0|i_tse_mac|reset_sync_4|altera_tse_reset_synchronizer_chain_out                                                            ; Unassigned            ; 985     ; Async. clear               ;
; qsys_top_0|sys_tse|intel_eth_tse_0|i_tse_mac|reset_sync_rgmii|altera_tse_reset_synchronizer_chain_out                                                        ; Unassigned            ; 18      ; Async. clear               ;
; rgmii_rxclk                                                                                                                                                  ; PIN_B23               ; 3085    ; Clock                      ;
; sys_pll_inst|iopll_0|tennm_ph2_iopll~O_LOCK                                                                                                                  ; IOPLL_X63_Y0_N0       ; 4       ; Async. clear               ;
; sys_pll_inst|iopll_0|tennm_ph2_iopll~O_OUT_CLK0                                                                                                              ; IOPLL_X63_Y0_N0       ; 17486   ; Clock                      ;
+--------------------------------------------------------------------------------------------------------------------------------------------------------------+-----------------------+---------+----------------------------+


+---------------------------------------------------------------------------------+
; Fixed Point DSP Register Packing Summary                                        ;
+---------------------------------------------------------------+-----------------+
; Fully registered fixed point DSP blocks                       ; 0 / 3 ( 0 % )   ;
; Partially registered fixed point DSP blocks                   ; 3 / 3 ( 100 % ) ;
; Unregistered fixed point DSP blocks                           ; 0 / 3 ( 0 % )   ;
;                                                               ;                 ;
; Reasons candidate registers could not be packed:              ;                 ;
;   NoRegisters   - There are not enough registers to be packed ; 3 / 3 ( 100 % ) ;
+---------------------------------------------------------------+-----------------+


+--------------------------------------------------------------------------------------------------------------------------------------------------------------------------------------------------------------------------------------------------------------------------------------------------------------------------------------------------------------------------------------------------------------------------------------------------------------------------------------------------------------------------------------------------------------------------------------------------------------------------------------------------------------------------------------------------------------------------------------------------------------------------------------------------------------------------------------------------------------------------------------------------------------------------------------------------------------------------------------------------------------------------------------------------------------------------------------------------------------------------------------------------------------------------------------------------------------------------------------------------------------------------------------------------------------------------------------------------------------------------------------------------------------------------------------------------------------------------------------------------------------------------------------------------------------------------------------------------------------------------------------------------------------------------------------------------------------------------------------------------------------+
; Fixed Point DSP Register Packing Details                                                                                                                                                                                                                                                                                                                                                                                                                                                                                                                                                                                                                                                                                                                                                                                                                                                                                                                                                                                                                                                                                                                                                                                                                                                                                                                                                                                                                                                                                                                                                                                                                                                                                                                     ;
+---------------------------------------------------------------------------------------------------------------------------------------------------------------------------------------+-------------------+----------------------+-------------------------------------+--------------------------------------------------------------------------------------------------------------------------------------------------------------------------------------------------+--------------------------------------------------------------------------------------------------------------------------------------------------------------------------------------------------+----+------------------------------------------------------------------------------------------------------------------------------------------------------------------------------------------------+------------------------------------------------------------------------------------------------------------------------------------------------------------------------------------------------+----+----+----+----+----+----+----+----+----+-----------+------------+----------------------------------+----------------------------------+--------------+--------------------------------------------------------------------------------------------------------------------------------------------------------------------------------------------------+--------------------------------------------------------------------------------------------------------------------------------------------------------------------------------------------------+--------------+----------------+-------------------+-------------------------+-------------------------+
; Name                                                                                                                                                                                  ; Mode              ; Register Usage       ; Reasons Preventing Register Packing ; AX/CoefSelA                                                                                                                                                                                      ; AY/ScanIn                                                                                                                                                                                        ; AZ ; BX/CoefSelB                                                                                                                                                                                    ; BY/ScanIn                                                                                                                                                                                      ; BZ ; CX ; CY ; DX ; DY ; EX ; EY ; FX ; FY ; LoadConst ; Accumulate ; Negate                           ; Sub                              ; Pipeline 1   ; Pipeline 2                                                                                                                                                                                       ; Output Register                                                                                                                                                                                  ; Uses Scan-In ; Uses Pre-Adder ; Uses Coefficients ; Uses Output Adder Chain ; Uses Output Accumulator ;
+---------------------------------------------------------------------------------------------------------------------------------------------------------------------------------------+-------------------+----------------------+-------------------------------------+--------------------------------------------------------------------------------------------------------------------------------------------------------------------------------------------------+--------------------------------------------------------------------------------------------------------------------------------------------------------------------------------------------------+----+------------------------------------------------------------------------------------------------------------------------------------------------------------------------------------------------+------------------------------------------------------------------------------------------------------------------------------------------------------------------------------------------------+----+----+----+----+----+----+----+----+----+-----------+------------+----------------------------------+----------------------------------+--------------+--------------------------------------------------------------------------------------------------------------------------------------------------------------------------------------------------+--------------------------------------------------------------------------------------------------------------------------------------------------------------------------------------------------+--------------+----------------+-------------------+-------------------------+-------------------------+
; qsys_top_0|intel_niosv_g_0|intel_niosv_g_0|hart|core_inst|gen_muldiv.mul_inst|gen_altera_mult_add.dsp_mult_inst|auto_generated|altera_mult_add_rtl1|multiplier_block|mult_0~mac_1     ; Independent 18x18 ; partially registered ; NoRegisters                         ; qsys_top_0|intel_niosv_g_0|intel_niosv_g_0|hart|core_inst|E_rs2_gpr_val[0..17]                                                                                                                   ; qsys_top_0|intel_niosv_g_0|intel_niosv_g_0|hart|core_inst|E_rs1_gpr_val[0..17]                                                                                                                   ; -- ; --                                                                                                                                                                                             ; --                                                                                                                                                                                             ; -- ; -- ; -- ; -- ; -- ; -- ; -- ; -- ; -- ; --        ; --         ; unregistered - input is constant ; unregistered - input is constant ; unregistered ; qsys_top_0|intel_niosv_g_0|intel_niosv_g_0|hart|core_inst|gen_muldiv.mul_inst|gen_altera_mult_add.dsp_mult_inst|auto_generated|altera_mult_add_rtl1|multiplier_block|mult_0~mult_ll_pl[0][0..35] ; qsys_top_0|intel_niosv_g_0|intel_niosv_g_0|hart|core_inst|gen_muldiv.mul_inst|gen_altera_mult_add.dsp_mult_inst|auto_generated|altera_mult_add_rtl1|multiplier_block|mult_0~mult_ll_pl[1][0..35] ; no           ; no             ; no                ; no                      ; no                      ;
; qsys_top_0|intel_niosv_g_0|intel_niosv_g_0|hart|core_inst|gen_muldiv.mul_inst|gen_altera_mult_add.dsp_mult_inst|auto_generated|altera_mult_add_rtl1|multiplier_block|mult_0~DATAOUTA0 ; Sum of two 18x18  ; partially registered ; NoRegisters                         ; qsys_top_0|intel_niosv_g_0|intel_niosv_g_0|hart|core_inst|gen_muldiv.mul_inst|gen_altera_mult_add.dsp_mult_inst|auto_generated|altera_mult_add_rtl1|multiplier_block|mult_0~mac_2_pl[0][0..33]   ; qsys_top_0|intel_niosv_g_0|intel_niosv_g_0|hart|core_inst|gen_muldiv.mul_inst|gen_altera_mult_add.dsp_mult_inst|auto_generated|altera_mult_add_rtl1|multiplier_block|mult_0~mac_2_pl[0][0..33]   ; -- ; qsys_top_0|intel_niosv_g_0|intel_niosv_g_0|hart|core_inst|gen_muldiv.mul_inst|gen_altera_mult_add.dsp_mult_inst|auto_generated|altera_mult_add_rtl1|multiplier_block|mult_0~mac_2_pl[0][0..33] ; qsys_top_0|intel_niosv_g_0|intel_niosv_g_0|hart|core_inst|gen_muldiv.mul_inst|gen_altera_mult_add.dsp_mult_inst|auto_generated|altera_mult_add_rtl1|multiplier_block|mult_0~mac_2_pl[0][0..33] ; -- ; -- ; -- ; -- ; -- ; -- ; -- ; -- ; -- ; --        ; --         ; unregistered - input is constant ; unregistered - input is constant ; unregistered ; unregistered                                                                                                                                                                                     ; qsys_top_0|intel_niosv_g_0|intel_niosv_g_0|hart|core_inst|gen_muldiv.mul_inst|gen_altera_mult_add.dsp_mult_inst|auto_generated|altera_mult_add_rtl1|multiplier_block|mult_0~mac_2_pl[1][0..33]   ; no           ; no             ; no                ; no                      ; no                      ;
; qsys_top_0|intel_niosv_g_0|intel_niosv_g_0|hart|core_inst|gen_muldiv.mul_inst|gen_altera_mult_add.dsp_mult_inst|auto_generated|altera_mult_add_rtl1|multiplier_block|mult_0~mac       ; Independent 18x18 ; partially registered ; NoRegisters                         ; qsys_top_0|intel_niosv_g_0|intel_niosv_g_0|hart|core_inst|gen_muldiv.mul_inst|gen_altera_mult_add.dsp_mult_inst|auto_generated|altera_mult_add_rtl1|multiplier_block|mult_0~mult_hh_pl[0][0..27] ; qsys_top_0|intel_niosv_g_0|intel_niosv_g_0|hart|core_inst|gen_muldiv.mul_inst|gen_altera_mult_add.dsp_mult_inst|auto_generated|altera_mult_add_rtl1|multiplier_block|mult_0~mult_hh_pl[0][0..27] ; -- ; --                                                                                                                                                                                             ; --                                                                                                                                                                                             ; -- ; -- ; -- ; -- ; -- ; -- ; -- ; -- ; -- ; --        ; --         ; unregistered - input is constant ; unregistered - input is constant ; unregistered ; unregistered                                                                                                                                                                                     ; qsys_top_0|intel_niosv_g_0|intel_niosv_g_0|hart|core_inst|gen_muldiv.mul_inst|gen_altera_mult_add.dsp_mult_inst|auto_generated|altera_mult_add_rtl1|multiplier_block|mult_0~mult_hh_pl[1][0..27] ; no           ; no             ; no                ; no                      ; no                      ;
+---------------------------------------------------------------------------------------------------------------------------------------------------------------------------------------+-------------------+----------------------+-------------------------------------+--------------------------------------------------------------------------------------------------------------------------------------------------------------------------------------------------+--------------------------------------------------------------------------------------------------------------------------------------------------------------------------------------------------+----+------------------------------------------------------------------------------------------------------------------------------------------------------------------------------------------------+------------------------------------------------------------------------------------------------------------------------------------------------------------------------------------------------+----+----+----+----+----+----+----+----+----+-----------+------------+----------------------------------+----------------------------------+--------------+--------------------------------------------------------------------------------------------------------------------------------------------------------------------------------------------------+--------------------------------------------------------------------------------------------------------------------------------------------------------------------------------------------------+--------------+----------------+-------------------+-------------------------+-------------------------+
Note: Some of these fixed point DSP blocks may disappear in the final design as a result of DSP merging during placement (see the Fitter Netlist Optimizations report). DSP packing state may also change during physical synthesis optimizations (see Physical Synthesis Netlist Optimizations reports).


+---------------+
; Plan Messages ;
+---------------+
Info (20030): Parallel compilation is enabled and will use 24 of the 32 processors detected
Info: *******************************************************************
Info: Running Quartus Prime Fitter
    Info: Version 25.3.0 Build 109 09/24/2025 SC Pro Edition
    Info: Copyright (C) 2025  Altera Corporation. All rights reserved.
    Info: Your use of Altera Corporation's design tools, logic functions 
    Info: and other software and tools, and any partner logic 
    Info: functions, and any output files from any of the foregoing 
    Info: (including device programming or simulation files), and any 
    Info: associated documentation or information are expressly subject 
    Info: to the terms and conditions of the Altera Program License 
    Info: Subscription Agreement, the Altera Quartus Prime License Agreement,
    Info: the Altera IP License Agreement, or other applicable license
    Info: agreement, including, without limitation, that your use is for
    Info: the sole purpose of programming logic devices manufactured by
    Info: Altera and sold by Altera or its authorized distributors.  Please
    Info: refer to the Altera Software License Subscription Agreements 
    Info: on the Quartus Prime software download page.
    Info: Processing started: Wed Oct 22 04:08:31 2025
    Info: System process ID: 44325
Info: Command: quartus_fit top.qpf
Info: Using INI file /nfs/site/home/knithink/.altera.quartus/quartus.ini
Info (16677): Loading synthesized database.
Info (16734): Loading "synthesized" snapshot for partition "root_partition".
Info (16734): Loading "synthesized" snapshot for partition "auto_fab_0".
Info (16678): Successfully loaded synthesized database: elapsed time is 00:00:15.
Info (119006): Selected device A5ED065BB32AE6SR0 for design "top"
Info (21076): High junction temperature operating condition is not set. Assuming a default value of '100'.
Info (21076): Low junction temperature operating condition is not set. Assuming a default value of '0'.
Info (171004): Fitter is performing a Standard Fit compilation using maximum Fitter effort to optimize design performance
Info (21076): High junction temperature operating condition is not set. Assuming a default value of '100'.
Info (21076): Low junction temperature operating condition is not set. Assuming a default value of '0'.
Info (18824): Fitter is performing the Signal Tap Post-Fit tapping flow.
Info (12262): Starting Fitter periphery placement operations
Info (12290): Loading the periphery placement data.
Info (12291): Periphery placement data loaded: elapsed time is 00:00:40
Info (12627): Pin ~ALTERA_OSC_CLK_1~ is reserved at location BR102
Info (12627): Pin ~ALTERA_AVSTx8_DATA2~ is reserved at location BK102
Info (12627): Pin ~ALTERA_MSEL0,CONF_DONE~ is reserved at location CF112
Info (12627): Pin ~ALTERA_AVSTx8_DATA3~ is reserved at location CH99
Info (12627): Pin ~ALTERA_AVSTx8_DATA1~ is reserved at location BH99
Info (12627): Pin ~ALTERA_AVSTx8_DATA0~ is reserved at location BK99
Info (12627): Pin ~ALTERA_MSEL1~ is reserved at location BM99
Info (12627): Pin ~ALTERA_AVSTx8_VALID~ is reserved at location CF99
Info (12627): Pin ~ALTERA_AVSTx8_DATA5~ is reserved at location BW102
Info (12627): Pin ~ALTERA_MSEL2~ is reserved at location BM102
Info (12627): Pin ~ALTERA_AVSTx8_DATA4~ is reserved at location CF102
Info (12627): Pin ~ALTERA_AVSTx8_DATA7~ is reserved at location CH109
Info (12627): Pin ~ALTERA_AVSTx8_READY~ is reserved at location CC102
Info (12627): Pin ~HPS_COLD_nRESET~ is reserved at location BR99
Info (12627): Pin ~ALTERA_AVSTx8_DATA6_AS_nRST~ is reserved at location CA102
Info (12627): Pin ~ALTERA_AVSTx8_CLK~ is reserved at location CF109
Info (11685): 1 differential I/O pins do not have complementary pins. As a result, the Fitter automatically creates the complementary pins
    Info (11684): Differential I/O pin "CLK_125M" does not have a complementary pin. As a result, the Fitter automatically creates the complementary pin "CLK_125M(n)" File: /nfs/site/disks/swuser_work_knithink/25.3/git/release/agilex5e-nios-ed/niosv_g/niosv_g_webserver_ping/sources/hw/top.v Line: 46
Warning (25315): Some pins are missing drive strength (current strength) and/or slew rate assignments. Refer to the I/O Assignment Warnings report for details.
Info (16210): Plan updated with currently enabled project assignments.
Info (12295): Periphery placement of all unplaced cells complete: elapsed time is 00:00:00
Info (332164): Evaluating HDL-embedded SDC commands
    Info (332165): Entity alt_jtag_atlantic
        Info (332166): set_false_path -from [get_registers {*|alt_jtag_atlantic:*|jupdate}] -to [get_registers {*|alt_jtag_atlantic:*|jupdate1*}] 
        Info (332166): set_false_path -from [get_registers {*|alt_jtag_atlantic:*|rdata[*]}] -to [get_registers {*|alt_jtag_atlantic*|td_shift[*]}]
        Info (332166): set_false_path -from [get_registers {*|alt_jtag_atlantic:*|read}] -to [get_registers {*|alt_jtag_atlantic:*|read1*}] 
        Info (332166): set_false_path -from [get_registers {*|alt_jtag_atlantic:*|read_req}]
        Info (332166): set_false_path -from [get_registers {*|alt_jtag_atlantic:*|rvalid}] -to [get_registers {*|alt_jtag_atlantic*|td_shift[*]}]
        Info (332166): set_false_path -from [get_registers {*|t_dav}] -to [get_registers {*|alt_jtag_atlantic:*|tck_t_dav}]
        Info (332166): set_false_path -from [get_registers {*|alt_jtag_atlantic:*|user_saw_rvalid}] -to [get_registers {*|alt_jtag_atlantic:*|rvalid0*}]
        Info (332166): set_false_path -from [get_registers {*|alt_jtag_atlantic:*|wdata[*]}] -to [get_registers {*}]
        Info (332166): set_false_path -from [get_registers {*|alt_jtag_atlantic:*|write}] -to [get_registers {*|alt_jtag_atlantic:*|write1*}] 
        Info (332166): set_false_path -from [get_registers {*|alt_jtag_atlantic:*|write_stalled}] -to [get_registers {*|alt_jtag_atlantic:*|t_ena*}]
        Info (332166): set_false_path -from [get_registers {*|alt_jtag_atlantic:*|write_stalled}] -to [get_registers {*|alt_jtag_atlantic:*|t_pause*}]
        Info (332166): set_false_path -from [get_registers {*|alt_jtag_atlantic:*|write_valid}]
Info (19539): Reading the HDL-embedded SDC files elapsed 00:00:00.
Info (332104): Reading SDC File: 'jtag.sdc'
Info (332104): Reading SDC File: 'top.sdc'
Info (332151): Clock uncertainty is not calculated until you update the timing netlist.
Warning (332054): Assignment create_clock is accepted but has some problems at jtag.sdc(77): Overwriting existing clock: altera_reserved_tck File: /nfs/site/disks/swuser_work_knithink/25.3/git/release/agilex5e-nios-ed/niosv_g/niosv_g_webserver_ping/sources/hw/jtag.sdc Line: 77
    Info (332050): create_clock -name {altera_reserved_tck} -period $jtag_33Mhz_t_period [get_ports {altera_reserved_tck}]  File: /nfs/site/disks/swuser_work_knithink/25.3/git/release/agilex5e-nios-ed/niosv_g/niosv_g_webserver_ping/sources/hw/jtag.sdc Line: 77
Warning (332049): Ignored set_false_path at top.sdc(68): Argument -from with value RESET_N could not match any element of the following types: ( clk kpr reg port pin cell partition ) File: /nfs/site/disks/swuser_work_knithink/25.3/git/release/agilex5e-nios-ed/niosv_g/niosv_g_webserver_ping/sources/hw/top.sdc Line: 68
    Info (332050): set_false_path -from RESET_N File: /nfs/site/disks/swuser_work_knithink/25.3/git/release/agilex5e-nios-ed/niosv_g/niosv_g_webserver_ping/sources/hw/top.sdc Line: 68
Warning (332049): Ignored set_false_path at top.sdc(68): Argument -from is not an object ID File: /nfs/site/disks/swuser_work_knithink/25.3/git/release/agilex5e-nios-ed/niosv_g/niosv_g_webserver_ping/sources/hw/top.sdc Line: 68
Warning (332049): Ignored set_false_path at top.sdc(69): Argument -to with value PHY_RESET_N could not match any element of the following types: ( clk kpr reg port pin cell partition ) File: /nfs/site/disks/swuser_work_knithink/25.3/git/release/agilex5e-nios-ed/niosv_g/niosv_g_webserver_ping/sources/hw/top.sdc Line: 69
    Info (332050): set_false_path -from * -to PHY_RESET_N File: /nfs/site/disks/swuser_work_knithink/25.3/git/release/agilex5e-nios-ed/niosv_g/niosv_g_webserver_ping/sources/hw/top.sdc Line: 69
Warning (332049): Ignored set_false_path at top.sdc(69): Argument -to is not an object ID File: /nfs/site/disks/swuser_work_knithink/25.3/git/release/agilex5e-nios-ed/niosv_g/niosv_g_webserver_ping/sources/hw/top.sdc Line: 69
Warning (332174): Ignored filter at top.sdc(70): LED_* could not be matched with a port File: /nfs/site/disks/swuser_work_knithink/25.3/git/release/agilex5e-nios-ed/niosv_g/niosv_g_webserver_ping/sources/hw/top.sdc Line: 70
Warning (332049): Ignored set_false_path at top.sdc(70): Argument -to with value [get_ports {LED_*}] contains zero elements File: /nfs/site/disks/swuser_work_knithink/25.3/git/release/agilex5e-nios-ed/niosv_g/niosv_g_webserver_ping/sources/hw/top.sdc Line: 70
    Info (332050): set_false_path -from * -to [get_ports LED_*] File: /nfs/site/disks/swuser_work_knithink/25.3/git/release/agilex5e-nios-ed/niosv_g/niosv_g_webserver_ping/sources/hw/top.sdc Line: 70
Warning (332049): Ignored set_false_path at top.sdc(73): Argument -from with value RXP could not match any element of the following types: ( clk kpr reg port pin cell partition ) File: /nfs/site/disks/swuser_work_knithink/25.3/git/release/agilex5e-nios-ed/niosv_g/niosv_g_webserver_ping/sources/hw/top.sdc Line: 73
    Info (332050): set_false_path -from RXP File: /nfs/site/disks/swuser_work_knithink/25.3/git/release/agilex5e-nios-ed/niosv_g/niosv_g_webserver_ping/sources/hw/top.sdc Line: 73
Warning (332049): Ignored set_false_path at top.sdc(73): Argument -from is not an object ID File: /nfs/site/disks/swuser_work_knithink/25.3/git/release/agilex5e-nios-ed/niosv_g/niosv_g_webserver_ping/sources/hw/top.sdc Line: 73
Warning (332174): Ignored filter at top.sdc(78): REF_CLK could not be matched with a clock File: /nfs/site/disks/swuser_work_knithink/25.3/git/release/agilex5e-nios-ed/niosv_g/niosv_g_webserver_ping/sources/hw/top.sdc Line: 78
Warning (332049): Ignored set_output_delay at top.sdc(78): Argument -clock with value [get_clocks {REF_CLK}] contains zero elements File: /nfs/site/disks/swuser_work_knithink/25.3/git/release/agilex5e-nios-ed/niosv_g/niosv_g_webserver_ping/sources/hw/top.sdc Line: 78
    Info (332050): set_output_delay  -clock [ get_clocks "REF_CLK" ] 2   [ get_ports {MDC} ] File: /nfs/site/disks/swuser_work_knithink/25.3/git/release/agilex5e-nios-ed/niosv_g/niosv_g_webserver_ping/sources/hw/top.sdc Line: 78
Warning (332049): Ignored set_input_delay at top.sdc(79): Argument -clock with value [get_clocks {REF_CLK}] contains zero elements File: /nfs/site/disks/swuser_work_knithink/25.3/git/release/agilex5e-nios-ed/niosv_g/niosv_g_webserver_ping/sources/hw/top.sdc Line: 79
    Info (332050): set_input_delay   -clock [ get_clocks "REF_CLK" ] 2   [ get_ports {MDIO} ] File: /nfs/site/disks/swuser_work_knithink/25.3/git/release/agilex5e-nios-ed/niosv_g/niosv_g_webserver_ping/sources/hw/top.sdc Line: 79
Warning (332049): Ignored set_output_delay at top.sdc(80): Argument -clock with value [get_clocks {REF_CLK}] contains zero elements File: /nfs/site/disks/swuser_work_knithink/25.3/git/release/agilex5e-nios-ed/niosv_g/niosv_g_webserver_ping/sources/hw/top.sdc Line: 80
    Info (332050): set_output_delay  -clock [ get_clocks "REF_CLK" ] 2   [ get_ports {MDIO} ] File: /nfs/site/disks/swuser_work_knithink/25.3/git/release/agilex5e-nios-ed/niosv_g/niosv_g_webserver_ping/sources/hw/top.sdc Line: 80
Warning (332174): Ignored filter at top.sdc(105): i_rgmii_rx_control could not be matched with a port File: /nfs/site/disks/swuser_work_knithink/25.3/git/release/agilex5e-nios-ed/niosv_g/niosv_g_webserver_ping/sources/hw/top.sdc Line: 105
Warning (332049): Ignored set_input_delay at top.sdc(105): Argument <targets> with value [get_ports {i_rgmii_rx_control}] contains zero elements File: /nfs/site/disks/swuser_work_knithink/25.3/git/release/agilex5e-nios-ed/niosv_g/niosv_g_webserver_ping/sources/hw/top.sdc Line: 105
    Info (332050): set_input_delay -clock [get_clocks mac_clk_125_virtual]  -source_latency_included -max [expr {$rxctl_trace_max - $clk_trace_min + $ext_tco_max}] [get_ports i_rgmii_rx_control] File: /nfs/site/disks/swuser_work_knithink/25.3/git/release/agilex5e-nios-ed/niosv_g/niosv_g_webserver_ping/sources/hw/top.sdc Line: 105
Warning (332049): Ignored set_input_delay at top.sdc(106): Argument <targets> with value [get_ports {i_rgmii_rx_control}] contains zero elements File: /nfs/site/disks/swuser_work_knithink/25.3/git/release/agilex5e-nios-ed/niosv_g/niosv_g_webserver_ping/sources/hw/top.sdc Line: 106
    Info (332050): set_input_delay -clock [get_clocks mac_clk_125_virtual]  -source_latency_included -min [expr {$rxctl_trace_min - $clk_trace_max + $ext_tco_min}] [get_ports i_rgmii_rx_control] File: /nfs/site/disks/swuser_work_knithink/25.3/git/release/agilex5e-nios-ed/niosv_g/niosv_g_webserver_ping/sources/hw/top.sdc Line: 106
Warning (332049): Ignored set_input_delay at top.sdc(108): Argument <targets> with value [get_ports {i_rgmii_rx_control}] contains zero elements File: /nfs/site/disks/swuser_work_knithink/25.3/git/release/agilex5e-nios-ed/niosv_g/niosv_g_webserver_ping/sources/hw/top.sdc Line: 108
    Info (332050): set_input_delay -clock [get_clocks mac_clk_125_virtual]  -source_latency_included -max [expr {$rxctl_trace_max - $clk_trace_min + $ext_tco_max}] [get_ports i_rgmii_rx_control] -clock_fall -add_delay File: /nfs/site/disks/swuser_work_knithink/25.3/git/release/agilex5e-nios-ed/niosv_g/niosv_g_webserver_ping/sources/hw/top.sdc Line: 108
Warning (332049): Ignored set_input_delay at top.sdc(109): Argument <targets> with value [get_ports {i_rgmii_rx_control}] contains zero elements File: /nfs/site/disks/swuser_work_knithink/25.3/git/release/agilex5e-nios-ed/niosv_g/niosv_g_webserver_ping/sources/hw/top.sdc Line: 109
    Info (332050): set_input_delay -clock [get_clocks mac_clk_125_virtual]  -source_latency_included -min [expr {$rxctl_trace_min - $clk_trace_max + $ext_tco_min}] [get_ports i_rgmii_rx_control] -clock_fall -add_delay File: /nfs/site/disks/swuser_work_knithink/25.3/git/release/agilex5e-nios-ed/niosv_g/niosv_g_webserver_ping/sources/hw/top.sdc Line: 109
Warning (332174): Ignored filter at top.sdc(111): i_rgmii_in[0] could not be matched with a port File: /nfs/site/disks/swuser_work_knithink/25.3/git/release/agilex5e-nios-ed/niosv_g/niosv_g_webserver_ping/sources/hw/top.sdc Line: 111
Warning (332049): Ignored set_input_delay at top.sdc(111): Argument <targets> with value [get_ports {i_rgmii_in[0]}] contains zero elements File: /nfs/site/disks/swuser_work_knithink/25.3/git/release/agilex5e-nios-ed/niosv_g/niosv_g_webserver_ping/sources/hw/top.sdc Line: 111
    Info (332050): set_input_delay -clock [get_clocks mac_clk_125_virtual]  -source_latency_included -max [expr {$rxd0_trace_max - $clk_trace_min + $ext_tco_max}] [get_ports i_rgmii_in[0]] File: /nfs/site/disks/swuser_work_knithink/25.3/git/release/agilex5e-nios-ed/niosv_g/niosv_g_webserver_ping/sources/hw/top.sdc Line: 111
Warning (332049): Ignored set_input_delay at top.sdc(112): Argument <targets> with value [get_ports {i_rgmii_in[0]}] contains zero elements File: /nfs/site/disks/swuser_work_knithink/25.3/git/release/agilex5e-nios-ed/niosv_g/niosv_g_webserver_ping/sources/hw/top.sdc Line: 112
    Info (332050): set_input_delay -clock [get_clocks mac_clk_125_virtual]  -source_latency_included -min [expr {$rxd0_trace_min - $clk_trace_max + $ext_tco_min}] [get_ports i_rgmii_in[0]] File: /nfs/site/disks/swuser_work_knithink/25.3/git/release/agilex5e-nios-ed/niosv_g/niosv_g_webserver_ping/sources/hw/top.sdc Line: 112
Warning (332049): Ignored set_input_delay at top.sdc(114): Argument <targets> with value [get_ports {i_rgmii_in[0]}] contains zero elements File: /nfs/site/disks/swuser_work_knithink/25.3/git/release/agilex5e-nios-ed/niosv_g/niosv_g_webserver_ping/sources/hw/top.sdc Line: 114
    Info (332050): set_input_delay -clock [get_clocks mac_clk_125_virtual]  -source_latency_included -max [expr {$rxd0_trace_max - $clk_trace_min + $ext_tco_max}] [get_ports i_rgmii_in[0]] -clock_fall -add_delay File: /nfs/site/disks/swuser_work_knithink/25.3/git/release/agilex5e-nios-ed/niosv_g/niosv_g_webserver_ping/sources/hw/top.sdc Line: 114
Warning (332049): Ignored set_input_delay at top.sdc(115): Argument <targets> with value [get_ports {i_rgmii_in[0]}] contains zero elements File: /nfs/site/disks/swuser_work_knithink/25.3/git/release/agilex5e-nios-ed/niosv_g/niosv_g_webserver_ping/sources/hw/top.sdc Line: 115
    Info (332050): set_input_delay -clock [get_clocks mac_clk_125_virtual]  -source_latency_included -min [expr {$rxd0_trace_min - $clk_trace_max + $ext_tco_min}] [get_ports i_rgmii_in[0]] -clock_fall -add_delay File: /nfs/site/disks/swuser_work_knithink/25.3/git/release/agilex5e-nios-ed/niosv_g/niosv_g_webserver_ping/sources/hw/top.sdc Line: 115
Warning (332174): Ignored filter at top.sdc(117): i_rgmii_in[1] could not be matched with a port File: /nfs/site/disks/swuser_work_knithink/25.3/git/release/agilex5e-nios-ed/niosv_g/niosv_g_webserver_ping/sources/hw/top.sdc Line: 117
Warning (332049): Ignored set_input_delay at top.sdc(117): Argument <targets> with value [get_ports {i_rgmii_in[1]}] contains zero elements File: /nfs/site/disks/swuser_work_knithink/25.3/git/release/agilex5e-nios-ed/niosv_g/niosv_g_webserver_ping/sources/hw/top.sdc Line: 117
    Info (332050): set_input_delay -clock [get_clocks mac_clk_125_virtual]  -source_latency_included -max [expr {$rxd1_trace_max - $clk_trace_min + $ext_tco_max}] [get_ports i_rgmii_in[1]] File: /nfs/site/disks/swuser_work_knithink/25.3/git/release/agilex5e-nios-ed/niosv_g/niosv_g_webserver_ping/sources/hw/top.sdc Line: 117
Warning (332049): Ignored set_input_delay at top.sdc(118): Argument <targets> with value [get_ports {i_rgmii_in[1]}] contains zero elements File: /nfs/site/disks/swuser_work_knithink/25.3/git/release/agilex5e-nios-ed/niosv_g/niosv_g_webserver_ping/sources/hw/top.sdc Line: 118
    Info (332050): set_input_delay -clock [get_clocks mac_clk_125_virtual]  -source_latency_included -min [expr {$rxd1_trace_min - $clk_trace_max + $ext_tco_min}] [get_ports i_rgmii_in[1]] File: /nfs/site/disks/swuser_work_knithink/25.3/git/release/agilex5e-nios-ed/niosv_g/niosv_g_webserver_ping/sources/hw/top.sdc Line: 118
Warning (332049): Ignored set_input_delay at top.sdc(120): Argument <targets> with value [get_ports {i_rgmii_in[1]}] contains zero elements File: /nfs/site/disks/swuser_work_knithink/25.3/git/release/agilex5e-nios-ed/niosv_g/niosv_g_webserver_ping/sources/hw/top.sdc Line: 120
    Info (332050): set_input_delay -clock [get_clocks mac_clk_125_virtual]  -source_latency_included -max [expr {$rxd1_trace_max - $clk_trace_min + $ext_tco_max}] [get_ports i_rgmii_in[1]] -clock_fall -add_delay File: /nfs/site/disks/swuser_work_knithink/25.3/git/release/agilex5e-nios-ed/niosv_g/niosv_g_webserver_ping/sources/hw/top.sdc Line: 120
Warning (332049): Ignored set_input_delay at top.sdc(121): Argument <targets> with value [get_ports {i_rgmii_in[1]}] contains zero elements File: /nfs/site/disks/swuser_work_knithink/25.3/git/release/agilex5e-nios-ed/niosv_g/niosv_g_webserver_ping/sources/hw/top.sdc Line: 121
    Info (332050): set_input_delay -clock [get_clocks mac_clk_125_virtual]  -source_latency_included -min [expr {$rxd1_trace_min - $clk_trace_max + $ext_tco_min}] [get_ports i_rgmii_in[1]] -clock_fall -add_delay File: /nfs/site/disks/swuser_work_knithink/25.3/git/release/agilex5e-nios-ed/niosv_g/niosv_g_webserver_ping/sources/hw/top.sdc Line: 121
Warning (332174): Ignored filter at top.sdc(123): i_rgmii_in[2] could not be matched with a port File: /nfs/site/disks/swuser_work_knithink/25.3/git/release/agilex5e-nios-ed/niosv_g/niosv_g_webserver_ping/sources/hw/top.sdc Line: 123
Warning (332049): Ignored set_input_delay at top.sdc(123): Argument <targets> with value [get_ports {i_rgmii_in[2]}] contains zero elements File: /nfs/site/disks/swuser_work_knithink/25.3/git/release/agilex5e-nios-ed/niosv_g/niosv_g_webserver_ping/sources/hw/top.sdc Line: 123
    Info (332050): set_input_delay -clock [get_clocks mac_clk_125_virtual]  -source_latency_included -max [expr {$rxd2_trace_max - $clk_trace_min + $ext_tco_max}] [get_ports i_rgmii_in[2]] File: /nfs/site/disks/swuser_work_knithink/25.3/git/release/agilex5e-nios-ed/niosv_g/niosv_g_webserver_ping/sources/hw/top.sdc Line: 123
Warning (332049): Ignored set_input_delay at top.sdc(124): Argument <targets> with value [get_ports {i_rgmii_in[2]}] contains zero elements File: /nfs/site/disks/swuser_work_knithink/25.3/git/release/agilex5e-nios-ed/niosv_g/niosv_g_webserver_ping/sources/hw/top.sdc Line: 124
    Info (332050): set_input_delay -clock [get_clocks mac_clk_125_virtual]  -source_latency_included -min [expr {$rxd2_trace_min - $clk_trace_max + $ext_tco_min}] [get_ports i_rgmii_in[2]] File: /nfs/site/disks/swuser_work_knithink/25.3/git/release/agilex5e-nios-ed/niosv_g/niosv_g_webserver_ping/sources/hw/top.sdc Line: 124
Warning (332049): Ignored set_input_delay at top.sdc(126): Argument <targets> with value [get_ports {i_rgmii_in[2]}] contains zero elements File: /nfs/site/disks/swuser_work_knithink/25.3/git/release/agilex5e-nios-ed/niosv_g/niosv_g_webserver_ping/sources/hw/top.sdc Line: 126
    Info (332050): set_input_delay -clock [get_clocks mac_clk_125_virtual]  -source_latency_included -max [expr {$rxd2_trace_max - $clk_trace_min + $ext_tco_max}] [get_ports i_rgmii_in[2]] -clock_fall -add_delay File: /nfs/site/disks/swuser_work_knithink/25.3/git/release/agilex5e-nios-ed/niosv_g/niosv_g_webserver_ping/sources/hw/top.sdc Line: 126
Warning (332049): Ignored set_input_delay at top.sdc(127): Argument <targets> with value [get_ports {i_rgmii_in[2]}] contains zero elements File: /nfs/site/disks/swuser_work_knithink/25.3/git/release/agilex5e-nios-ed/niosv_g/niosv_g_webserver_ping/sources/hw/top.sdc Line: 127
    Info (332050): set_input_delay -clock [get_clocks mac_clk_125_virtual]  -source_latency_included -min [expr {$rxd2_trace_min - $clk_trace_max + $ext_tco_min}] [get_ports i_rgmii_in[2]] -clock_fall -add_delay File: /nfs/site/disks/swuser_work_knithink/25.3/git/release/agilex5e-nios-ed/niosv_g/niosv_g_webserver_ping/sources/hw/top.sdc Line: 127
Warning (332174): Ignored filter at top.sdc(129): i_rgmii_in[3] could not be matched with a port File: /nfs/site/disks/swuser_work_knithink/25.3/git/release/agilex5e-nios-ed/niosv_g/niosv_g_webserver_ping/sources/hw/top.sdc Line: 129
Warning (332049): Ignored set_input_delay at top.sdc(129): Argument <targets> with value [get_ports {i_rgmii_in[3]}] contains zero elements File: /nfs/site/disks/swuser_work_knithink/25.3/git/release/agilex5e-nios-ed/niosv_g/niosv_g_webserver_ping/sources/hw/top.sdc Line: 129
    Info (332050): set_input_delay -clock [get_clocks mac_clk_125_virtual]  -source_latency_included -max [expr {$rxd3_trace_max - $clk_trace_min + $ext_tco_max}] [get_ports i_rgmii_in[3]] File: /nfs/site/disks/swuser_work_knithink/25.3/git/release/agilex5e-nios-ed/niosv_g/niosv_g_webserver_ping/sources/hw/top.sdc Line: 129
Warning (332049): Ignored set_input_delay at top.sdc(130): Argument <targets> with value [get_ports {i_rgmii_in[3]}] contains zero elements File: /nfs/site/disks/swuser_work_knithink/25.3/git/release/agilex5e-nios-ed/niosv_g/niosv_g_webserver_ping/sources/hw/top.sdc Line: 130
    Info (332050): set_input_delay -clock [get_clocks mac_clk_125_virtual]  -source_latency_included -min [expr {$rxd3_trace_min - $clk_trace_max + $ext_tco_min}] [get_ports i_rgmii_in[3]] File: /nfs/site/disks/swuser_work_knithink/25.3/git/release/agilex5e-nios-ed/niosv_g/niosv_g_webserver_ping/sources/hw/top.sdc Line: 130
Warning (332049): Ignored set_input_delay at top.sdc(132): Argument <targets> with value [get_ports {i_rgmii_in[3]}] contains zero elements File: /nfs/site/disks/swuser_work_knithink/25.3/git/release/agilex5e-nios-ed/niosv_g/niosv_g_webserver_ping/sources/hw/top.sdc Line: 132
    Info (332050): set_input_delay -clock [get_clocks mac_clk_125_virtual]  -source_latency_included -max [expr {$rxd3_trace_max - $clk_trace_min + $ext_tco_max}] [get_ports i_rgmii_in[3]] -clock_fall -add_delay File: /nfs/site/disks/swuser_work_knithink/25.3/git/release/agilex5e-nios-ed/niosv_g/niosv_g_webserver_ping/sources/hw/top.sdc Line: 132
Warning (332049): Ignored set_input_delay at top.sdc(133): Argument <targets> with value [get_ports {i_rgmii_in[3]}] contains zero elements File: /nfs/site/disks/swuser_work_knithink/25.3/git/release/agilex5e-nios-ed/niosv_g/niosv_g_webserver_ping/sources/hw/top.sdc Line: 133
    Info (332050): set_input_delay -clock [get_clocks mac_clk_125_virtual]  -source_latency_included -min [expr {$rxd3_trace_min - $clk_trace_max + $ext_tco_min}] [get_ports i_rgmii_in[3]] -clock_fall -add_delay  File: /nfs/site/disks/swuser_work_knithink/25.3/git/release/agilex5e-nios-ed/niosv_g/niosv_g_webserver_ping/sources/hw/top.sdc Line: 133
Warning (332174): Ignored filter at top.sdc(136): rgmii_rx_clk could not be matched with a clock File: /nfs/site/disks/swuser_work_knithink/25.3/git/release/agilex5e-nios-ed/niosv_g/niosv_g_webserver_ping/sources/hw/top.sdc Line: 136
Warning (332049): Ignored set_multicycle_path at top.sdc(136): Argument -rise_to with value [get_clocks {rgmii_rx_clk}] contains zero elements File: /nfs/site/disks/swuser_work_knithink/25.3/git/release/agilex5e-nios-ed/niosv_g/niosv_g_webserver_ping/sources/hw/top.sdc Line: 136
    Info (332050): set_multicycle_path 0 -setup -end -rise_from [get_clocks mac_clk_125_virtual] -rise_to [get_clocks rgmii_rx_clk] File: /nfs/site/disks/swuser_work_knithink/25.3/git/release/agilex5e-nios-ed/niosv_g/niosv_g_webserver_ping/sources/hw/top.sdc Line: 136
Warning (332049): Ignored set_multicycle_path at top.sdc(137): Argument -fall_to with value [get_clocks {rgmii_rx_clk}] contains zero elements File: /nfs/site/disks/swuser_work_knithink/25.3/git/release/agilex5e-nios-ed/niosv_g/niosv_g_webserver_ping/sources/hw/top.sdc Line: 137
    Info (332050): set_multicycle_path 0 -setup -end -fall_from [get_clocks mac_clk_125_virtual] -fall_to [get_clocks rgmii_rx_clk] File: /nfs/site/disks/swuser_work_knithink/25.3/git/release/agilex5e-nios-ed/niosv_g/niosv_g_webserver_ping/sources/hw/top.sdc Line: 137
Info (332104): Reading SDC File: 'sys_pll/altera_iopll_2100/synth/sys_pll_altera_iopll_2100_t2lzfza.sdc'
Info (332151): Clock uncertainty is not calculated until you update the timing netlist.
Info (18794): Reading SDC File: 'qsys_top/altera_reset_controller_1924/synth/altera_reset_controller.sdc' for instance: 'qsys_top_0|rst_controller'
Info (18794): Reading SDC File: 'qsys_top/altera_reset_controller_1924/synth/altera_reset_controller.sdc' for instance: 'qsys_top_0|rst_controller_001'
Info (332104): Reading SDC File: 'reset_release/altera_s10_user_rst_clkgate_1949/synth/altera_s10_user_rst_clkgate_fm.sdc'
Info (332104): Reading SDC File: 'ip/qsys_top/qsys_top_intel_eth_tse_0/intel_eth_tse_mac_1950/synth/intel_eth_tse_mac.sdc'
Info (18794): Reading SDC File: 'issp/altera_in_system_sources_probes_1921/synth/altera_in_system_sources_probes.sdc' for instance: 'issp_rst|in_system_sources_probes_0'
Info (18794): Reading SDC File: 'ip/qsys_top/qsys_top_intel_niosv_g_0/altera_reset_controller_1924/synth/altera_reset_controller.sdc' for instance: 'qsys_top_0|rst_controller'
Info (18794): Reading SDC File: 'ip/qsys_top/qsys_top_intel_niosv_g_0/altera_reset_controller_1924/synth/altera_reset_controller.sdc' for instance: 'qsys_top_0|rst_controller_001'
Info (332104): Reading SDC File: 'ip/qsys_top/qsys_top_intel_niosv_g_0/intel_niosv_dbg_mod_210/synth/altera_avalon_st_handshake_clock_crosser.sdc'
Info (332104): Reading SDC File: 'ip/qsys_top/qsys_top_intel_niosv_g_0/intel_niosv_dbg_mod_210/synth/altera_reset_controller.sdc'
Info (332104): Reading SDC File: '/nfs/site/disks/swuser_work_knithink/25.3/git/release/agilex5e-nios-ed/niosv_g/niosv_g_webserver_ping/sources/hw/qdb/_compiler/top/_flat/25.3.0/source/1/.temp/cpt_proxy/default_jtag.sdc'
Info (19449): Reading SDC files elapsed 00:00:02.
Warning (332158): Clock uncertainty characteristics of the A5ED065BB32AE6SR0 device are preliminary
Info (332123): Deriving Clock Uncertainty. Please refer to report_sdc in the Timing Analyzer to see clock uncertainties.
Info (332129): Detected timing requirements -- optimizing circuit to achieve only the specified requirements
Info (332111): Found 9 clocks
    Info (332111):   Period   Clock Name
    Info (332111): ======== ============
    Info (332111):   30.000 altera_reserved_tck
    Info (332111):    8.000     CLK_125M
    Info (332111):   10.000 internal_clk
    Info (332111):    8.000 mac_clk_125_virtual
    Info (332111):    8.000  rgmii_rxclk
    Info (332111):    8.000 sys_pll_inst|iopll_0_m_cnt_clk
    Info (332111):    8.000 sys_pll_inst|iopll_0_n_cnt_clk
    Info (332111):    8.000 sys_pll_inst|iopll_0_outclk0
    Info (332111):    8.000 sys_pll_inst|iopll_0|tennm_ph2_iopll|ref_clk0
Info (176233): Starting register packing
Info (176235): Finished register packing
    Extra Info (176218): Packed 2 registers into blocks of type Block RAM
    Extra Info (176218): Packed 232 registers into blocks of type DSP block
    Extra Info (176220): Created 36 register duplicates
Info (20273): Intermediate fitter snapshots will not be committed because ENABLE_INTERMEDIATE_SNAPSHOTS QSF assignment is disabled during compilation.


