Fitter Route Stage Report for top
Tue Oct 28 04:29:22 2025
Quartus Prime Version 25.3.0 Build 109 09/24/2025 SC Pro Edition


---------------------
; Table of Contents ;
---------------------
  1. Legal Notice
  2. Nets with Highest Wire Count
  3. Delay Chain Summary
  4. Routing Usage Summary
  5. Route Messages
  6. Estimated Delay Added for Hold Timing Summary
  7. Estimated Delay Added for Hold Timing Details
  8. Global Router Wire Utilization Map
  9. Peak Wire Demand Summary
 10. Peak Wire Demand Details
 11. Peak Total Grid Crossings
 12. Global Router Congestion Hotspot Summary



----------------
; Legal Notice ;
----------------
Copyright (C) 2025  Altera Corporation. All rights reserved.
Your use of Altera Corporation's design tools, logic functions 
and other software and tools, and any partner logic 
functions, and any output files from any of the foregoing 
(including device programming or simulation files), and any 
associated documentation or information are expressly subject 
to the terms and conditions of the Altera Program License 
Subscription Agreement, the Altera Quartus Prime License Agreement,
the Altera IP License Agreement, or other applicable license
agreement, including, without limitation, that your use is for
the sole purpose of programming logic devices manufactured by
Altera and sold by Altera or its authorized distributors.  Please
refer to the Altera Software License Subscription Agreements 
on the Quartus Prime software download page.



+------------------------------------------------------------------------------------------------------------------------------------------------------------------+
; Nets with Highest Wire Count                                                                                                                                     ;
+----------------------------------------------------------------------------------------------------------------------------------+----------------------+--------+
; Net                                                                                                                              ; Number of Wires Used ; Fanout ;
+----------------------------------------------------------------------------------------------------------------------------------+----------------------+--------+
; qsys_top_0|mm_interconnect_0|sys_cpu_ram_s1_agent|m0_read~0                                                                      ; 2166                 ; 7843   ;
; qsys_top_0|sys_cpu_ram|sys_cpu_ram|altera_syncram_component|auto_generated|altera_syncram_impl1|address_reg_a[1]                 ; 2133                 ; 942    ;
; qsys_top_0|sys_cpu_ram|sys_cpu_ram|altera_syncram_component|auto_generated|altera_syncram_impl1|address_reg_a[3]                 ; 2118                 ; 990    ;
; qsys_top_0|sys_cpu_ram|sys_cpu_ram|altera_syncram_component|auto_generated|altera_syncram_impl1|address_reg_a[2]                 ; 1861                 ; 911    ;
; qsys_top_0|sys_cpu_ram|sys_cpu_ram|altera_syncram_component|auto_generated|altera_syncram_impl1|address_reg_a[5]                 ; 1550                 ; 844    ;
; qsys_top_0|sys_cpu_ram|sys_cpu_ram|altera_syncram_component|auto_generated|altera_syncram_impl1|address_reg_a[0]~_Duplicate_1    ; 733                  ; 347    ;
; qsys_top_0|mm_interconnect_0|sys_cpu_ram_s1_burst_adapter|altera_merlin_burst_adapter_13_1.burst_adapter|int_nxt_addr_reg_dly[8] ; 730                  ; 2609   ;
; qsys_top_0|mm_interconnect_0|sys_cpu_ram_s1_burst_adapter|altera_merlin_burst_adapter_13_1.burst_adapter|int_nxt_addr_reg_dly[7] ; 727                  ; 2609   ;
; qsys_top_0|mm_interconnect_0|sys_cpu_ram_s1_burst_adapter|altera_merlin_burst_adapter_13_1.burst_adapter|int_nxt_addr_reg_dly[2] ; 725                  ; 2609   ;
; qsys_top_0|sys_cpu_ram|sys_cpu_ram|altera_syncram_component|auto_generated|altera_syncram_impl1|address_reg_a[4]~_Duplicate_4    ; 714                  ; 393    ;
+----------------------------------------------------------------------------------------------------------------------------------+----------------------+--------+


+---------------------------------------------------------------------------------------------------------------------------------------------------------------+
; Delay Chain Summary                                                                                                                                           ;
+--------------+----------+---------------------+--------------------+----------------+-----------------------------------+-------------------------------------+
; Name         ; Pin Type ; Input Delay Chain 0 ; Output Delay Chain ; OE Delay Chain ; IO_12_LANE Input Data Delay Chain ; IO_12_LANE Input Strobe Delay Chain ;
+--------------+----------+---------------------+--------------------+----------------+-----------------------------------+-------------------------------------+
; phy_resetn   ; Output   ; --                  ; 0                  ; --             ; --                                ; --                                  ;
; rgmii_out[0] ; Output   ; --                  ; 0                  ; --             ; --                                ; --                                  ;
; rgmii_out[1] ; Output   ; --                  ; 0                  ; --             ; --                                ; --                                  ;
; rgmii_out[2] ; Output   ; --                  ; 0                  ; --             ; --                                ; --                                  ;
; rgmii_out[3] ; Output   ; --                  ; 0                  ; --             ; --                                ; --                                  ;
; rgmii_txclk  ; Output   ; --                  ; 0                  ; --             ; --                                ; --                                  ;
; rgmii_txctl  ; Output   ; --                  ; 0                  ; --             ; --                                ; --                                  ;
; MDC          ; Output   ; --                  ; 0                  ; --             ; --                                ; --                                  ;
; user_led[0]  ; Output   ; --                  ; 0                  ; --             ; --                                ; --                                  ;
; user_led[1]  ; Output   ; --                  ; 0                  ; --             ; --                                ; --                                  ;
; user_led[2]  ; Output   ; --                  ; 0                  ; --             ; --                                ; --                                  ;
; user_led[3]  ; Output   ; --                  ; 0                  ; --             ; --                                ; --                                  ;
; MDIO         ; Bidir    ; 0                   ; 0                  ; 0              ; --                                ; --                                  ;
; rgmii_rxclk  ; Input    ; 0                   ; --                 ; --             ; --                                ; --                                  ;
; CLK_125M     ; Input    ; 0                   ; --                 ; --             ; --                                ; --                                  ;
; rgmii_rxctl  ; Input    ; 0                   ; --                 ; --             ; --                                ; --                                  ;
; rgmii_in[0]  ; Input    ; 45                  ; --                 ; --             ; --                                ; --                                  ;
; rgmii_in[3]  ; Input    ; 45                  ; --                 ; --             ; --                                ; --                                  ;
; rgmii_in[2]  ; Input    ; 45                  ; --                 ; --             ; --                                ; --                                  ;
; rgmii_in[1]  ; Input    ; 45                  ; --                 ; --             ; --                                ; --                                  ;
; CLK_125M(n)  ; Input    ; 0                   ; --                 ; --             ; --                                ; --                                  ;
+--------------+----------+---------------------+--------------------+----------------+-----------------------------------+-------------------------------------+


+--------------------------------------------------------------------+
; Routing Usage Summary                                              ;
+--------------------------------------+-----------------------------+
; Routing Resource Type                ; Usage                       ;
+--------------------------------------+-----------------------------+
; Block Input Mux Wrapbacks            ; 42 / 197,400 ( < 1 % )      ;
; Block Input Muxes                    ; 113,750 / 2,278,560 ( 5 % ) ;
; Block interconnects                  ; 92,935 / 2,391,360 ( 4 % )  ;
; C1 interconnects                     ; 51,175 / 1,071,360 ( 5 % )  ;
; C4 interconnects                     ; 26,494 / 1,049,040 ( 3 % )  ;
; C8 interconnects                     ; 5,090 / 104,904 ( 5 % )     ;
; DCM_muxes                            ; 2 / 456 ( < 1 % )           ;
; DELAY_CHAINs                         ; 0 / 4,306 ( 0 % )           ;
; Direct links                         ; 8,881 / 2,391,360 ( < 1 % ) ;
; HIO Buffers                          ; 11 / 31,584 ( < 1 % )       ;
; IO12PHYTOP_LOGIC_INPUTs              ; 1 / 416 ( < 1 % )           ;
; IO12PHYTOP_LOGIC_OUTPUTs             ; 1 / 960 ( < 1 % )           ;
; IO75XDDRFMXCKTREE_CLKDRV_BIG_VCO_REs ; 0 / 16 ( 0 % )              ;
; IO75XDDRFMXCKTREE_CLKDRV_GM0_REs     ; 0 / 16 ( 0 % )              ;
; IO75XDDRFMXCKTREE_CLKDRV_VCO_INPUTs  ; 0 / 8 ( 0 % )               ;
; IO75XDDRFMXCKTREE_CLKDRV_VCO_OUTPUTs ; 0 / 8 ( 0 % )               ;
; IO75XDDRFMXCKTREE_FB_MUX31_REs       ; 0 / 48 ( 0 % )              ;
; IOFBRADAPT_C2P_BUF_INPUTs            ; 0 / 132 ( 0 % )             ;
; IOFBRADAPT_C2P_BUF_OUTPUTs           ; 0 / 132 ( 0 % )             ;
; IOFBRADAPT_FRZ_BUFS_REs              ; 0 / 616 ( 0 % )             ;
; IOFBRADAPT_P2C_BUF_INPUTs            ; 0 / 284 ( 0 % )             ;
; IOFBRADAPT_P2C_BUF_OUTPUTs           ; 0 / 284 ( 0 % )             ;
; Programmable Invert Buffers          ; 0 / 320 ( 0 % )             ;
; Programmable Invert Inputs           ; 2,815 / 214,170 ( 1 % )     ;
; Programmable Inverts                 ; 2,815 / 214,170 ( 1 % )     ;
; R0 interconnects                     ; 68,431 / 1,835,820 ( 4 % )  ;
; R1 interconnects                     ; 32,640 / 1,049,040 ( 3 % )  ;
; R12 interconnects                    ; 5,053 / 157,356 ( 3 % )     ;
; R2 interconnects                     ; 12,206 / 527,340 ( 2 % )    ;
; R4 interconnects                     ; 9,991 / 532,980 ( 2 % )     ;
; R6 interconnects                     ; 17,546 / 535,800 ( 3 % )    ;
; Redundancy Muxes                     ; 32 / 62,248 ( < 1 % )       ;
; Row Clock Tap-Offs                   ; 2,239 / 157,356 ( 1 % )     ;
; Switchbox_clock_muxes                ; 32 / 5,120 ( < 1 % )        ;
; VIO Buffers                          ; 5 / 12,800 ( < 1 % )        ;
; Vertical_seam_tap_muxes              ; 27 / 2,304 ( 1 % )          ;
+--------------------------------------+-----------------------------+


+----------------+
; Route Messages ;
+----------------+
Info (20030): Parallel compilation is enabled and will use 24 of the 32 processors detected
Info: *******************************************************************
Info: Running Quartus Prime Fitter
    Info: Version 25.3.0 Build 109 09/24/2025 SC Pro Edition
    Info: Copyright (C) 2025  Altera Corporation. All rights reserved.
    Info: Your use of Altera Corporation's design tools, logic functions 
    Info: and other software and tools, and any partner logic 
    Info: functions, and any output files from any of the foregoing 
    Info: (including device programming or simulation files), and any 
    Info: associated documentation or information are expressly subject 
    Info: to the terms and conditions of the Altera Program License 
    Info: Subscription Agreement, the Altera Quartus Prime License Agreement,
    Info: the Altera IP License Agreement, or other applicable license
    Info: agreement, including, without limitation, that your use is for
    Info: the sole purpose of programming logic devices manufactured by
    Info: Altera and sold by Altera or its authorized distributors.  Please
    Info: refer to the Altera Software License Subscription Agreements 
    Info: on the Quartus Prime software download page.
    Info: Processing started: Tue Oct 28 04:20:33 2025
    Info: System process ID: 53749
Info: Command: quartus_fit top.qpf
Info: Using INI file /nfs/site/home/knithink/.altera.quartus/quartus.ini
Info: qfit2_default_script.tcl version: #1
Info: Project  = top
Info: Revision = top
Info (22300): Design uses Placement Effort Multiplier = 1.0.
Info (170193): Fitter routing operations beginning
Info (20215): Router estimated peak short interconnect demand : 36% of down directional wire in region X120_Y88 to X131_Y95
    Info (20265): Estimated peak short right directional wire demand : 9% in region X168_Y88 to X179_Y95
    Info (20265): Estimated peak short left directional wire demand : 15% in region X120_Y80 to X131_Y87
    Info (20265): Estimated peak short up directional wire demand : 23% in region X132_Y80 to X143_Y87
    Info (20265): Estimated peak short down directional wire demand : 36% in region X120_Y88 to X131_Y95
Info (20215): Router estimated peak long high speed interconnect demand : 100% of right directional wire in region X108_Y88 to X119_Y95
    Info (20265): Estimated peak long high speed right directional wire demand : 100% in region X108_Y88 to X119_Y95
    Info (20265): Estimated peak long high speed left directional wire demand : 98% in region X120_Y88 to X131_Y95
    Info (20265): Estimated peak long high speed up directional wire demand : 100% in region X96_Y136 to X107_Y143
    Info (20265): Estimated peak long high speed down directional wire demand : 94% in region X156_Y128 to X167_Y135
    Info (20315): Note that the router may use short wires to implement long connections at higher delay
Info (170239): Router is attempting to preserve 0.01 percent of routes from an earlier compilation, a user specified Routing Constraints File, or internal routing requirements.
Info (21076): High junction temperature operating condition is not set. Assuming a default value of '100'.
Info (21076): Low junction temperature operating condition is not set. Assuming a default value of '0'.
Info (11888): Total time spent on timing analysis during Routing is 11.24 seconds.
Warning (18291): Timing characteristics of device A5ED065BB32AE6SR0 are preliminary
Info (16607): Fitter routing operations ending: elapsed time is 00:02:50


+---------------------------------------------------------------------------------+
; Estimated Delay Added for Hold Timing Summary                                   ;
+------------------------------+------------------------------+-------------------+
; Source Clock(s)              ; Destination Clock(s)         ; Delay Added in ns ;
+------------------------------+------------------------------+-------------------+
; sys_pll_inst|iopll_0_outclk0 ; sys_pll_inst|iopll_0_outclk0 ; 56.0              ;
; altera_reserved_tck          ; sys_pll_inst|iopll_0_outclk0 ; 6.6               ;
; sys_pll_inst|iopll_0_outclk0 ; altera_reserved_tck          ; 5.3               ;
; rgmii_rxclk                  ; rgmii_rxclk                  ; 1.4               ;
+------------------------------+------------------------------+-------------------+
Note: For more information on problematic transfers, consider running the Fitter again with the Optimize hold timing option (Settings Menu) turned off.
This will disable optimization of problematic paths and expose them for further analysis using the Timing Analyzer.


+-----------------------------------------------------------------------------------------------------------------------------------------------------------------------------------------------------------------------------------------------------------------------------------------------------------------------------+
; Estimated Delay Added for Hold Timing Details                                                                                                                                                                                                                                                                               ;
+-------------------------------------------------------------------------------------------------------------------------------------------------+-------------------------------------------------------------------------------------------------------------------------------------------------------+-------------------+
; Source Register                                                                                                                                 ; Destination Register                                                                                                                                  ; Delay Added in ns ;
+-------------------------------------------------------------------------------------------------------------------------------------------------+-------------------------------------------------------------------------------------------------------------------------------------------------------+-------------------+
; qsys_top_0|sys_tse|intel_eth_tse_0|i_tse_mac|U_MAC_TOP|U_MAC|U_TXFF|TX_DATA|U_SYNC_1|sync[9].u|std_sync_no_cut|dreg[1]                          ; qsys_top_0|sys_tse|intel_eth_tse_0|i_tse_mac|U_MAC_TOP|U_MAC|U_TXFF|TX_DATA|rd_b_wptr[9]                                                              ; 0.387             ;
; qsys_top_0|sys_tse|intel_eth_tse_0|i_tse_mac|U_MAC_TOP|U_MAC|U_TXFF|TX_DATA|U_SYNC_1|sync[10].u|std_sync_no_cut|dreg[1]                         ; qsys_top_0|sys_tse|intel_eth_tse_0|i_tse_mac|U_MAC_TOP|U_MAC|U_TXFF|TX_DATA|rd_b_wptr[10]                                                             ; 0.346             ;
; qsys_top_0|sys_tse|intel_eth_tse_0|i_tse_mac|U_MAC_TOP|U_MAC|U_TXFF|TX_DATA|U_SYNC_1|sync[8].u|std_sync_no_cut|dreg[1]                          ; qsys_top_0|sys_tse|intel_eth_tse_0|i_tse_mac|U_MAC_TOP|U_MAC|U_TXFF|TX_DATA|rd_b_wptr[8]                                                              ; 0.314             ;
; qsys_top_0|sys_tse|intel_eth_tse_0|i_tse_mac|U_MAC_TOP|U_MAC|U_TXFF|TX_DATA|U_SYNC_1|sync[7].u|std_sync_no_cut|dreg[1]                          ; qsys_top_0|sys_tse|intel_eth_tse_0|i_tse_mac|U_MAC_TOP|U_MAC|U_TXFF|TX_DATA|rd_b_wptr[7]                                                              ; 0.292             ;
; qsys_top_0|intel_niosv_g_0|intel_niosv_g_0|hart|core_inst|csr_inst|dscratch1[21]                                                                ; qsys_top_0|intel_niosv_g_0|intel_niosv_g_0|hart|core_inst|csr_inst|dscratch1[21]                                                                      ; 0.281             ;
; qsys_top_0|intel_niosv_g_0|intel_niosv_g_0|hart|core_inst|csr_inst|mtval2[0]                                                                    ; qsys_top_0|intel_niosv_g_0|intel_niosv_g_0|hart|core_inst|csr_inst|mtval2[0]                                                                          ; 0.276             ;
; qsys_top_0|intel_niosv_g_0|intel_niosv_g_0|hart|core_inst|gen_branch_prediction.new_pc_inst|fetch_hold_addr[12]                                 ; qsys_top_0|intel_niosv_g_0|intel_niosv_g_0|hart|core_inst|gen_cached_instr_fetch.icache_inst|address_buf[10]                                          ; 0.262             ;
; qsys_top_0|intel_niosv_g_0|intel_niosv_g_0|hart|core_inst|csr_inst|dscratch0[13]                                                                ; qsys_top_0|intel_niosv_g_0|intel_niosv_g_0|hart|core_inst|csr_inst|dscratch0[13]                                                                      ; 0.254             ;
; qsys_top_0|intel_niosv_g_0|intel_niosv_g_0|hart|core_inst|gen_branch_prediction.new_pc_inst|fetch_hold_addr[15]                                 ; qsys_top_0|intel_niosv_g_0|intel_niosv_g_0|hart|core_inst|gen_cached_instr_fetch.icache_inst|address_buf[13]                                          ; 0.231             ;
; qsys_top_0|intel_niosv_g_0|intel_niosv_g_0|hart|core_inst|csr_inst|dscratch1[14]                                                                ; qsys_top_0|intel_niosv_g_0|intel_niosv_g_0|hart|core_inst|csr_inst|dscratch1[14]                                                                      ; 0.231             ;
; qsys_top_0|intel_niosv_g_0|intel_niosv_g_0|hart|core_inst|E_instr_pc[12]                                                                        ; qsys_top_0|intel_niosv_g_0|intel_niosv_g_0|hart|core_inst|M0_instr_pc[12]                                                                             ; 0.231             ;
; qsys_top_0|intel_niosv_g_0|intel_niosv_g_0|hart|core_inst|csr_inst|dscratch1[22]                                                                ; qsys_top_0|intel_niosv_g_0|intel_niosv_g_0|hart|core_inst|csr_inst|dscratch1[22]                                                                      ; 0.222             ;
; qsys_top_0|intel_niosv_g_0|intel_niosv_g_0|hart|core_inst|csr_inst|mscratch[6]                                                                  ; qsys_top_0|intel_niosv_g_0|intel_niosv_g_0|hart|core_inst|csr_inst|mscratch[6]                                                                        ; 0.222             ;
; qsys_top_0|intel_niosv_g_0|intel_niosv_g_0|hart|core_inst|gen_branch_prediction.new_pc_inst|fetch_hold~RTM                                      ; qsys_top_0|intel_niosv_g_0|intel_niosv_g_0|hart|core_inst|gen_branch_prediction.new_pc_inst|fetch_hold~RTM                                            ; 0.220             ;
; qsys_top_0|intel_niosv_g_0|intel_niosv_g_0|hart|core_inst|csr_inst|dscratch1[10]                                                                ; qsys_top_0|intel_niosv_g_0|intel_niosv_g_0|hart|core_inst|csr_inst|dscratch1[10]                                                                      ; 0.218             ;
; qsys_top_0|intel_niosv_g_0|intel_niosv_g_0|hart|core_inst|csr_inst|dscratch0[3]                                                                 ; qsys_top_0|intel_niosv_g_0|intel_niosv_g_0|hart|core_inst|csr_inst|dscratch0[3]                                                                       ; 0.216             ;
; qsys_top_0|intel_niosv_g_0|intel_niosv_g_0|hart|core_inst|csr_inst|mscratch[27]                                                                 ; qsys_top_0|intel_niosv_g_0|intel_niosv_g_0|hart|core_inst|csr_inst|mscratch[27]                                                                       ; 0.216             ;
; qsys_top_0|intel_niosv_g_0|intel_niosv_g_0|hart|core_inst|gen_branch_prediction.new_pc_inst|axi_await_rsp~RTM                                   ; qsys_top_0|intel_niosv_g_0|intel_niosv_g_0|hart|core_inst|gen_branch_prediction.new_pc_inst|axi_await_rsp~RTM                                         ; 0.206             ;
; qsys_top_0|intel_niosv_g_0|intel_niosv_g_0|hart|core_inst|csr_inst|dscratch1[9]                                                                 ; qsys_top_0|intel_niosv_g_0|intel_niosv_g_0|hart|core_inst|csr_inst|dscratch1[9]                                                                       ; 0.204             ;
; qsys_top_0|intel_niosv_g_0|intel_niosv_g_0|hart|core_inst|gen_branch_prediction.new_pc_inst|fetch_hold_addr[21]                                 ; qsys_top_0|intel_niosv_g_0|intel_niosv_g_0|hart|core_inst|gen_cached_instr_fetch.icache_inst|address_buf[19]                                          ; 0.202             ;
; qsys_top_0|intel_niosv_g_0|intel_niosv_g_0|hart|core_inst|E_instr_pc[5]                                                                         ; qsys_top_0|intel_niosv_g_0|intel_niosv_g_0|hart|core_inst|M0_instr_pc[5]                                                                              ; 0.199             ;
; qsys_top_0|intel_niosv_g_0|intel_niosv_g_0|hart|core_inst|M1_load_en                                                                            ; qsys_top_0|intel_niosv_g_0|intel_niosv_g_0|hart|core_inst|W_fpr_exe_result[28]                                                                        ; 0.192             ;
; qsys_top_0|sys_tse|intel_eth_tse_0|i_tse_mac|U_MAC_TOP|U_MAC|U_TXFF|TX_STATUS|U_SYNC_2|sync[5].u|std_sync_no_cut|dreg[1]                        ; qsys_top_0|sys_tse|intel_eth_tse_0|i_tse_mac|U_MAC_TOP|U_MAC|U_TXFF|TX_STATUS|wr_b_rptr[5]                                                            ; 0.192             ;
; qsys_top_0|intel_niosv_g_0|intel_niosv_g_0|hart|core_inst|gen_branch_prediction.new_pc_inst|fetch_hold_addr[27]                                 ; qsys_top_0|intel_niosv_g_0|intel_niosv_g_0|hart|core_inst|gen_cached_instr_fetch.icache_inst|address_buf[25]                                          ; 0.192             ;
; qsys_top_0|intel_niosv_g_0|intel_niosv_g_0|hart|core_inst|csr_inst|mtval2[1]                                                                    ; qsys_top_0|intel_niosv_g_0|intel_niosv_g_0|hart|core_inst|csr_inst|mtval2[1]                                                                          ; 0.189             ;
; qsys_top_0|intel_niosv_g_0|intel_niosv_g_0|hart|core_inst|csr_inst|mcontrol.execute                                                             ; qsys_top_0|intel_niosv_g_0|intel_niosv_g_0|hart|core_inst|csr_inst|mcontrol.execute                                                                   ; 0.182             ;
; qsys_top_0|sys_tse|intel_eth_tse_0|i_tse_mac|U_MAC_TOP|U_MAC|U_TXFF|TX_DATA|U_SYNC_1|sync[11].u|std_sync_no_cut|dreg[1]                         ; qsys_top_0|sys_tse|intel_eth_tse_0|i_tse_mac|U_MAC_TOP|U_MAC|U_TXFF|TX_DATA|rd_b_wptr[11]                                                             ; 0.178             ;
; qsys_top_0|intel_niosv_g_0|intel_niosv_g_0|hart|core_inst|gen_branch_prediction.new_pc_inst|fetch_hold_addr[23]                                 ; qsys_top_0|intel_niosv_g_0|intel_niosv_g_0|hart|core_inst|gen_cached_instr_fetch.icache_inst|address_buf[21]                                          ; 0.172             ;
; qsys_top_0|intel_niosv_g_0|intel_niosv_g_0|hart|core_inst|gen_cached_instr_fetch.icache_inst|word_valid[5]~ERTM1                                ; qsys_top_0|intel_niosv_g_0|intel_niosv_g_0|hart|core_inst|gen_cached_instr_fetch.icache_inst|word_valid[5]~ERTM1                                      ; 0.171             ;
; qsys_top_0|intel_niosv_g_0|intel_niosv_g_0|hart|core_inst|gen_dcache_lsu.dcache_lsu_inst|buffered_load_data[31]~RTM_180                         ; qsys_top_0|mm_interconnect_0|sys_cpu_ram_s1_agent_rdata_fifo|mem[1][31]~RTM                                                                           ; 0.170             ;
; qsys_top_0|intel_niosv_g_0|intel_niosv_g_0|hart|core_inst|csr_inst|dscratch1[1]                                                                 ; qsys_top_0|intel_niosv_g_0|intel_niosv_g_0|hart|core_inst|csr_inst|dscratch1[1]                                                                       ; 0.170             ;
; qsys_top_0|intel_niosv_g_0|intel_niosv_g_0|hart|core_inst|gen_branch_prediction.new_pc_inst|fetch_hold_addr[24]                                 ; qsys_top_0|intel_niosv_g_0|intel_niosv_g_0|hart|core_inst|gen_cached_instr_fetch.icache_inst|address_buf[22]                                          ; 0.169             ;
; qsys_top_0|mm_interconnect_0|sys_jtag_uart_avalon_jtag_slave_burst_adapter|altera_merlin_burst_adapter_13_1.burst_adapter|in_bytecount_reg_zero ; qsys_top_0|mm_interconnect_0|sys_jtag_uart_avalon_jtag_slave_burst_adapter|altera_merlin_burst_adapter_13_1.burst_adapter|state.ST_UNCOMP_WR_SUBBURST ; 0.164             ;
; qsys_top_0|intel_niosv_g_0|intel_niosv_g_0|hart|core_inst|csr_inst|mie.mpie[5]                                                                  ; qsys_top_0|intel_niosv_g_0|intel_niosv_g_0|hart|core_inst|csr_inst|mie.mpie[5]                                                                        ; 0.164             ;
; qsys_top_0|intel_niosv_g_0|intel_niosv_g_0|hart|core_inst|gen_branch_prediction.new_pc_inst|fetch_hold_addr[28]                                 ; qsys_top_0|intel_niosv_g_0|intel_niosv_g_0|hart|core_inst|gen_cached_instr_fetch.icache_inst|address_buf[26]                                          ; 0.162             ;
; qsys_top_0|sys_tse|intel_eth_tse_0|i_tse_mac|U_MAC_TOP|U_MAC|U_TXFF|TX_DATA|U_SYNC_3|sync[11].u|std_sync_no_cut|dreg[1]                         ; qsys_top_0|sys_tse|intel_eth_tse_0|i_tse_mac|U_MAC_TOP|U_MAC|U_TXFF|TX_DATA|wr_b_rptr[11]                                                             ; 0.156             ;
; qsys_top_0|intel_niosv_g_0|intel_niosv_g_0|hart|core_inst|gen_cached_instr_fetch.icache_inst|ren_buf~RTM_4                                      ; qsys_top_0|intel_niosv_g_0|intel_niosv_g_0|hart|core_inst|gen_cached_instr_fetch.icache_inst|gate_nca_request                                         ; 0.156             ;
; qsys_top_0|intel_niosv_g_0|intel_niosv_g_0|hart|core_inst|csr_inst|mscratch[21]                                                                 ; qsys_top_0|intel_niosv_g_0|intel_niosv_g_0|hart|core_inst|csr_inst|mscratch[21]                                                                       ; 0.156             ;
; qsys_top_0|intel_niosv_g_0|intel_niosv_g_0|hart|core_inst|csr_inst|mscratch[28]                                                                 ; qsys_top_0|intel_niosv_g_0|intel_niosv_g_0|hart|core_inst|csr_inst|mscratch[28]                                                                       ; 0.154             ;
; qsys_top_0|mm_interconnect_0|sys_tse_msgdma_tx_descriptor_read_master_limiter|last_channel[0]                                                   ; qsys_top_0|mm_interconnect_0|cmd_mux_008|arb|top_priority_reg[4]                                                                                      ; 0.153             ;
; qsys_top_0|intel_niosv_g_0|intel_niosv_g_0|dbg_mod|dtm_inst|cmd_clk_xer|clock_xer|in_data_buffer[24]                                            ; qsys_top_0|intel_niosv_g_0|intel_niosv_g_0|dbg_mod|dtm_inst|cmd_clk_xer|clock_xer|out_data_buffer[24]                                                 ; 0.150             ;
; qsys_top_0|intel_niosv_g_0|intel_niosv_g_0|dbg_mod|dtm_inst|cmd_clk_xer|clock_xer|in_data_buffer[5]                                             ; qsys_top_0|intel_niosv_g_0|intel_niosv_g_0|dbg_mod|dtm_inst|cmd_clk_xer|clock_xer|out_data_buffer[5]                                                  ; 0.150             ;
; qsys_top_0|intel_niosv_g_0|intel_niosv_g_0|dbg_mod|dtm_inst|cmd_clk_xer|clock_xer|in_data_buffer[18]                                            ; qsys_top_0|intel_niosv_g_0|intel_niosv_g_0|dbg_mod|dtm_inst|cmd_clk_xer|clock_xer|out_data_buffer[18]                                                 ; 0.150             ;
; qsys_top_0|intel_niosv_g_0|intel_niosv_g_0|dbg_mod|dtm_inst|cmd_clk_xer|clock_xer|in_data_buffer[25]                                            ; qsys_top_0|intel_niosv_g_0|intel_niosv_g_0|dbg_mod|dtm_inst|cmd_clk_xer|clock_xer|out_data_buffer[25]                                                 ; 0.150             ;
; qsys_top_0|intel_niosv_g_0|intel_niosv_g_0|dbg_mod|dtm_inst|rsp_clk_xer|clock_xer|in_data_buffer[19]                                            ; qsys_top_0|intel_niosv_g_0|intel_niosv_g_0|dbg_mod|dtm_inst|rsp_clk_xer|clock_xer|out_data_buffer[19]                                                 ; 0.150             ;
; qsys_top_0|intel_niosv_g_0|intel_niosv_g_0|dbg_mod|dtm_inst|rsp_clk_xer|clock_xer|in_data_buffer[12]                                            ; qsys_top_0|intel_niosv_g_0|intel_niosv_g_0|dbg_mod|dtm_inst|rsp_clk_xer|clock_xer|out_data_buffer[12]                                                 ; 0.150             ;
; qsys_top_0|intel_niosv_g_0|intel_niosv_g_0|dbg_mod|dtm_inst|cmd_clk_xer|clock_xer|out_data_toggle_flopped_n                                     ; qsys_top_0|intel_niosv_g_0|intel_niosv_g_0|dbg_mod|dtm_inst|cmd_clk_xer|clock_xer|out_to_in_synchronizer|din_s1                                       ; 0.150             ;
; qsys_top_0|intel_niosv_g_0|intel_niosv_g_0|dbg_mod|dtm_inst|cmd_clk_xer|clock_xer|in_data_buffer[36]                                            ; qsys_top_0|intel_niosv_g_0|intel_niosv_g_0|dbg_mod|dtm_inst|cmd_clk_xer|clock_xer|out_data_buffer[36]                                                 ; 0.150             ;
; qsys_top_0|intel_niosv_g_0|intel_niosv_g_0|dbg_mod|dtm_inst|rsp_clk_xer|clock_xer|in_data_buffer[1]                                             ; qsys_top_0|intel_niosv_g_0|intel_niosv_g_0|dbg_mod|dtm_inst|rsp_clk_xer|clock_xer|out_data_buffer[1]                                                  ; 0.150             ;
; qsys_top_0|intel_niosv_g_0|intel_niosv_g_0|dbg_mod|dtm_inst|rsp_clk_xer|clock_xer|in_data_buffer[30]                                            ; qsys_top_0|intel_niosv_g_0|intel_niosv_g_0|dbg_mod|dtm_inst|rsp_clk_xer|clock_xer|out_data_buffer[30]                                                 ; 0.150             ;
; qsys_top_0|intel_niosv_g_0|intel_niosv_g_0|dbg_mod|dtm_inst|rsp_clk_xer|clock_xer|in_data_buffer[10]                                            ; qsys_top_0|intel_niosv_g_0|intel_niosv_g_0|dbg_mod|dtm_inst|rsp_clk_xer|clock_xer|out_data_buffer[10]                                                 ; 0.150             ;
; qsys_top_0|intel_niosv_g_0|intel_niosv_g_0|dbg_mod|dtm_inst|cmd_clk_xer|clock_xer|in_data_buffer[15]                                            ; qsys_top_0|intel_niosv_g_0|intel_niosv_g_0|dbg_mod|dtm_inst|cmd_clk_xer|clock_xer|out_data_buffer[15]                                                 ; 0.150             ;
; qsys_top_0|intel_niosv_g_0|intel_niosv_g_0|dbg_mod|dtm_inst|cmd_clk_xer|clock_xer|in_data_buffer[3]                                             ; qsys_top_0|intel_niosv_g_0|intel_niosv_g_0|dbg_mod|dtm_inst|cmd_clk_xer|clock_xer|out_data_buffer[3]                                                  ; 0.150             ;
; qsys_top_0|intel_niosv_g_0|intel_niosv_g_0|dbg_mod|dtm_inst|cmd_clk_xer|clock_xer|in_data_buffer[20]                                            ; qsys_top_0|intel_niosv_g_0|intel_niosv_g_0|dbg_mod|dtm_inst|cmd_clk_xer|clock_xer|out_data_buffer[20]                                                 ; 0.150             ;
; qsys_top_0|intel_niosv_g_0|intel_niosv_g_0|dbg_mod|dtm_inst|cmd_clk_xer|clock_xer|in_data_buffer[14]                                            ; qsys_top_0|intel_niosv_g_0|intel_niosv_g_0|dbg_mod|dtm_inst|cmd_clk_xer|clock_xer|out_data_buffer[14]                                                 ; 0.150             ;
; qsys_top_0|intel_niosv_g_0|intel_niosv_g_0|dbg_mod|dtm_inst|rsp_clk_xer|clock_xer|in_data_buffer[21]                                            ; qsys_top_0|intel_niosv_g_0|intel_niosv_g_0|dbg_mod|dtm_inst|rsp_clk_xer|clock_xer|out_data_buffer[21]                                                 ; 0.150             ;
; qsys_top_0|intel_niosv_g_0|intel_niosv_g_0|dbg_mod|dtm_inst|rsp_clk_xer|clock_xer|in_data_buffer[16]                                            ; qsys_top_0|intel_niosv_g_0|intel_niosv_g_0|dbg_mod|dtm_inst|rsp_clk_xer|clock_xer|out_data_buffer[16]                                                 ; 0.150             ;
; qsys_top_0|intel_niosv_g_0|intel_niosv_g_0|dbg_mod|dtm_inst|cmd_clk_xer|clock_xer|in_data_buffer[22]                                            ; qsys_top_0|intel_niosv_g_0|intel_niosv_g_0|dbg_mod|dtm_inst|cmd_clk_xer|clock_xer|out_data_buffer[22]                                                 ; 0.150             ;
; qsys_top_0|intel_niosv_g_0|intel_niosv_g_0|dbg_mod|dtm_inst|rsp_clk_xer|clock_xer|in_data_buffer[17]                                            ; qsys_top_0|intel_niosv_g_0|intel_niosv_g_0|dbg_mod|dtm_inst|rsp_clk_xer|clock_xer|out_data_buffer[17]                                                 ; 0.150             ;
; qsys_top_0|intel_niosv_g_0|intel_niosv_g_0|dbg_mod|dtm_inst|rsp_clk_xer|clock_xer|in_data_buffer[7]                                             ; qsys_top_0|intel_niosv_g_0|intel_niosv_g_0|dbg_mod|dtm_inst|rsp_clk_xer|clock_xer|out_data_buffer[7]                                                  ; 0.150             ;
; qsys_top_0|intel_niosv_g_0|intel_niosv_g_0|dbg_mod|dtm_inst|rsp_clk_xer|clock_xer|in_data_buffer[25]                                            ; qsys_top_0|intel_niosv_g_0|intel_niosv_g_0|dbg_mod|dtm_inst|rsp_clk_xer|clock_xer|out_data_buffer[25]                                                 ; 0.150             ;
; qsys_top_0|intel_niosv_g_0|intel_niosv_g_0|dbg_mod|dtm_inst|cmd_clk_xer|clock_xer|in_data_buffer[40]                                            ; qsys_top_0|intel_niosv_g_0|intel_niosv_g_0|dbg_mod|dtm_inst|cmd_clk_xer|clock_xer|out_data_buffer[40]                                                 ; 0.150             ;
; qsys_top_0|intel_niosv_g_0|intel_niosv_g_0|dbg_mod|dtm_inst|cmd_clk_xer|clock_xer|in_data_buffer[17]                                            ; qsys_top_0|intel_niosv_g_0|intel_niosv_g_0|dbg_mod|dtm_inst|cmd_clk_xer|clock_xer|out_data_buffer[17]                                                 ; 0.150             ;
; qsys_top_0|intel_niosv_g_0|intel_niosv_g_0|dbg_mod|dtm_inst|cmd_clk_xer|clock_xer|in_data_buffer[33]                                            ; qsys_top_0|intel_niosv_g_0|intel_niosv_g_0|dbg_mod|dtm_inst|cmd_clk_xer|clock_xer|out_data_buffer[33]                                                 ; 0.150             ;
; qsys_top_0|intel_niosv_g_0|intel_niosv_g_0|dbg_mod|dtm_inst|cmd_clk_xer|clock_xer|in_data_buffer[7]                                             ; qsys_top_0|intel_niosv_g_0|intel_niosv_g_0|dbg_mod|dtm_inst|cmd_clk_xer|clock_xer|out_data_buffer[7]                                                  ; 0.150             ;
; qsys_top_0|intel_niosv_g_0|intel_niosv_g_0|dbg_mod|dtm_inst|rsp_clk_xer|clock_xer|in_data_buffer[24]                                            ; qsys_top_0|intel_niosv_g_0|intel_niosv_g_0|dbg_mod|dtm_inst|rsp_clk_xer|clock_xer|out_data_buffer[24]                                                 ; 0.150             ;
; qsys_top_0|intel_niosv_g_0|intel_niosv_g_0|dbg_mod|dtm_inst|cmd_clk_xer|clock_xer|in_data_buffer[21]                                            ; qsys_top_0|intel_niosv_g_0|intel_niosv_g_0|dbg_mod|dtm_inst|cmd_clk_xer|clock_xer|out_data_buffer[21]                                                 ; 0.150             ;
; qsys_top_0|intel_niosv_g_0|intel_niosv_g_0|dbg_mod|dtm_inst|rsp_clk_xer|clock_xer|out_data_toggle_flopped_n                                     ; qsys_top_0|intel_niosv_g_0|intel_niosv_g_0|dbg_mod|dtm_inst|rsp_clk_xer|clock_xer|out_to_in_synchronizer|din_s1                                       ; 0.150             ;
; qsys_top_0|intel_niosv_g_0|intel_niosv_g_0|dbg_mod|dtm_inst|cmd_clk_xer|clock_xer|in_data_buffer[4]                                             ; qsys_top_0|intel_niosv_g_0|intel_niosv_g_0|dbg_mod|dtm_inst|cmd_clk_xer|clock_xer|out_data_buffer[4]                                                  ; 0.150             ;
; qsys_top_0|intel_niosv_g_0|intel_niosv_g_0|dbg_mod|dtm_inst|rsp_clk_xer|clock_xer|in_data_buffer[2]                                             ; qsys_top_0|intel_niosv_g_0|intel_niosv_g_0|dbg_mod|dtm_inst|rsp_clk_xer|clock_xer|out_data_buffer[2]                                                  ; 0.150             ;
; qsys_top_0|intel_niosv_g_0|intel_niosv_g_0|dbg_mod|dtm_inst|cmd_clk_xer|clock_xer|in_data_buffer[30]                                            ; qsys_top_0|intel_niosv_g_0|intel_niosv_g_0|dbg_mod|dtm_inst|cmd_clk_xer|clock_xer|out_data_buffer[30]                                                 ; 0.150             ;
; qsys_top_0|intel_niosv_g_0|intel_niosv_g_0|dbg_mod|dtm_inst|cmd_clk_xer|clock_xer|in_data_buffer[23]                                            ; qsys_top_0|intel_niosv_g_0|intel_niosv_g_0|dbg_mod|dtm_inst|cmd_clk_xer|clock_xer|out_data_buffer[23]                                                 ; 0.150             ;
; qsys_top_0|intel_niosv_g_0|intel_niosv_g_0|dbg_mod|dtm_inst|cmd_clk_xer|clock_xer|in_data_buffer[13]                                            ; qsys_top_0|intel_niosv_g_0|intel_niosv_g_0|dbg_mod|dtm_inst|cmd_clk_xer|clock_xer|out_data_buffer[13]                                                 ; 0.150             ;
; qsys_top_0|intel_niosv_g_0|intel_niosv_g_0|dbg_mod|dtm_inst|cmd_clk_xer|clock_xer|in_data_buffer[0]                                             ; qsys_top_0|intel_niosv_g_0|intel_niosv_g_0|dbg_mod|dtm_inst|cmd_clk_xer|clock_xer|out_data_buffer[0]                                                  ; 0.150             ;
; qsys_top_0|intel_niosv_g_0|intel_niosv_g_0|dbg_mod|dtm_inst|cmd_clk_xer|clock_xer|in_data_buffer[2]                                             ; qsys_top_0|intel_niosv_g_0|intel_niosv_g_0|dbg_mod|dtm_inst|cmd_clk_xer|clock_xer|out_data_buffer[2]                                                  ; 0.150             ;
; qsys_top_0|intel_niosv_g_0|intel_niosv_g_0|dbg_mod|dtm_inst|cmd_clk_xer|clock_xer|in_data_buffer[32]                                            ; qsys_top_0|intel_niosv_g_0|intel_niosv_g_0|dbg_mod|dtm_inst|cmd_clk_xer|clock_xer|out_data_buffer[32]                                                 ; 0.150             ;
; qsys_top_0|intel_niosv_g_0|intel_niosv_g_0|dbg_mod|dtm_inst|cmd_clk_xer|clock_xer|in_data_buffer[16]                                            ; qsys_top_0|intel_niosv_g_0|intel_niosv_g_0|dbg_mod|dtm_inst|cmd_clk_xer|clock_xer|out_data_buffer[16]                                                 ; 0.150             ;
; qsys_top_0|intel_niosv_g_0|intel_niosv_g_0|dbg_mod|dtm_inst|rsp_clk_xer|clock_xer|in_data_buffer[8]                                             ; qsys_top_0|intel_niosv_g_0|intel_niosv_g_0|dbg_mod|dtm_inst|rsp_clk_xer|clock_xer|out_data_buffer[8]                                                  ; 0.150             ;
; qsys_top_0|intel_niosv_g_0|intel_niosv_g_0|dbg_mod|dtm_inst|rsp_clk_xer|clock_xer|in_data_buffer[20]                                            ; qsys_top_0|intel_niosv_g_0|intel_niosv_g_0|dbg_mod|dtm_inst|rsp_clk_xer|clock_xer|out_data_buffer[20]                                                 ; 0.150             ;
; qsys_top_0|intel_niosv_g_0|intel_niosv_g_0|dbg_mod|dtm_inst|cmd_clk_xer|clock_xer|in_data_buffer[37]                                            ; qsys_top_0|intel_niosv_g_0|intel_niosv_g_0|dbg_mod|dtm_inst|cmd_clk_xer|clock_xer|out_data_buffer[37]                                                 ; 0.150             ;
; qsys_top_0|intel_niosv_g_0|intel_niosv_g_0|dbg_mod|dtm_inst|rsp_clk_xer|clock_xer|in_data_buffer[26]                                            ; qsys_top_0|intel_niosv_g_0|intel_niosv_g_0|dbg_mod|dtm_inst|rsp_clk_xer|clock_xer|out_data_buffer[26]                                                 ; 0.150             ;
; qsys_top_0|intel_niosv_g_0|intel_niosv_g_0|dbg_mod|dtm_inst|rsp_clk_xer|clock_xer|in_data_buffer[14]                                            ; qsys_top_0|intel_niosv_g_0|intel_niosv_g_0|dbg_mod|dtm_inst|rsp_clk_xer|clock_xer|out_data_buffer[14]                                                 ; 0.150             ;
; qsys_top_0|intel_niosv_g_0|intel_niosv_g_0|dbg_mod|dtm_inst|rsp_clk_xer|clock_xer|in_data_buffer[22]                                            ; qsys_top_0|intel_niosv_g_0|intel_niosv_g_0|dbg_mod|dtm_inst|rsp_clk_xer|clock_xer|out_data_buffer[22]                                                 ; 0.150             ;
; qsys_top_0|intel_niosv_g_0|intel_niosv_g_0|dbg_mod|dtm_inst|cmd_clk_xer|clock_xer|in_data_buffer[35]                                            ; qsys_top_0|intel_niosv_g_0|intel_niosv_g_0|dbg_mod|dtm_inst|cmd_clk_xer|clock_xer|out_data_buffer[35]                                                 ; 0.150             ;
; qsys_top_0|intel_niosv_g_0|intel_niosv_g_0|dbg_mod|dtm_inst|rsp_clk_xer|clock_xer|in_data_buffer[4]                                             ; qsys_top_0|intel_niosv_g_0|intel_niosv_g_0|dbg_mod|dtm_inst|rsp_clk_xer|clock_xer|out_data_buffer[4]                                                  ; 0.150             ;
; qsys_top_0|intel_niosv_g_0|intel_niosv_g_0|dbg_mod|dtm_inst|cmd_clk_xer|clock_xer|in_data_buffer[38]                                            ; qsys_top_0|intel_niosv_g_0|intel_niosv_g_0|dbg_mod|dtm_inst|cmd_clk_xer|clock_xer|out_data_buffer[38]                                                 ; 0.150             ;
; qsys_top_0|intel_niosv_g_0|intel_niosv_g_0|dbg_mod|dtm_inst|cmd_clk_xer|clock_xer|in_data_buffer[12]                                            ; qsys_top_0|intel_niosv_g_0|intel_niosv_g_0|dbg_mod|dtm_inst|cmd_clk_xer|clock_xer|out_data_buffer[12]                                                 ; 0.150             ;
; qsys_top_0|intel_niosv_g_0|intel_niosv_g_0|dbg_mod|dtm_inst|cmd_clk_xer|clock_xer|in_data_buffer[8]                                             ; qsys_top_0|intel_niosv_g_0|intel_niosv_g_0|dbg_mod|dtm_inst|cmd_clk_xer|clock_xer|out_data_buffer[8]                                                  ; 0.150             ;
; qsys_top_0|intel_niosv_g_0|intel_niosv_g_0|dbg_mod|dtm_inst|cmd_clk_xer|clock_xer|in_data_buffer[34]                                            ; qsys_top_0|intel_niosv_g_0|intel_niosv_g_0|dbg_mod|dtm_inst|cmd_clk_xer|clock_xer|out_data_buffer[34]                                                 ; 0.150             ;
; qsys_top_0|intel_niosv_g_0|intel_niosv_g_0|dbg_mod|dtm_inst|cmd_clk_xer|clock_xer|in_data_buffer[31]                                            ; qsys_top_0|intel_niosv_g_0|intel_niosv_g_0|dbg_mod|dtm_inst|cmd_clk_xer|clock_xer|out_data_buffer[31]                                                 ; 0.150             ;
; qsys_top_0|intel_niosv_g_0|intel_niosv_g_0|dbg_mod|dtm_inst|rsp_clk_xer|clock_xer|in_data_buffer[5]                                             ; qsys_top_0|intel_niosv_g_0|intel_niosv_g_0|dbg_mod|dtm_inst|rsp_clk_xer|clock_xer|out_data_buffer[5]                                                  ; 0.150             ;
; qsys_top_0|intel_niosv_g_0|intel_niosv_g_0|dbg_mod|dtm_inst|cmd_clk_xer|clock_xer|in_data_buffer[9]                                             ; qsys_top_0|intel_niosv_g_0|intel_niosv_g_0|dbg_mod|dtm_inst|cmd_clk_xer|clock_xer|out_data_buffer[9]                                                  ; 0.150             ;
; qsys_top_0|intel_niosv_g_0|intel_niosv_g_0|dbg_mod|dtm_inst|cmd_clk_xer|clock_xer|in_data_buffer[27]                                            ; qsys_top_0|intel_niosv_g_0|intel_niosv_g_0|dbg_mod|dtm_inst|cmd_clk_xer|clock_xer|out_data_buffer[27]                                                 ; 0.150             ;
; qsys_top_0|intel_niosv_g_0|intel_niosv_g_0|dbg_mod|dtm_inst|rsp_clk_xer|clock_xer|in_data_buffer[28]                                            ; qsys_top_0|intel_niosv_g_0|intel_niosv_g_0|dbg_mod|dtm_inst|rsp_clk_xer|clock_xer|out_data_buffer[28]                                                 ; 0.150             ;
; qsys_top_0|intel_niosv_g_0|intel_niosv_g_0|dbg_mod|dtm_inst|rsp_clk_xer|clock_xer|in_data_buffer[31]                                            ; qsys_top_0|intel_niosv_g_0|intel_niosv_g_0|dbg_mod|dtm_inst|rsp_clk_xer|clock_xer|out_data_buffer[31]                                                 ; 0.150             ;
; qsys_top_0|intel_niosv_g_0|intel_niosv_g_0|dbg_mod|dtm_inst|cmd_clk_xer|clock_xer|in_data_buffer[6]                                             ; qsys_top_0|intel_niosv_g_0|intel_niosv_g_0|dbg_mod|dtm_inst|cmd_clk_xer|clock_xer|out_data_buffer[6]                                                  ; 0.150             ;
; qsys_top_0|intel_niosv_g_0|intel_niosv_g_0|dbg_mod|dtm_inst|rsp_clk_xer|clock_xer|in_data_buffer[15]                                            ; qsys_top_0|intel_niosv_g_0|intel_niosv_g_0|dbg_mod|dtm_inst|rsp_clk_xer|clock_xer|out_data_buffer[15]                                                 ; 0.150             ;
; qsys_top_0|intel_niosv_g_0|intel_niosv_g_0|dbg_mod|dtm_inst|rsp_clk_xer|clock_xer|in_data_buffer[9]                                             ; qsys_top_0|intel_niosv_g_0|intel_niosv_g_0|dbg_mod|dtm_inst|rsp_clk_xer|clock_xer|out_data_buffer[9]                                                  ; 0.150             ;
; qsys_top_0|intel_niosv_g_0|intel_niosv_g_0|dbg_mod|dtm_inst|cmd_clk_xer|clock_xer|in_data_buffer[19]                                            ; qsys_top_0|intel_niosv_g_0|intel_niosv_g_0|dbg_mod|dtm_inst|cmd_clk_xer|clock_xer|out_data_buffer[19]                                                 ; 0.150             ;
; qsys_top_0|intel_niosv_g_0|intel_niosv_g_0|dbg_mod|dtm_inst|cmd_clk_xer|clock_xer|in_data_buffer[11]                                            ; qsys_top_0|intel_niosv_g_0|intel_niosv_g_0|dbg_mod|dtm_inst|cmd_clk_xer|clock_xer|out_data_buffer[11]                                                 ; 0.150             ;
+-------------------------------------------------------------------------------------------------------------------------------------------------+-------------------------------------------------------------------------------------------------------------------------------------------------------+-------------------+
Note: This table only shows the top 100 path(s) that have the largest delay added for hold.


--------------------------------------
; Global Router Wire Utilization Map ;
--------------------------------------
This report is unavailable in plain text report export.


+-------------------------------------------------------------------------------+
; Peak Wire Demand Summary                                                      ;
+-----------------+-----------+-----------------------------------+-------------+
; Wire            ; Direction ; Grid [(Xmin, Ymin), (Xmax, Ymax)] ; Peak Demand ;
+-----------------+-----------+-----------------------------------+-------------+
; short           ; right     ; [(168, 88), (179, 95)]            ; 9.896 %     ;
; short           ; left      ; [(120, 80), (131, 87)]            ; 15.446 %    ;
; short           ; up        ; [(132, 80), (143, 87)]            ; 23.194 %    ;
; short           ; down      ; [(120, 88), (131, 95)]            ; 36.806 %    ;
; long high speed ; right     ; [(108, 88), (119, 95)]            ; 100.000 %   ;
; long high speed ; left      ; [(120, 88), (131, 95)]            ; 98.246 %    ;
; long high speed ; up        ; [(96, 136), (107, 143)]           ; 100.000 %   ;
; long high speed ; down      ; [(156, 128), (167, 135)]          ; 94.048 %    ;
+-----------------+-----------+-----------------------------------+-------------+


+---------------------------------------------------------------------------------------------------------------------------------------------------------------------------------------------------------------------------------+
; Peak Wire Demand Details                                                                                                                                                                                                        ;
+-----------------+-----------+-----------------------------------+-------------+-------------------------------------------------------------------------------------------------------------------------------------------------+
; Wire            ; Direction ; Grid [(Xmin, Ymin), (Xmax, Ymax)] ; Peak Demand ; Net Names                                                                                                                                       ;
+-----------------+-----------+-----------------------------------+-------------+-------------------------------------------------------------------------------------------------------------------------------------------------+
; short           ; right     ; [(168, 88), (179, 95)]            ; 9.896 %     ;    High Routing Fan-Out                                                                                                                         ;
;     --          ;           ;                                   ;             ; qsys_top_0|rst_controller|r_early_rst~_Duplicate                                                                                                ;
;     --          ;           ;                                   ;             ; qsys_top_0|sys_tse_msgdma_rx|msgdma_1|dispatcher_internal|the_descriptor_buffers|push_write_fifo                                                ;
;     --          ;           ;                                   ;             ; qsys_top_0|sys_tse_msgdma_rx|msgdma_1|prefetcher_internal|u_prefetcher_read|ctrl_state.WR_DONE                                                  ;
;     --          ;           ;                                   ;             ; qsys_top_0|mm_interconnect_0|sys_desc_mem_s1_burst_adapter|altera_merlin_burst_adapter_13_1.burst_adapter|int_nxt_addr_reg_dly[2]               ;
;     --          ;           ;                                   ;             ; qsys_top_0|mm_interconnect_0|sys_desc_mem_s1_burst_adapter|altera_merlin_burst_adapter_13_1.burst_adapter|int_nxt_addr_reg_dly[12]              ;
;     --          ;           ;                                   ;             ; qsys_top_0|mm_interconnect_0|sys_desc_mem_s1_burst_adapter|altera_merlin_burst_adapter_13_1.burst_adapter|int_nxt_addr_reg_dly[11]              ;
;     --          ;           ;                                   ;             ; qsys_top_0|mm_interconnect_0|sys_desc_mem_s1_burst_adapter|altera_merlin_burst_adapter_13_1.burst_adapter|int_nxt_addr_reg_dly[10]              ;
;     --          ;           ;                                   ;             ; qsys_top_0|mm_interconnect_0|sys_desc_mem_s1_burst_adapter|altera_merlin_burst_adapter_13_1.burst_adapter|int_nxt_addr_reg_dly[9]               ;
;     --          ;           ;                                   ;             ; qsys_top_0|mm_interconnect_0|sys_desc_mem_s1_burst_adapter|altera_merlin_burst_adapter_13_1.burst_adapter|int_nxt_addr_reg_dly[7]               ;
;     --          ;           ;                                   ;             ; qsys_top_0|mm_interconnect_0|sys_desc_mem_s1_burst_adapter|altera_merlin_burst_adapter_13_1.burst_adapter|int_nxt_addr_reg_dly[6]               ;
; short           ; right     ; [(168, 88), (179, 95)]            ; 9.896 %     ;    Long Distance                                                                                                                                ;
;     --          ;           ;                                   ;             ; qsys_top_0|rst_controller|r_early_rst~_Duplicate                                                                                                ;
;     --          ;           ;                                   ;             ; qsys_top_0|mm_interconnect_0|sys_desc_mem_s1_burst_adapter|altera_merlin_burst_adapter_13_1.burst_adapter|out_byteen[3]~2                       ;
;     --          ;           ;                                   ;             ; qsys_top_0|mm_interconnect_0|sys_desc_mem_s1_burst_adapter|altera_merlin_burst_adapter_13_1.burst_adapter|out_byteen[1]~1                       ;
;     --          ;           ;                                   ;             ; qsys_top_0|mm_interconnect_0|sys_desc_mem_s1_burst_adapter|altera_merlin_burst_adapter_13_1.burst_adapter|in_data_reg[29]                       ;
;     --          ;           ;                                   ;             ; qsys_top_0|mm_interconnect_0|sys_desc_mem_s1_burst_adapter|altera_merlin_burst_adapter_13_1.burst_adapter|in_data_reg[27]                       ;
;     --          ;           ;                                   ;             ; qsys_top_0|mm_interconnect_0|sys_desc_mem_s1_burst_adapter|altera_merlin_burst_adapter_13_1.burst_adapter|in_data_reg[28]                       ;
;     --          ;           ;                                   ;             ; qsys_top_0|mm_interconnect_0|sys_desc_mem_s1_burst_adapter|altera_merlin_burst_adapter_13_1.burst_adapter|in_data_reg[24]                       ;
;     --          ;           ;                                   ;             ; qsys_top_0|mm_interconnect_0|sys_desc_mem_s1_burst_adapter|altera_merlin_burst_adapter_13_1.burst_adapter|in_data_reg[26]                       ;
;     --          ;           ;                                   ;             ; qsys_top_0|mm_interconnect_0|sys_desc_mem_s1_burst_adapter|altera_merlin_burst_adapter_13_1.burst_adapter|in_data_reg[31]                       ;
;     --          ;           ;                                   ;             ; qsys_top_0|mm_interconnect_0|sys_desc_mem_s1_burst_adapter|altera_merlin_burst_adapter_13_1.burst_adapter|in_data_reg[30]                       ;
; short           ; left      ; [(120, 80), (131, 87)]            ; 15.446 %    ;    High Routing Fan-Out                                                                                                                         ;
;     --          ;           ;                                   ;             ; qsys_top_0|mm_interconnect_0|sys_cpu_ram_s1_burst_adapter|altera_merlin_burst_adapter_13_1.burst_adapter|in_narrow_reg~RTM_2                    ;
;     --          ;           ;                                   ;             ; qsys_top_0|mm_interconnect_0|sys_cpu_ram_s1_burst_adapter|altera_merlin_burst_adapter_13_1.burst_adapter|int_nxt_addr_reg_dly[14]               ;
;     --          ;           ;                                   ;             ; qsys_top_0|rst_controller|r_sync_rst                                                                                                            ;
;     --          ;           ;                                   ;             ; qsys_top_0|intel_niosv_g_0|intel_niosv_g_0|hart|core_inst|gen_cached_instr_fetch.icache_inst|gate_nca_request                                   ;
;     --          ;           ;                                   ;             ; qsys_top_0|mm_interconnect_0|sys_cpu_ram_s1_agent_rdata_fifo|i282                                                                               ;
;     --          ;           ;                                   ;             ; qsys_top_0|intel_niosv_g_0|intel_niosv_g_0|hart|core_inst|M1_ld_op_done                                                                         ;
;     --          ;           ;                                   ;             ; qsys_top_0|intel_niosv_g_0|intel_niosv_g_0|hart|core_inst|D_rs1_gpr_val[0]~6                                                                    ;
;     --          ;           ;                                   ;             ; qsys_top_0|intel_niosv_g_0|intel_niosv_g_0|hart|core_inst|D_rs1_gpr_val[0]~5                                                                    ;
;     --          ;           ;                                   ;             ; qsys_top_0|intel_niosv_g_0|intel_niosv_g_0|hart|core_inst|E_srx_op                                                                              ;
;     --          ;           ;                                   ;             ; qsys_top_0|intel_niosv_g_0|intel_niosv_g_0|hart|core_inst|i371                                                                                  ;
; short           ; left      ; [(120, 80), (131, 87)]            ; 15.446 %    ;    Long Distance                                                                                                                                ;
;     --          ;           ;                                   ;             ; qsys_top_0|rst_controller|r_sync_rst                                                                                                            ;
;     --          ;           ;                                   ;             ; qsys_top_0|mm_interconnect_0|sys_cpu_ram_s1_burst_adapter|altera_merlin_burst_adapter_13_1.burst_adapter|in_narrow_reg~RTM_2                    ;
;     --          ;           ;                                   ;             ; qsys_top_0|mm_interconnect_0|sys_cpu_ram_s1_burst_adapter|altera_merlin_burst_adapter_13_1.burst_adapter|int_nxt_addr_reg_dly[14]               ;
;     --          ;           ;                                   ;             ; qsys_top_0|mm_interconnect_0|sys_cpu_ram_s1_agent_rdata_fifo|i282                                                                               ;
;     --          ;           ;                                   ;             ; qsys_top_0|rst_controller|i40                                                                                                                   ;
;     --          ;           ;                                   ;             ; qsys_top_0|intel_niosv_g_0|intel_niosv_g_0|hart|core_inst|I_imm[17]~10                                                                          ;
;     --          ;           ;                                   ;             ; qsys_top_0|intel_niosv_g_0|intel_niosv_g_0|hart|core_inst|I_imm[15]~9                                                                           ;
;     --          ;           ;                                   ;             ; qsys_top_0|intel_niosv_g_0|intel_niosv_g_0|hart|core_inst|I_imm[16]~8                                                                           ;
;     --          ;           ;                                   ;             ; qsys_top_0|intel_niosv_g_0|intel_niosv_g_0|hart|core_inst|gen_branch_prediction.new_pc_inst|fetch_pc[19]                                        ;
;     --          ;           ;                                   ;             ; qsys_top_0|intel_niosv_g_0|intel_niosv_g_0|hart|core_inst|gen_branch_prediction.new_pc_inst|fetch_pc[18]                                        ;
; short           ; up        ; [(132, 80), (143, 87)]            ; 23.194 %    ;    High Routing Fan-Out                                                                                                                         ;
;     --          ;           ;                                   ;             ; qsys_top_0|mm_interconnect_0|sys_led_pio_s1_burst_adapter|altera_merlin_burst_adapter_13_1.burst_adapter|internal_sclr                          ;
;     --          ;           ;                                   ;             ; qsys_top_0|mm_interconnect_0|sys_cpu_ram_s1_burst_adapter|altera_merlin_burst_adapter_13_1.burst_adapter|int_nxt_addr_reg_dly[15]               ;
;     --          ;           ;                                   ;             ; qsys_top_0|mm_interconnect_0|sys_cpu_ram_s1_burst_adapter|altera_merlin_burst_adapter_13_1.burst_adapter|int_nxt_addr_reg_dly[14]               ;
;     --          ;           ;                                   ;             ; qsys_top_0|mm_interconnect_0|sys_cpu_ram_s1_burst_adapter|altera_merlin_burst_adapter_13_1.burst_adapter|int_nxt_addr_reg_dly[13]               ;
;     --          ;           ;                                   ;             ; qsys_top_0|mm_interconnect_0|sys_cpu_ram_s1_burst_adapter|altera_merlin_burst_adapter_13_1.burst_adapter|int_nxt_addr_reg_dly[16]               ;
;     --          ;           ;                                   ;             ; qsys_top_0|intel_niosv_g_0|intel_niosv_g_0|hart|core_inst|gen_dcache_lsu.dcache_lsu_inst|niosv_victim_buffer_inst|out_valid                     ;
;     --          ;           ;                                   ;             ; qsys_top_0|intel_niosv_g_0|intel_niosv_g_0|hart|core_inst|gen_dcache_lsu.dcache_lsu_inst|victim_wr_en_q                                         ;
;     --          ;           ;                                   ;             ; qsys_top_0|intel_niosv_g_0|intel_niosv_g_0|hart|core_inst|M0_exe_result[11]                                                                     ;
;     --          ;           ;                                   ;             ; qsys_top_0|intel_niosv_g_0|intel_niosv_g_0|hart|core_inst|M0_exe_result[5]                                                                      ;
;     --          ;           ;                                   ;             ; qsys_top_0|intel_niosv_g_0|intel_niosv_g_0|hart|core_inst|M0_exe_result[6]                                                                      ;
; short           ; up        ; [(132, 80), (143, 87)]            ; 23.194 %    ;    Long Distance                                                                                                                                ;
;     --          ;           ;                                   ;             ; qsys_top_0|mm_interconnect_0|sys_cpu_ram_s1_burst_adapter|altera_merlin_burst_adapter_13_1.burst_adapter|int_nxt_addr_reg_dly[14]               ;
;     --          ;           ;                                   ;             ; qsys_top_0|mm_interconnect_0|sys_cpu_ram_s1_burst_adapter|altera_merlin_burst_adapter_13_1.burst_adapter|int_nxt_addr_reg_dly[13]               ;
;     --          ;           ;                                   ;             ; qsys_top_0|mm_interconnect_0|sys_cpu_ram_s1_burst_adapter|altera_merlin_burst_adapter_13_1.burst_adapter|int_nxt_addr_reg_dly[17]               ;
;     --          ;           ;                                   ;             ; qsys_top_0|mm_interconnect_0|sys_cpu_ram_s1_burst_adapter|altera_merlin_burst_adapter_13_1.burst_adapter|int_nxt_addr_reg_dly[15]               ;
;     --          ;           ;                                   ;             ; qsys_top_0|mm_interconnect_0|sys_cpu_ram_s1_burst_adapter|altera_merlin_burst_adapter_13_1.burst_adapter|int_nxt_addr_reg_dly[16]               ;
;     --          ;           ;                                   ;             ; qsys_top_0|mm_interconnect_0|sys_cpu_ram_s1_burst_adapter|altera_merlin_burst_adapter_13_1.burst_adapter|int_nxt_addr_reg_dly[18]               ;
;     --          ;           ;                                   ;             ; qsys_top_0|mm_interconnect_0|intel_niosv_g_0_data_manager_agent|wdata_q0[5]                                                                     ;
;     --          ;           ;                                   ;             ; qsys_top_0|mm_interconnect_0|intel_niosv_g_0_data_manager_agent|wstrb_q0[0]                                                                     ;
;     --          ;           ;                                   ;             ; qsys_top_0|mm_interconnect_0|sys_cpu_ram_s1_burst_adapter|altera_merlin_burst_adapter_13_1.burst_adapter|int_nxt_addr_reg_dly[20]               ;
;     --          ;           ;                                   ;             ; qsys_top_0|mm_interconnect_0|sys_cpu_ram_s1_burst_adapter|altera_merlin_burst_adapter_13_1.burst_adapter|out_valid_reg                          ;
; short           ; down      ; [(120, 88), (131, 95)]            ; 36.806 %    ;    High Routing Fan-Out                                                                                                                         ;
;     --          ;           ;                                   ;             ; qsys_top_0|mm_interconnect_0|sys_cpu_ram_s1_burst_adapter|altera_merlin_burst_adapter_13_1.burst_adapter|in_data_reg[16]                        ;
;     --          ;           ;                                   ;             ; qsys_top_0|mm_interconnect_0|sys_cpu_ram_s1_burst_adapter|altera_merlin_burst_adapter_13_1.burst_adapter|in_data_reg[20]                        ;
;     --          ;           ;                                   ;             ; qsys_top_0|mm_interconnect_0|sys_cpu_ram_s1_burst_adapter|altera_merlin_burst_adapter_13_1.burst_adapter|in_data_reg[21]                        ;
;     --          ;           ;                                   ;             ; qsys_top_0|mm_interconnect_0|sys_cpu_ram_s1_burst_adapter|altera_merlin_burst_adapter_13_1.burst_adapter|in_data_reg[22]                        ;
;     --          ;           ;                                   ;             ; qsys_top_0|mm_interconnect_0|sys_cpu_ram_s1_burst_adapter|altera_merlin_burst_adapter_13_1.burst_adapter|in_data_reg[23]                        ;
;     --          ;           ;                                   ;             ; qsys_top_0|mm_interconnect_0|sys_cpu_ram_s1_burst_adapter|altera_merlin_burst_adapter_13_1.burst_adapter|in_data_reg[19]                        ;
;     --          ;           ;                                   ;             ; qsys_top_0|mm_interconnect_0|sys_cpu_ram_s1_burst_adapter|altera_merlin_burst_adapter_13_1.burst_adapter|in_data_reg[17]                        ;
;     --          ;           ;                                   ;             ; qsys_top_0|mm_interconnect_0|sys_cpu_ram_s1_burst_adapter|altera_merlin_burst_adapter_13_1.burst_adapter|in_data_reg[18]                        ;
;     --          ;           ;                                   ;             ; qsys_top_0|intel_niosv_g_0|intel_niosv_g_0|hart|core_inst|gen_branch_prediction.new_pc_inst|branch_pred_update_req_o~0                          ;
;     --          ;           ;                                   ;             ; qsys_top_0|intel_niosv_g_0|intel_niosv_g_0|hart|core_inst|gen_cached_instr_fetch.icache_inst|gate_nca_request                                   ;
; short           ; down      ; [(120, 88), (131, 95)]            ; 36.806 %    ;    Long Distance                                                                                                                                ;
;     --          ;           ;                                   ;             ; qsys_top_0|mm_interconnect_0|sys_cpu_ram_s1_burst_adapter|altera_merlin_burst_adapter_13_1.burst_adapter|in_data_reg[20]                        ;
;     --          ;           ;                                   ;             ; qsys_top_0|mm_interconnect_0|sys_cpu_ram_s1_burst_adapter|altera_merlin_burst_adapter_13_1.burst_adapter|in_data_reg[21]                        ;
;     --          ;           ;                                   ;             ; qsys_top_0|mm_interconnect_0|sys_cpu_ram_s1_burst_adapter|altera_merlin_burst_adapter_13_1.burst_adapter|in_data_reg[22]                        ;
;     --          ;           ;                                   ;             ; qsys_top_0|mm_interconnect_0|sys_cpu_ram_s1_burst_adapter|altera_merlin_burst_adapter_13_1.burst_adapter|in_data_reg[23]                        ;
;     --          ;           ;                                   ;             ; qsys_top_0|mm_interconnect_0|sys_cpu_ram_s1_burst_adapter|altera_merlin_burst_adapter_13_1.burst_adapter|in_data_reg[19]                        ;
;     --          ;           ;                                   ;             ; qsys_top_0|mm_interconnect_0|sys_cpu_ram_s1_burst_adapter|altera_merlin_burst_adapter_13_1.burst_adapter|in_data_reg[16]                        ;
;     --          ;           ;                                   ;             ; qsys_top_0|mm_interconnect_0|sys_cpu_ram_s1_burst_adapter|altera_merlin_burst_adapter_13_1.burst_adapter|in_data_reg[17]                        ;
;     --          ;           ;                                   ;             ; qsys_top_0|mm_interconnect_0|sys_cpu_ram_s1_burst_adapter|altera_merlin_burst_adapter_13_1.burst_adapter|in_data_reg[18]                        ;
;     --          ;           ;                                   ;             ; qsys_top_0|sys_cpu_ram|sys_cpu_ram|altera_syncram_component|auto_generated|altera_syncram_impl1|decode3|rtl~228                                 ;
;     --          ;           ;                                   ;             ; qsys_top_0|sys_cpu_ram|sys_cpu_ram|altera_syncram_component|auto_generated|altera_syncram_impl1|decode3|rtl~285                                 ;
; long high speed ; right     ; [(108, 88), (119, 95)]            ; 100.000 %   ;    High Routing Fan-Out                                                                                                                         ;
;     --          ;           ;                                   ;             ; qsys_top_0|mm_interconnect_0|sys_cpu_ram_s1_agent|m0_read~0                                                                                     ;
;     --          ;           ;                                   ;             ; qsys_top_0|sys_cpu_ram|sys_cpu_ram|altera_syncram_component|auto_generated|altera_syncram_impl1|address_reg_a[3]                                ;
;     --          ;           ;                                   ;             ; qsys_top_0|sys_cpu_ram|sys_cpu_ram|altera_syncram_component|auto_generated|altera_syncram_impl1|address_reg_a[1]                                ;
;     --          ;           ;                                   ;             ; qsys_top_0|sys_cpu_ram|sys_cpu_ram|altera_syncram_component|auto_generated|altera_syncram_impl1|address_reg_a[2]                                ;
;     --          ;           ;                                   ;             ; qsys_top_0|rst_controller|r_early_rst~_Duplicate_5                                                                                              ;
;     --          ;           ;                                   ;             ; qsys_top_0|sys_cpu_ram|sys_cpu_ram|altera_syncram_component|auto_generated|altera_syncram_impl1|address_reg_a[6]~RTM                            ;
;     --          ;           ;                                   ;             ; qsys_top_0|intel_niosv_g_0|intel_niosv_g_0|hart|core_inst|M0_exe_result[10]                                                                     ;
;     --          ;           ;                                   ;             ; qsys_top_0|intel_niosv_g_0|intel_niosv_g_0|hart|core_inst|M0_exe_result[7]                                                                      ;
;     --          ;           ;                                   ;             ; qsys_top_0|intel_niosv_g_0|intel_niosv_g_0|hart|core_inst|M0_exe_result[8]                                                                      ;
;     --          ;           ;                                   ;             ; qsys_top_0|intel_niosv_g_0|intel_niosv_g_0|hart|core_inst|M0_exe_result[1]                                                                      ;
; long high speed ; right     ; [(108, 88), (119, 95)]            ; 100.000 %   ;    Long Distance                                                                                                                                ;
;     --          ;           ;                                   ;             ; qsys_top_0|sys_cpu_ram|sys_cpu_ram|altera_syncram_component|auto_generated|altera_syncram_impl1|address_reg_a[3]                                ;
;     --          ;           ;                                   ;             ; qsys_top_0|mm_interconnect_0|sys_cpu_ram_s1_agent|m0_read~0                                                                                     ;
;     --          ;           ;                                   ;             ; qsys_top_0|sys_cpu_ram|sys_cpu_ram|altera_syncram_component|auto_generated|altera_syncram_impl1|address_reg_a[1]                                ;
;     --          ;           ;                                   ;             ; qsys_top_0|rst_controller|r_early_rst~_Duplicate_5                                                                                              ;
;     --          ;           ;                                   ;             ; qsys_top_0|sys_cpu_ram|sys_cpu_ram|altera_syncram_component|auto_generated|altera_syncram_impl1|address_reg_a[2]                                ;
;     --          ;           ;                                   ;             ; qsys_top_0|sys_cpu_ram|sys_cpu_ram|altera_syncram_component|auto_generated|altera_syncram_impl1|decode3|rtl~501                                 ;
;     --          ;           ;                                   ;             ; qsys_top_0|sys_cpu_ram|sys_cpu_ram|altera_syncram_component|auto_generated|altera_syncram_impl1|decode3|rtl~505                                 ;
;     --          ;           ;                                   ;             ; qsys_top_0|sys_cpu_ram|sys_cpu_ram|altera_syncram_component|auto_generated|altera_syncram_impl1|decode3|rtl~228                                 ;
;     --          ;           ;                                   ;             ; qsys_top_0|sys_cpu_ram|sys_cpu_ram|altera_syncram_component|auto_generated|altera_syncram_impl1|decode3|rtl~509                                 ;
;     --          ;           ;                                   ;             ; qsys_top_0|sys_cpu_ram|sys_cpu_ram|altera_syncram_component|auto_generated|altera_syncram_impl1|decode3|rtl~133                                 ;
; long high speed ; left      ; [(120, 88), (131, 95)]            ; 98.246 %    ;    High Routing Fan-Out                                                                                                                         ;
;     --          ;           ;                                   ;             ; qsys_top_0|mm_interconnect_0|sys_cpu_ram_s1_burst_adapter|altera_merlin_burst_adapter_13_1.burst_adapter|int_nxt_addr_reg_dly[10]~_Duplicate_52 ;
;     --          ;           ;                                   ;             ; qsys_top_0|mm_interconnect_0|sys_cpu_ram_s1_burst_adapter|altera_merlin_burst_adapter_13_1.burst_adapter|int_nxt_addr_reg_dly[9]~_Duplicate_46  ;
;     --          ;           ;                                   ;             ; qsys_top_0|mm_interconnect_0|sys_cpu_ram_s1_burst_adapter|altera_merlin_burst_adapter_13_1.burst_adapter|int_nxt_addr_reg_dly[8]~_Duplicate_40  ;
;     --          ;           ;                                   ;             ; qsys_top_0|mm_interconnect_0|sys_cpu_ram_s1_burst_adapter|altera_merlin_burst_adapter_13_1.burst_adapter|int_nxt_addr_reg_dly[7]~_Duplicate_34  ;
;     --          ;           ;                                   ;             ; qsys_top_0|mm_interconnect_0|sys_cpu_ram_s1_burst_adapter|altera_merlin_burst_adapter_13_1.burst_adapter|int_nxt_addr_reg_dly[6]~_Duplicate_28  ;
;     --          ;           ;                                   ;             ; qsys_top_0|mm_interconnect_0|sys_cpu_ram_s1_burst_adapter|altera_merlin_burst_adapter_13_1.burst_adapter|int_nxt_addr_reg_dly[5]~_Duplicate_22  ;
;     --          ;           ;                                   ;             ; qsys_top_0|mm_interconnect_0|sys_cpu_ram_s1_burst_adapter|altera_merlin_burst_adapter_13_1.burst_adapter|int_nxt_addr_reg_dly[4]~_Duplicate_16  ;
;     --          ;           ;                                   ;             ; qsys_top_0|mm_interconnect_0|sys_cpu_ram_s1_burst_adapter|altera_merlin_burst_adapter_13_1.burst_adapter|int_nxt_addr_reg_dly[3]~_Duplicate_10  ;
;     --          ;           ;                                   ;             ; qsys_top_0|mm_interconnect_0|sys_cpu_ram_s1_burst_adapter|altera_merlin_burst_adapter_13_1.burst_adapter|int_nxt_addr_reg_dly[2]~_Duplicate_4   ;
;     --          ;           ;                                   ;             ; qsys_top_0|rst_controller|r_early_rst~_Duplicate                                                                                                ;
; long high speed ; left      ; [(120, 88), (131, 95)]            ; 98.246 %    ;    Long Distance                                                                                                                                ;
;     --          ;           ;                                   ;             ; qsys_top_0|mm_interconnect_0|sys_cpu_ram_s1_burst_adapter|altera_merlin_burst_adapter_13_1.burst_adapter|in_data_reg[13]                        ;
;     --          ;           ;                                   ;             ; qsys_top_0|mm_interconnect_0|sys_cpu_ram_s1_burst_adapter|altera_merlin_burst_adapter_13_1.burst_adapter|in_data_reg[0]                         ;
;     --          ;           ;                                   ;             ; qsys_top_0|mm_interconnect_0|sys_cpu_ram_s1_burst_adapter|altera_merlin_burst_adapter_13_1.burst_adapter|in_data_reg[5]                         ;
;     --          ;           ;                                   ;             ; qsys_top_0|mm_interconnect_0|sys_cpu_ram_s1_burst_adapter|altera_merlin_burst_adapter_13_1.burst_adapter|in_data_reg[4]                         ;
;     --          ;           ;                                   ;             ; qsys_top_0|mm_interconnect_0|sys_cpu_ram_s1_burst_adapter|altera_merlin_burst_adapter_13_1.burst_adapter|in_data_reg[1]                         ;
;     --          ;           ;                                   ;             ; qsys_top_0|mm_interconnect_0|sys_cpu_ram_s1_burst_adapter|altera_merlin_burst_adapter_13_1.burst_adapter|in_data_reg[3]                         ;
;     --          ;           ;                                   ;             ; qsys_top_0|mm_interconnect_0|sys_cpu_ram_s1_burst_adapter|altera_merlin_burst_adapter_13_1.burst_adapter|in_data_reg[2]                         ;
;     --          ;           ;                                   ;             ; qsys_top_0|mm_interconnect_0|sys_cpu_ram_s1_burst_adapter|altera_merlin_burst_adapter_13_1.burst_adapter|in_data_reg[6]                         ;
;     --          ;           ;                                   ;             ; qsys_top_0|mm_interconnect_0|sys_cpu_ram_s1_burst_adapter|altera_merlin_burst_adapter_13_1.burst_adapter|in_data_reg[21]                        ;
;     --          ;           ;                                   ;             ; qsys_top_0|mm_interconnect_0|sys_cpu_ram_s1_burst_adapter|altera_merlin_burst_adapter_13_1.burst_adapter|in_data_reg[19]                        ;
; long high speed ; up        ; [(96, 136), (107, 143)]           ; 100.000 %   ;    High Routing Fan-Out                                                                                                                         ;
;     --          ;           ;                                   ;             ; qsys_top_0|mm_interconnect_0|sys_cpu_ram_s1_agent|m0_read~0                                                                                     ;
;     --          ;           ;                                   ;             ; qsys_top_0|mm_interconnect_0|sys_cpu_ram_s1_burst_adapter|altera_merlin_burst_adapter_13_1.burst_adapter|in_narrow_reg~RTM_3                    ;
;     --          ;           ;                                   ;             ; qsys_top_0|mm_interconnect_0|sys_cpu_ram_s1_burst_adapter|altera_merlin_burst_adapter_13_1.burst_adapter|int_nxt_addr_reg_dly[11]~_Duplicate_58 ;
;     --          ;           ;                                   ;             ; qsys_top_0|mm_interconnect_0|sys_cpu_ram_s1_burst_adapter|altera_merlin_burst_adapter_13_1.burst_adapter|int_nxt_addr_reg_dly[12]~_Duplicate_64 ;
;     --          ;           ;                                   ;             ; qsys_top_0|mm_interconnect_0|sys_cpu_ram_s1_burst_adapter|altera_merlin_burst_adapter_13_1.burst_adapter|int_nxt_addr_reg_dly[2]~_Duplicate_2   ;
;     --          ;           ;                                   ;             ; qsys_top_0|mm_interconnect_0|sys_cpu_ram_s1_burst_adapter|altera_merlin_burst_adapter_13_1.burst_adapter|int_nxt_addr_reg_dly[3]~_Duplicate_8   ;
;     --          ;           ;                                   ;             ; qsys_top_0|mm_interconnect_0|sys_cpu_ram_s1_burst_adapter|altera_merlin_burst_adapter_13_1.burst_adapter|int_nxt_addr_reg_dly[4]~_Duplicate_14  ;
;     --          ;           ;                                   ;             ; qsys_top_0|mm_interconnect_0|sys_cpu_ram_s1_burst_adapter|altera_merlin_burst_adapter_13_1.burst_adapter|int_nxt_addr_reg_dly[5]~_Duplicate_20  ;
;     --          ;           ;                                   ;             ; qsys_top_0|mm_interconnect_0|sys_cpu_ram_s1_burst_adapter|altera_merlin_burst_adapter_13_1.burst_adapter|int_nxt_addr_reg_dly[6]~_Duplicate_26  ;
;     --          ;           ;                                   ;             ; qsys_top_0|mm_interconnect_0|sys_cpu_ram_s1_burst_adapter|altera_merlin_burst_adapter_13_1.burst_adapter|int_nxt_addr_reg_dly[7]~_Duplicate_32  ;
; long high speed ; up        ; [(96, 136), (107, 143)]           ; 100.000 %   ;    Long Distance                                                                                                                                ;
;     --          ;           ;                                   ;             ; qsys_top_0|mm_interconnect_0|sys_cpu_ram_s1_burst_adapter|altera_merlin_burst_adapter_13_1.burst_adapter|in_data_reg[8]                         ;
;     --          ;           ;                                   ;             ; qsys_top_0|mm_interconnect_0|sys_cpu_ram_s1_burst_adapter|altera_merlin_burst_adapter_13_1.burst_adapter|in_data_reg[9]                         ;
;     --          ;           ;                                   ;             ; qsys_top_0|mm_interconnect_0|sys_cpu_ram_s1_burst_adapter|altera_merlin_burst_adapter_13_1.burst_adapter|in_data_reg[10]                        ;
;     --          ;           ;                                   ;             ; qsys_top_0|mm_interconnect_0|sys_cpu_ram_s1_burst_adapter|altera_merlin_burst_adapter_13_1.burst_adapter|in_data_reg[14]                        ;
;     --          ;           ;                                   ;             ; qsys_top_0|mm_interconnect_0|sys_cpu_ram_s1_burst_adapter|altera_merlin_burst_adapter_13_1.burst_adapter|in_data_reg[15]                        ;
;     --          ;           ;                                   ;             ; qsys_top_0|mm_interconnect_0|sys_cpu_ram_s1_burst_adapter|altera_merlin_burst_adapter_13_1.burst_adapter|in_data_reg[12]                        ;
;     --          ;           ;                                   ;             ; qsys_top_0|mm_interconnect_0|sys_cpu_ram_s1_burst_adapter|altera_merlin_burst_adapter_13_1.burst_adapter|in_data_reg[11]                        ;
;     --          ;           ;                                   ;             ; qsys_top_0|mm_interconnect_0|sys_cpu_ram_s1_burst_adapter|altera_merlin_burst_adapter_13_1.burst_adapter|in_narrow_reg~RTM_3                    ;
;     --          ;           ;                                   ;             ; qsys_top_0|mm_interconnect_0|sys_cpu_ram_s1_burst_adapter|altera_merlin_burst_adapter_13_1.burst_adapter|in_data_reg[13]                        ;
;     --          ;           ;                                   ;             ; qsys_top_0|mm_interconnect_0|sys_cpu_ram_s1_burst_adapter|altera_merlin_burst_adapter_13_1.burst_adapter|int_nxt_addr_reg_dly[4]~_Duplicate_14  ;
; long high speed ; down      ; [(156, 128), (167, 135)]          ; 94.048 %    ;    High Routing Fan-Out                                                                                                                         ;
;     --          ;           ;                                   ;             ; qsys_top_0|mm_interconnect_0|sys_cpu_ram_s1_burst_adapter|altera_merlin_burst_adapter_13_1.burst_adapter|int_nxt_addr_reg_dly[12]~_Duplicate_61 ;
;     --          ;           ;                                   ;             ; qsys_top_0|mm_interconnect_0|sys_cpu_ram_s1_burst_adapter|altera_merlin_burst_adapter_13_1.burst_adapter|int_nxt_addr_reg_dly[11]~_Duplicate_55 ;
;     --          ;           ;                                   ;             ; qsys_top_0|mm_interconnect_0|sys_cpu_ram_s1_burst_adapter|altera_merlin_burst_adapter_13_1.burst_adapter|int_nxt_addr_reg_dly[2]~_Duplicate_5   ;
;     --          ;           ;                                   ;             ; qsys_top_0|mm_interconnect_0|sys_cpu_ram_s1_burst_adapter|altera_merlin_burst_adapter_13_1.burst_adapter|int_nxt_addr_reg_dly[3]~_Duplicate_11  ;
;     --          ;           ;                                   ;             ; qsys_top_0|mm_interconnect_0|sys_cpu_ram_s1_burst_adapter|altera_merlin_burst_adapter_13_1.burst_adapter|int_nxt_addr_reg_dly[4]~_Duplicate_17  ;
;     --          ;           ;                                   ;             ; qsys_top_0|mm_interconnect_0|sys_cpu_ram_s1_burst_adapter|altera_merlin_burst_adapter_13_1.burst_adapter|int_nxt_addr_reg_dly[5]~_Duplicate_23  ;
;     --          ;           ;                                   ;             ; qsys_top_0|mm_interconnect_0|sys_cpu_ram_s1_burst_adapter|altera_merlin_burst_adapter_13_1.burst_adapter|int_nxt_addr_reg_dly[6]~_Duplicate_29  ;
;     --          ;           ;                                   ;             ; qsys_top_0|rst_controller|r_early_rst                                                                                                           ;
;     --          ;           ;                                   ;             ; qsys_top_0|mm_interconnect_0|sys_cpu_ram_s1_burst_adapter|altera_merlin_burst_adapter_13_1.burst_adapter|in_data_reg[21]                        ;
;     --          ;           ;                                   ;             ; qsys_top_0|mm_interconnect_0|sys_cpu_ram_s1_burst_adapter|altera_merlin_burst_adapter_13_1.burst_adapter|in_data_reg[22]                        ;
; long high speed ; down      ; [(156, 128), (167, 135)]          ; 94.048 %    ;    Long Distance                                                                                                                                ;
;     --          ;           ;                                   ;             ; qsys_top_0|mm_interconnect_0|sys_cpu_ram_s1_burst_adapter|altera_merlin_burst_adapter_13_1.burst_adapter|in_data_reg[20]                        ;
;     --          ;           ;                                   ;             ; qsys_top_0|mm_interconnect_0|sys_cpu_ram_s1_burst_adapter|altera_merlin_burst_adapter_13_1.burst_adapter|in_data_reg[16]                        ;
;     --          ;           ;                                   ;             ; qsys_top_0|mm_interconnect_0|sys_cpu_ram_s1_burst_adapter|altera_merlin_burst_adapter_13_1.burst_adapter|in_data_reg[19]                        ;
;     --          ;           ;                                   ;             ; qsys_top_0|mm_interconnect_0|sys_cpu_ram_s1_burst_adapter|altera_merlin_burst_adapter_13_1.burst_adapter|in_data_reg[21]                        ;
;     --          ;           ;                                   ;             ; qsys_top_0|mm_interconnect_0|sys_cpu_ram_s1_burst_adapter|altera_merlin_burst_adapter_13_1.burst_adapter|in_data_reg[22]                        ;
;     --          ;           ;                                   ;             ; qsys_top_0|mm_interconnect_0|sys_cpu_ram_s1_burst_adapter|altera_merlin_burst_adapter_13_1.burst_adapter|in_data_reg[23]                        ;
;     --          ;           ;                                   ;             ; qsys_top_0|mm_interconnect_0|sys_cpu_ram_s1_burst_adapter|altera_merlin_burst_adapter_13_1.burst_adapter|in_data_reg[17]                        ;
;     --          ;           ;                                   ;             ; qsys_top_0|mm_interconnect_0|sys_cpu_ram_s1_burst_adapter|altera_merlin_burst_adapter_13_1.burst_adapter|in_data_reg[18]                        ;
;     --          ;           ;                                   ;             ; qsys_top_0|rst_controller|r_early_rst                                                                                                           ;
;     --          ;           ;                                   ;             ; qsys_top_0|mm_interconnect_0|sys_cpu_ram_s1_burst_adapter|altera_merlin_burst_adapter_13_1.burst_adapter|int_nxt_addr_reg_dly[11]~_Duplicate_55 ;
+-----------------+-----------+-----------------------------------+-------------+-------------------------------------------------------------------------------------------------------------------------------------------------+


+------------------------------------------------------------------------------------------------------------------------------------------------------------------------+
; Peak Total Grid Crossings                                                                                                                                              ;
+-------------------------------------------------------------------------------------------------------------------------------------------------+----------------------+
; Net Name                                                                                                                                        ; Total Grid Crossings ;
+-------------------------------------------------------------------------------------------------------------------------------------------------+----------------------+
; qsys_top_0|mm_interconnect_0|sys_cpu_ram_s1_agent|m0_read~0                                                                                     ; 163                  ;
; qsys_top_0|sys_cpu_ram|sys_cpu_ram|altera_syncram_component|auto_generated|altera_syncram_impl1|address_reg_a[1]                                ; 123                  ;
; qsys_top_0|sys_cpu_ram|sys_cpu_ram|altera_syncram_component|auto_generated|altera_syncram_impl1|address_reg_a[3]                                ; 122                  ;
; qsys_top_0|sys_cpu_ram|sys_cpu_ram|altera_syncram_component|auto_generated|altera_syncram_impl1|address_reg_a[2]                                ; 114                  ;
; qsys_top_0|mm_interconnect_0|sys_cpu_ram_s1_burst_adapter|altera_merlin_burst_adapter_13_1.burst_adapter|in_data_reg[11]                        ; 91                   ;
; qsys_top_0|mm_interconnect_0|sys_cpu_ram_s1_burst_adapter|altera_merlin_burst_adapter_13_1.burst_adapter|in_data_reg[8]                         ; 90                   ;
; qsys_top_0|mm_interconnect_0|sys_cpu_ram_s1_burst_adapter|altera_merlin_burst_adapter_13_1.burst_adapter|in_data_reg[15]                        ; 90                   ;
; qsys_top_0|sys_cpu_ram|sys_cpu_ram|altera_syncram_component|auto_generated|altera_syncram_impl1|address_reg_a[5]                                ; 89                   ;
; qsys_top_0|mm_interconnect_0|sys_cpu_ram_s1_burst_adapter|altera_merlin_burst_adapter_13_1.burst_adapter|in_data_reg[14]                        ; 89                   ;
; qsys_top_0|mm_interconnect_0|sys_cpu_ram_s1_burst_adapter|altera_merlin_burst_adapter_13_1.burst_adapter|in_data_reg[10]                        ; 88                   ;
; qsys_top_0|mm_interconnect_0|sys_cpu_ram_s1_burst_adapter|altera_merlin_burst_adapter_13_1.burst_adapter|in_data_reg[12]                        ; 88                   ;
; qsys_top_0|mm_interconnect_0|sys_cpu_ram_s1_burst_adapter|altera_merlin_burst_adapter_13_1.burst_adapter|in_data_reg[9]                         ; 87                   ;
; qsys_top_0|mm_interconnect_0|sys_cpu_ram_s1_burst_adapter|altera_merlin_burst_adapter_13_1.burst_adapter|in_data_reg[13]                        ; 85                   ;
; qsys_top_0|mm_interconnect_0|sys_cpu_ram_s1_burst_adapter|altera_merlin_burst_adapter_13_1.burst_adapter|in_narrow_reg~RTM_3                    ; 82                   ;
; qsys_top_0|mm_interconnect_0|sys_cpu_ram_s1_burst_adapter|altera_merlin_burst_adapter_13_1.burst_adapter|int_nxt_addr_reg_dly[4]                ; 63                   ;
; qsys_top_0|mm_interconnect_0|sys_cpu_ram_s1_burst_adapter|altera_merlin_burst_adapter_13_1.burst_adapter|in_data_reg[7]                         ; 62                   ;
; qsys_top_0|mm_interconnect_0|sys_cpu_ram_s1_burst_adapter|altera_merlin_burst_adapter_13_1.burst_adapter|int_nxt_addr_reg_dly[12]~_Duplicate_62 ; 62                   ;
; qsys_top_0|mm_interconnect_0|sys_cpu_ram_s1_burst_adapter|altera_merlin_burst_adapter_13_1.burst_adapter|int_nxt_addr_reg_dly[11]~_Duplicate_56 ; 58                   ;
; qsys_top_0|mm_interconnect_0|sys_cpu_ram_s1_burst_adapter|altera_merlin_burst_adapter_13_1.burst_adapter|int_nxt_addr_reg_dly[12]~_Duplicate_61 ; 58                   ;
; qsys_top_0|mm_interconnect_0|sys_cpu_ram_s1_burst_adapter|altera_merlin_burst_adapter_13_1.burst_adapter|int_nxt_addr_reg_dly[11]~_Duplicate_55 ; 58                   ;
; qsys_top_0|mm_interconnect_0|sys_cpu_ram_s1_burst_adapter|altera_merlin_burst_adapter_13_1.burst_adapter|int_nxt_addr_reg_dly[7]                ; 57                   ;
; qsys_top_0|mm_interconnect_0|sys_cpu_ram_s1_burst_adapter|altera_merlin_burst_adapter_13_1.burst_adapter|int_nxt_addr_reg_dly[2]                ; 57                   ;
; qsys_top_0|mm_interconnect_0|sys_cpu_ram_s1_burst_adapter|altera_merlin_burst_adapter_13_1.burst_adapter|int_nxt_addr_reg_dly[10]               ; 56                   ;
; qsys_top_0|mm_interconnect_0|sys_cpu_ram_s1_burst_adapter|altera_merlin_burst_adapter_13_1.burst_adapter|int_nxt_addr_reg_dly[6]                ; 56                   ;
; qsys_top_0|mm_interconnect_0|sys_cpu_ram_s1_burst_adapter|altera_merlin_burst_adapter_13_1.burst_adapter|int_nxt_addr_reg_dly[3]                ; 56                   ;
; qsys_top_0|rst_controller|r_early_rst~_Duplicate_4                                                                                              ; 56                   ;
; qsys_top_0|mm_interconnect_0|sys_cpu_ram_s1_burst_adapter|altera_merlin_burst_adapter_13_1.burst_adapter|int_nxt_addr_reg_dly[12]~_Duplicate_65 ; 55                   ;
; qsys_top_0|mm_interconnect_0|sys_cpu_ram_s1_burst_adapter|altera_merlin_burst_adapter_13_1.burst_adapter|int_nxt_addr_reg_dly[11]~_Duplicate_59 ; 55                   ;
; qsys_top_0|mm_interconnect_0|sys_cpu_ram_s1_burst_adapter|altera_merlin_burst_adapter_13_1.burst_adapter|int_nxt_addr_reg_dly[8]                ; 55                   ;
; qsys_top_0|mm_interconnect_0|sys_cpu_ram_s1_burst_adapter|altera_merlin_burst_adapter_13_1.burst_adapter|int_nxt_addr_reg_dly[5]                ; 54                   ;
; qsys_top_0|mm_interconnect_0|sys_cpu_ram_s1_burst_adapter|altera_merlin_burst_adapter_13_1.burst_adapter|in_data_reg[5]                         ; 53                   ;
; qsys_top_0|mm_interconnect_0|sys_cpu_ram_s1_burst_adapter|altera_merlin_burst_adapter_13_1.burst_adapter|in_data_reg[4]                         ; 53                   ;
; qsys_top_0|mm_interconnect_0|sys_cpu_ram_s1_burst_adapter|altera_merlin_burst_adapter_13_1.burst_adapter|in_data_reg[6]                         ; 53                   ;
; qsys_top_0|mm_interconnect_0|sys_cpu_ram_s1_burst_adapter|altera_merlin_burst_adapter_13_1.burst_adapter|in_data_reg[3]                         ; 53                   ;
; qsys_top_0|mm_interconnect_0|sys_cpu_ram_s1_burst_adapter|altera_merlin_burst_adapter_13_1.burst_adapter|in_data_reg[2]                         ; 53                   ;
; qsys_top_0|mm_interconnect_0|sys_cpu_ram_s1_burst_adapter|altera_merlin_burst_adapter_13_1.burst_adapter|in_data_reg[1]                         ; 53                   ;
; qsys_top_0|mm_interconnect_0|sys_cpu_ram_s1_burst_adapter|altera_merlin_burst_adapter_13_1.burst_adapter|int_nxt_addr_reg_dly[7]~_Duplicate     ; 53                   ;
; qsys_top_0|mm_interconnect_0|sys_cpu_ram_s1_burst_adapter|altera_merlin_burst_adapter_13_1.burst_adapter|int_nxt_addr_reg_dly[5]~_Duplicate     ; 53                   ;
; qsys_top_0|mm_interconnect_0|sys_cpu_ram_s1_burst_adapter|altera_merlin_burst_adapter_13_1.burst_adapter|in_data_reg[0]                         ; 53                   ;
; qsys_top_0|mm_interconnect_0|sys_cpu_ram_s1_burst_adapter|altera_merlin_burst_adapter_13_1.burst_adapter|int_nxt_addr_reg_dly[4]~_Duplicate_14  ; 52                   ;
; qsys_top_0|mm_interconnect_0|sys_cpu_ram_s1_burst_adapter|altera_merlin_burst_adapter_13_1.burst_adapter|state.ST_COMP_TRANS~RTM                ; 52                   ;
; qsys_top_0|mm_interconnect_0|sys_cpu_ram_s1_burst_adapter|altera_merlin_burst_adapter_13_1.burst_adapter|int_nxt_addr_reg_dly[5]~_Duplicate_22  ; 52                   ;
; qsys_top_0|mm_interconnect_0|sys_cpu_ram_s1_burst_adapter|altera_merlin_burst_adapter_13_1.burst_adapter|int_nxt_addr_reg_dly[3]~_Duplicate_10  ; 52                   ;
; qsys_top_0|mm_interconnect_0|sys_cpu_ram_s1_burst_adapter|altera_merlin_burst_adapter_13_1.burst_adapter|int_nxt_addr_reg_dly[2]~_Duplicate_4   ; 52                   ;
; qsys_top_0|rst_controller|r_early_rst~_Duplicate_7                                                                                              ; 51                   ;
; qsys_top_0|mm_interconnect_0|sys_cpu_ram_s1_burst_adapter|altera_merlin_burst_adapter_13_1.burst_adapter|int_nxt_addr_reg_dly[10]~_Duplicate_52 ; 51                   ;
; qsys_top_0|mm_interconnect_0|sys_cpu_ram_s1_burst_adapter|altera_merlin_burst_adapter_13_1.burst_adapter|int_nxt_addr_reg_dly[8]~_Duplicate_40  ; 51                   ;
; qsys_top_0|mm_interconnect_0|sys_cpu_ram_s1_burst_adapter|altera_merlin_burst_adapter_13_1.burst_adapter|int_nxt_addr_reg_dly[7]~_Duplicate_34  ; 51                   ;
; qsys_top_0|mm_interconnect_0|sys_cpu_ram_s1_burst_adapter|altera_merlin_burst_adapter_13_1.burst_adapter|in_narrow_reg~RTM_2                    ; 50                   ;
; qsys_top_0|mm_interconnect_0|sys_cpu_ram_s1_burst_adapter|altera_merlin_burst_adapter_13_1.burst_adapter|int_nxt_addr_reg_dly[11]~_Duplicate_60 ; 50                   ;
+-------------------------------------------------------------------------------------------------------------------------------------------------+----------------------+


--------------------------------------------
; Global Router Congestion Hotspot Summary ;
--------------------------------------------
No congestion hotspots found where global router short wire usage exceeded 100%.
If the design is hard to route, use other techniques to analyze congestion. Refer to the Estimated Delay Added for Hold Timing section in the Fitter report and routing utilization in the Chip Planner.


